[{"csr_staged":[],"dec":{"has_imm":true,"imm":80,"is_compressed":false,"opt":69,"rd":0,"rs1":0,"rs2":0,"tgt":2,"use_pc":true},"gpr_staged":[{"index":0,"next":2147483652,"prev":0}],"instr":83886191,"pc":{"pc":2147483648,"pc_next":2147483728}},{"csr_staged":[],"dec":{"has_imm":true,"imm":0,"is_compressed":false,"opt":53,"rd":1,"rs1":0,"rs2":0,"tgt":2,"use_pc":false},"gpr_staged":[{"index":1,"next":0,"prev":0}],"instr":147,"pc":{"pc":2147483728,"pc_next":2147483732}},{"csr_staged":[],"dec":{"has_imm":true,"imm":0,"is_compressed":false,"opt":53,"rd":2,"rs1":0,"rs2":0,"tgt":2,"use_pc":false},"gpr_staged":[{"index":2,"next":0,"prev":0}],"instr":275,"pc":{"pc":2147483732,"pc_next":2147483736}},{"csr_staged":[],"dec":{"has_imm":true,"imm":0,"is_compressed":false,"opt":53,"rd":3,"rs1":0,"rs2":0,"tgt":2,"use_pc":false},"gpr_staged":[{"index":3,"next":0,"prev":0}],"instr":403,"pc":{"pc":2147483736,"pc_next":2147483740}},{"csr_staged":[],"dec":{"has_imm":true,"imm":0,"is_compressed":false,"opt":53,"rd":4,"rs1":0,"rs2":0,"tgt":2,"use_pc":false},"gpr_staged":[{"index":4,"next":0,"prev":0}],"instr":531,"pc":{"pc":2147483740,"pc_next":2147483744}},{"csr_staged":[],"dec":{"has_imm":true,"imm":0,"is_compressed":false,"opt":53,"rd":5,"rs1":0,"rs2":0,"tgt":2,"use_pc":false},"gpr_staged":[{"index":5,"next":0,"prev":0}],"instr":659,"pc":{"pc":2147483744,"pc_next":2147483748}},{"csr_staged":[],"dec":{"has_imm":true,"imm":0,"is_compressed":false,"opt":53,"rd":6,"rs1":0,"rs2":0,"tgt":2,"use_pc":false},"gpr_staged":[{"index":6,"next":0,"prev":0}],"instr":787,"pc":{"pc":2147483748,"pc_next":2147483752}},{"csr_staged":[],"dec":{"has_imm":true,"imm":0,"is_compressed":false,"opt":53,"rd":7,"rs1":0,"rs2":0,"tgt":2,"use_pc":false},"gpr_staged":[{"index":7,"next":0,"prev":0}],"instr":915,"pc":{"pc":2147483752,"pc_next":2147483756}},{"csr_staged":[],"dec":{"has_imm":true,"imm":0,"is_compressed":false,"opt":53,"rd":8,"rs1":0,"rs2":0,"tgt":2,"use_pc":false},"gpr_staged":[{"index":8,"next":0,"prev":0}],"instr":1043,"pc":{"pc":2147483756,"pc_next":2147483760}},{"csr_staged":[],"dec":{"has_imm":true,"imm":0,"is_compressed":false,"opt":53,"rd":9,"rs1":0,"rs2":0,"tgt":2,"use_pc":false},"gpr_staged":[{"index":9,"next":0,"prev":0}],"instr":1171,"pc":{"pc":2147483760,"pc_next":2147483764}},{"csr_staged":[],"dec":{"has_imm":true,"imm":0,"is_compressed":false,"opt":53,"rd":10,"rs1":0,"rs2":0,"tgt":2,"use_pc":false},"gpr_staged":[{"index":10,"next":0,"prev":0}],"instr":1299,"pc":{"pc":2147483764,"pc_next":2147483768}},{"csr_staged":[],"dec":{"has_imm":true,"imm":0,"is_compressed":false,"opt":53,"rd":11,"rs1":0,"rs2":0,"tgt":2,"use_pc":false},"gpr_staged":[{"index":11,"next":0,"prev":0}],"instr":1427,"pc":{"pc":2147483768,"pc_next":2147483772}},{"csr_staged":[],"dec":{"has_imm":true,"imm":0,"is_compressed":false,"opt":53,"rd":12,"rs1":0,"rs2":0,"tgt":2,"use_pc":false},"gpr_staged":[{"index":12,"next":0,"prev":0}],"instr":1555,"pc":{"pc":2147483772,"pc_next":2147483776}},{"csr_staged":[],"dec":{"has_imm":true,"imm":0,"is_compressed":false,"opt":53,"rd":13,"rs1":0,"rs2":0,"tgt":2,"use_pc":false},"gpr_staged":[{"index":13,"next":0,"prev":0}],"instr":1683,"pc":{"pc":2147483776,"pc_next":2147483780}},{"csr_staged":[],"dec":{"has_imm":true,"imm":0,"is_compressed":false,"opt":53,"rd":14,"rs1":0,"rs2":0,"tgt":2,"use_pc":false},"gpr_staged":[{"index":14,"next":0,"prev":0}],"instr":1811,"pc":{"pc":2147483780,"pc_next":2147483784}},{"csr_staged":[],"dec":{"has_imm":true,"imm":0,"is_compressed":false,"opt":53,"rd":15,"rs1":0,"rs2":0,"tgt":2,"use_pc":false},"gpr_staged":[{"index":15,"next":0,"prev":0}],"instr":1939,"pc":{"pc":2147483784,"pc_next":2147483788}},{"csr_staged":[],"dec":{"has_imm":true,"imm":0,"is_compressed":false,"opt":53,"rd":16,"rs1":0,"rs2":0,"tgt":2,"use_pc":false},"gpr_staged":[{"index":16,"next":0,"prev":0}],"instr":2067,"pc":{"pc":2147483788,"pc_next":2147483792}},{"csr_staged":[],"dec":{"has_imm":true,"imm":0,"is_compressed":false,"opt":53,"rd":17,"rs1":0,"rs2":0,"tgt":2,"use_pc":false},"gpr_staged":[{"index":17,"next":0,"prev":0}],"instr":2195,"pc":{"pc":2147483792,"pc_next":2147483796}},{"csr_staged":[],"dec":{"has_imm":true,"imm":0,"is_compressed":false,"opt":53,"rd":18,"rs1":0,"rs2":0,"tgt":2,"use_pc":false},"gpr_staged":[{"index":18,"next":0,"prev":0}],"instr":2323,"pc":{"pc":2147483796,"pc_next":2147483800}},{"csr_staged":[],"dec":{"has_imm":true,"imm":0,"is_compressed":false,"opt":53,"rd":19,"rs1":0,"rs2":0,"tgt":2,"use_pc":false},"gpr_staged":[{"index":19,"next":0,"prev":0}],"instr":2451,"pc":{"pc":2147483800,"pc_next":2147483804}},{"csr_staged":[],"dec":{"has_imm":true,"imm":0,"is_compressed":false,"opt":53,"rd":20,"rs1":0,"rs2":0,"tgt":2,"use_pc":false},"gpr_staged":[{"index":20,"next":0,"prev":0}],"instr":2579,"pc":{"pc":2147483804,"pc_next":2147483808}},{"csr_staged":[],"dec":{"has_imm":true,"imm":0,"is_compressed":false,"opt":53,"rd":21,"rs1":0,"rs2":0,"tgt":2,"use_pc":false},"gpr_staged":[{"index":21,"next":0,"prev":0}],"instr":2707,"pc":{"pc":2147483808,"pc_next":2147483812}},{"csr_staged":[],"dec":{"has_imm":true,"imm":0,"is_compressed":false,"opt":53,"rd":22,"rs1":0,"rs2":0,"tgt":2,"use_pc":false},"gpr_staged":[{"index":22,"next":0,"prev":0}],"instr":2835,"pc":{"pc":2147483812,"pc_next":2147483816}},{"csr_staged":[],"dec":{"has_imm":true,"imm":0,"is_compressed":false,"opt":53,"rd":23,"rs1":0,"rs2":0,"tgt":2,"use_pc":false},"gpr_staged":[{"index":23,"next":0,"prev":0}],"instr":2963,"pc":{"pc":2147483816,"pc_next":2147483820}},{"csr_staged":[],"dec":{"has_imm":true,"imm":0,"is_compressed":false,"opt":53,"rd":24,"rs1":0,"rs2":0,"tgt":2,"use_pc":false},"gpr_staged":[{"index":24,"next":0,"prev":0}],"instr":3091,"pc":{"pc":2147483820,"pc_next":2147483824}},{"csr_staged":[],"dec":{"has_imm":true,"imm":0,"is_compressed":false,"opt":53,"rd":25,"rs1":0,"rs2":0,"tgt":2,"use_pc":false},"gpr_staged":[{"index":25,"next":0,"prev":0}],"instr":3219,"pc":{"pc":2147483824,"pc_next":2147483828}},{"csr_staged":[],"dec":{"has_imm":true,"imm":0,"is_compressed":false,"opt":53,"rd":26,"rs1":0,"rs2":0,"tgt":2,"use_pc":false},"gpr_staged":[{"index":26,"next":0,"prev":0}],"instr":3347,"pc":{"pc":2147483828,"pc_next":2147483832}},{"csr_staged":[],"dec":{"has_imm":true,"imm":0,"is_compressed":false,"opt":53,"rd":27,"rs1":0,"rs2":0,"tgt":2,"use_pc":false},"gpr_staged":[{"index":27,"next":0,"prev":0}],"instr":3475,"pc":{"pc":2147483832,"pc_next":2147483836}},{"csr_staged":[],"dec":{"has_imm":true,"imm":0,"is_compressed":false,"opt":53,"rd":28,"rs1":0,"rs2":0,"tgt":2,"use_pc":false},"gpr_staged":[{"index":28,"next":0,"prev":0}],"instr":3603,"pc":{"pc":2147483836,"pc_next":2147483840}},{"csr_staged":[],"dec":{"has_imm":true,"imm":0,"is_compressed":false,"opt":53,"rd":29,"rs1":0,"rs2":0,"tgt":2,"use_pc":false},"gpr_staged":[{"index":29,"next":0,"prev":0}],"instr":3731,"pc":{"pc":2147483840,"pc_next":2147483844}},{"csr_staged":[],"dec":{"has_imm":true,"imm":0,"is_compressed":false,"opt":53,"rd":30,"rs1":0,"rs2":0,"tgt":2,"use_pc":false},"gpr_staged":[{"index":30,"next":0,"prev":0}],"instr":3859,"pc":{"pc":2147483844,"pc_next":2147483848}},{"csr_staged":[],"dec":{"has_imm":true,"imm":0,"is_compressed":false,"opt":53,"rd":31,"rs1":0,"rs2":0,"tgt":2,"use_pc":false},"gpr_staged":[{"index":31,"next":0,"prev":0}],"instr":3987,"pc":{"pc":2147483848,"pc_next":2147483852}},{"csr_staged":[],"dec":{"has_imm":true,"imm":3860,"is_compressed":false,"opt":3,"rd":10,"rs1":0,"rs2":0,"tgt":4,"use_pc":false},"gpr_staged":[{"index":10,"next":0,"prev":0}],"instr":4047512947,"pc":{"pc":2147483852,"pc_next":2147483856}},{"csr_staged":[],"dec":{"has_imm":true,"imm":0,"is_compressed":false,"opt":21,"rd":0,"rs1":10,"rs2":0,"tgt":3,"use_pc":false},"gpr_staged":[],"instr":331875,"pc":{"pc":2147483856,"pc_next":2147483860}},{"csr_staged":[],"dec":{"has_imm":true,"imm":0,"is_compressed":false,"opt":68,"rd":5,"rs1":0,"rs2":0,"tgt":2,"use_pc":true},"gpr_staged":[{"index":5,"next":2147483860,"prev":0}],"instr":663,"pc":{"pc":2147483860,"pc_next":2147483864}},{"csr_staged":[],"dec":{"has_imm":true,"imm":16,"is_compressed":false,"opt":53,"rd":5,"rs1":5,"rs2":0,"tgt":2,"use_pc":false},"gpr_staged":[{"index":5,"next":2147483876,"prev":2147483860}],"instr":16941715,"pc":{"pc":2147483864,"pc_next":2147483868}},{"csr_staged":[{"index":773,"next":2147483876,"prev":0}],"dec":{"has_imm":true,"imm":773,"is_compressed":false,"opt":2,"rd":0,"rs1":5,"rs2":0,"tgt":4,"use_pc":false},"gpr_staged":[{"index":0,"next":0,"prev":0}],"instr":810717299,"pc":{"pc":2147483868,"pc_next":2147483872}},{"csr_staged":[{"index":1860,"next":8,"prev":0}],"dec":{"has_imm":true,"imm":1860,"is_compressed":false,"opt":6,"rd":0,"rs1":8,"rs2":0,"tgt":4,"use_pc":false},"gpr_staged":[{"index":0,"next":0,"prev":0}],"instr":1950634099,"pc":{"pc":2147483872,"pc_next":2147483876}},{"csr_staged":[],"dec":{"has_imm":true,"imm":0,"is_compressed":false,"opt":68,"rd":5,"rs1":0,"rs2":0,"tgt":2,"use_pc":true},"gpr_staged":[{"index":5,"next":2147483876,"prev":2147483876}],"instr":663,"pc":{"pc":2147483876,"pc_next":2147483880}},{"csr_staged":[],"dec":{"has_imm":true,"imm":16,"is_compressed":false,"opt":53,"rd":5,"rs1":5,"rs2":0,"tgt":2,"use_pc":false},"gpr_staged":[{"index":5,"next":2147483892,"prev":2147483876}],"instr":16941715,"pc":{"pc":2147483880,"pc_next":2147483884}},{"csr_staged":[{"index":773,"next":2147483892,"prev":2147483876}],"dec":{"has_imm":true,"imm":773,"is_compressed":false,"opt":2,"rd":0,"rs1":5,"rs2":0,"tgt":4,"use_pc":false},"gpr_staged":[{"index":0,"next":2147483876,"prev":0}],"instr":810717299,"pc":{"pc":2147483884,"pc_next":2147483888}},{"csr_staged":[{"index":384,"next":0,"prev":0}],"dec":{"has_imm":true,"imm":384,"is_compressed":false,"opt":6,"rd":0,"rs1":0,"rs2":0,"tgt":4,"use_pc":false},"gpr_staged":[{"index":0,"next":0,"prev":0}],"instr":402673779,"pc":{"pc":2147483888,"pc_next":2147483892}},{"csr_staged":[],"dec":{"has_imm":true,"imm":0,"is_compressed":false,"opt":68,"rd":5,"rs1":0,"rs2":0,"tgt":2,"use_pc":true},"gpr_staged":[{"index":5,"next":2147483892,"prev":2147483892}],"instr":663,"pc":{"pc":2147483892,"pc_next":2147483896}},{"csr_staged":[],"dec":{"has_imm":true,"imm":32,"is_compressed":false,"opt":53,"rd":5,"rs1":5,"rs2":0,"tgt":2,"use_pc":false},"gpr_staged":[{"index":5,"next":2147483924,"prev":2147483892}],"instr":33718931,"pc":{"pc":2147483896,"pc_next":2147483900}},{"csr_staged":[{"index":773,"next":2147483924,"prev":2147483892}],"dec":{"has_imm":true,"imm":773,"is_compressed":false,"opt":2,"rd":0,"rs1":5,"rs2":0,"tgt":4,"use_pc":false},"gpr_staged":[{"index":0,"next":2147483892,"prev":0}],"instr":810717299,"pc":{"pc":2147483900,"pc_next":2147483904}},{"csr_staged":[],"dec":{"has_imm":true,"imm":2147483648,"is_compressed":false,"opt":53,"rd":5,"rs1":0,"rs2":0,"tgt":2,"use_pc":false},"gpr_staged":[{"index":5,"next":2147483648,"prev":2147483924}],"instr":2147484343,"pc":{"pc":2147483904,"pc_next":2147483908}},{"csr_staged":[],"dec":{"has_imm":true,"imm":4294967295,"is_compressed":false,"opt":53,"rd":5,"rs1":5,"rs2":0,"tgt":2,"use_pc":false},"gpr_staged":[{"index":5,"next":2147483647,"prev":2147483648}],"instr":4294083219,"pc":{"pc":2147483908,"pc_next":2147483912}},{"csr_staged":[{"index":944,"next":2147483647,"prev":0}],"dec":{"has_imm":true,"imm":944,"is_compressed":false,"opt":2,"rd":0,"rs1":5,"rs2":0,"tgt":4,"use_pc":false},"gpr_staged":[{"index":0,"next":0,"prev":0}],"instr":990023795,"pc":{"pc":2147483912,"pc_next":2147483916}},{"csr_staged":[],"dec":{"has_imm":true,"imm":31,"is_compressed":false,"opt":53,"rd":5,"rs1":0,"rs2":0,"tgt":2,"use_pc":false},"gpr_staged":[{"index":5,"next":31,"prev":2147483647}],"instr":32506515,"pc":{"pc":2147483916,"pc_next":2147483920}},{"csr_staged":[{"index":928,"next":31,"prev":0}],"dec":{"has_imm":true,"imm":928,"is_compressed":false,"opt":2,"rd":0,"rs1":5,"rs2":0,"tgt":4,"use_pc":false},"gpr_staged":[{"index":0,"next":0,"prev":0}],"instr":973246579,"pc":{"pc":2147483920,"pc_next":2147483924}},{"csr_staged":[{"index":772,"next":0,"prev":0}],"dec":{"has_imm":true,"imm":772,"is_compressed":false,"opt":6,"rd":0,"rs1":0,"rs2":0,"tgt":4,"use_pc":false},"gpr_staged":[{"index":0,"next":0,"prev":0}],"instr":809521267,"pc":{"pc":2147483924,"pc_next":2147483928}},{"csr_staged":[],"dec":{"has_imm":true,"imm":0,"is_compressed":false,"opt":68,"rd":5,"rs1":0,"rs2":0,"tgt":2,"use_pc":true},"gpr_staged":[{"index":5,"next":2147483928,"prev":31}],"instr":663,"pc":{"pc":2147483928,"pc_next":2147483932}},{"csr_staged":[],"dec":{"has_imm":true,"imm":20,"is_compressed":false,"opt":53,"rd":5,"rs1":5,"rs2":0,"tgt":2,"use_pc":false},"gpr_staged":[{"index":5,"next":2147483948,"prev":2147483928}],"instr":21136019,"pc":{"pc":2147483932,"pc_next":2147483936}},{"csr_staged":[{"index":773,"next":2147483948,"prev":2147483924}],"dec":{"has_imm":true,"imm":773,"is_compressed":false,"opt":2,"rd":0,"rs1":5,"rs2":0,"tgt":4,"use_pc":false},"gpr_staged":[{"index":0,"next":2147483924,"prev":0}],"instr":810717299,"pc":{"pc":2147483936,"pc_next":2147483940}},{"csr_staged":[{"index":770,"next":0,"prev":0}],"dec":{"has_imm":true,"imm":770,"is_compressed":false,"opt":6,"rd":0,"rs1":0,"rs2":0,"tgt":4,"use_pc":false},"gpr_staged":[{"index":0,"next":0,"prev":0}],"instr":807424115,"pc":{"pc":2147483940,"pc_next":2147483944}},{"csr_staged":[{"index":771,"next":0,"prev":0}],"dec":{"has_imm":true,"imm":771,"is_compressed":false,"opt":6,"rd":0,"rs1":0,"rs2":0,"tgt":4,"use_pc":false},"gpr_staged":[{"index":0,"next":0,"prev":0}],"instr":808472691,"pc":{"pc":2147483944,"pc_next":2147483948}},{"csr_staged":[],"dec":{"has_imm":true,"imm":0,"is_compressed":false,"opt":53,"rd":3,"rs1":0,"rs2":0,"tgt":2,"use_pc":false},"gpr_staged":[{"index":3,"next":0,"prev":0}],"instr":403,"pc":{"pc":2147483948,"pc_next":2147483952}},{"csr_staged":[],"dec":{"has_imm":true,"imm":0,"is_compressed":false,"opt":68,"rd":5,"rs1":0,"rs2":0,"tgt":2,"use_pc":true},"gpr_staged":[{"index":5,"next":2147483952,"prev":2147483948}],"instr":663,"pc":{"pc":2147483952,"pc_next":2147483956}},{"csr_staged":[],"dec":{"has_imm":true,"imm":4294966996,"is_compressed":false,"opt":53,"rd":5,"rs1":5,"rs2":0,"tgt":2,"use_pc":false},"gpr_staged":[{"index":5,"next":2147483652,"prev":2147483952}],"instr":3980558995,"pc":{"pc":2147483956,"pc_next":2147483960}},{"csr_staged":[{"index":773,"next":2147483652,"prev":2147483948}],"dec":{"has_imm":true,"imm":773,"is_compressed":false,"opt":2,"rd":0,"rs1":5,"rs2":0,"tgt":4,"use_pc":false},"gpr_staged":[{"index":0,"next":2147483948,"prev":0}],"instr":810717299,"pc":{"pc":2147483960,"pc_next":2147483964}},{"csr_staged":[],"dec":{"has_imm":true,"imm":1,"is_compressed":false,"opt":53,"rd":10,"rs1":0,"rs2":0,"tgt":2,"use_pc":false},"gpr_staged":[{"index":10,"next":1,"prev":0}],"instr":1049875,"pc":{"pc":2147483964,"pc_next":2147483968}},{"csr_staged":[],"dec":{"has_imm":true,"imm":31,"is_compressed":false,"opt":55,"rd":10,"rs1":10,"rs2":0,"tgt":2,"use_pc":false},"gpr_staged":[{"index":10,"next":2147483648,"prev":1}],"instr":32838931,"pc":{"pc":2147483968,"pc_next":2147483972}},{"csr_staged":[],"dec":{"has_imm":true,"imm":24,"is_compressed":false,"opt":24,"rd":0,"rs1":10,"rs2":0,"tgt":3,"use_pc":false},"gpr_staged":[],"instr":347235,"pc":{"pc":2147483972,"pc_next":2147483996}},{"csr_staged":[],"dec":{"has_imm":true,"imm":0,"is_compressed":false,"opt":53,"rd":5,"rs1":0,"rs2":0,"tgt":2,"use_pc":false},"gpr_staged":[{"index":5,"next":0,"prev":2147483652}],"instr":659,"pc":{"pc":2147483996,"pc_next":2147484000}},{"csr_staged":[],"dec":{"has_imm":true,"imm":20,"is_compressed":false,"opt":20,"rd":0,"rs1":5,"rs2":0,"tgt":3,"use_pc":false},"gpr_staged":[],"instr":166499,"pc":{"pc":2147484000,"pc_next":2147484020}},{"csr_staged":[{"index":768,"next":0,"prev":0}],"dec":{"has_imm":true,"imm":768,"is_compressed":false,"opt":6,"rd":0,"rs1":0,"rs2":0,"tgt":4,"use_pc":false},"gpr_staged":[{"index":0,"next":0,"prev":0}],"instr":805326963,"pc":{"pc":2147484020,"pc_next":2147484024}},{"csr_staged":[],"dec":{"has_imm":true,"imm":0,"is_compressed":false,"opt":68,"rd":5,"rs1":0,"rs2":0,"tgt":2,"use_pc":true},"gpr_staged":[{"index":5,"next":2147484024,"prev":0}],"instr":663,"pc":{"pc":2147484024,"pc_next":2147484028}},{"csr_staged":[],"dec":{"has_imm":true,"imm":20,"is_compressed":false,"opt":53,"rd":5,"rs1":5,"rs2":0,"tgt":2,"use_pc":false},"gpr_staged":[{"index":5,"next":2147484044,"prev":2147484024}],"instr":21136019,"pc":{"pc":2147484028,"pc_next":2147484032}},{"csr_staged":[{"index":833,"next":2147484044,"prev":0}],"dec":{"has_imm":true,"imm":833,"is_compressed":false,"opt":2,"rd":0,"rs1":5,"rs2":0,"tgt":4,"use_pc":false},"gpr_staged":[{"index":0,"next":0,"prev":0}],"instr":873631859,"pc":{"pc":2147484032,"pc_next":2147484036}},{"csr_staged":[],"dec":{"has_imm":true,"imm":3860,"is_compressed":false,"opt":3,"rd":10,"rs1":0,"rs2":0,"tgt":4,"use_pc":false},"gpr_staged":[{"index":10,"next":0,"prev":2147483648}],"instr":4047512947,"pc":{"pc":2147484036,"pc_next":2147484040}},{"csr_staged":[{"index":768,"next":6272,"prev":0}],"dec":{"has_imm":false,"imm":0,"is_compressed":false,"opt":0,"rd":0,"rs1":0,"rs2":0,"tgt":5,"use_pc":false},"gpr_staged":[],"instr":807403635,"pc":{"pc":2147484040,"pc_next":2147484044}},{"csr_staged":[],"dec":{"has_imm":true,"imm":2,"is_compressed":false,"opt":53,"rd":3,"rs1":0,"rs2":0,"tgt":2,"use_pc":false},"gpr_staged":[{"index":3,"next":2,"prev":0}],"instr":2097555,"pc":{"pc":2147484044,"pc_next":2147484048}},{"csr_staged":[],"dec":{"has_imm":true,"imm":0,"is_compressed":false,"opt":53,"rd":1,"rs1":0,"rs2":0,"tgt":2,"use_pc":false},"gpr_staged":[{"index":1,"next":0,"prev":0}],"instr":147,"pc":{"pc":2147484048,"pc_next":2147484052}},{"csr_staged":[],"dec":{"has_imm":true,"imm":1,"is_compressed":false,"opt":53,"rd":2,"rs1":0,"rs2":0,"tgt":2,"use_pc":false},"gpr_staged":[{"index":2,"next":1,"prev":0}],"instr":1048851,"pc":{"pc":2147484052,"pc_next":2147484056}},{"csr_staged":[],"dec":{"has_imm":true,"imm":12,"is_compressed":false,"opt":24,"rd":0,"rs1":1,"rs2":2,"tgt":3,"use_pc":false},"gpr_staged":[],"instr":2147939,"pc":{"pc":2147484056,"pc_next":2147484068}},{"csr_staged":[],"dec":{"has_imm":true,"imm":4294967292,"is_compressed":false,"opt":24,"rd":0,"rs1":1,"rs2":2,"tgt":3,"use_pc":false},"gpr_staged":[],"instr":4263562979,"pc":{"pc":2147484068,"pc_next":2147484064}},{"csr_staged":[],"dec":{"has_imm":true,"imm":12,"is_compressed":false,"opt":21,"rd":0,"rs1":0,"rs2":3,"tgt":3,"use_pc":false},"gpr_staged":[],"instr":3151459,"pc":{"pc":2147484064,"pc_next":2147484076}},{"csr_staged":[],"dec":{"has_imm":true,"imm":3,"is_compressed":false,"opt":53,"rd":3,"rs1":0,"rs2":0,"tgt":2,"use_pc":false},"gpr_staged":[{"index":3,"next":3,"prev":2}],"instr":3146131,"pc":{"pc":2147484076,"pc_next":2147484080}},{"csr_staged":[],"dec":{"has_imm":true,"imm":4294967295,"is_compressed":false,"opt":53,"rd":1,"rs1":0,"rs2":0,"tgt":2,"use_pc":false},"gpr_staged":[{"index":1,"next":4294967295,"prev":0}],"instr":4293918867,"pc":{"pc":2147484080,"pc_next":2147484084}},{"csr_staged":[],"dec":{"has_imm":true,"imm":1,"is_compressed":false,"opt":53,"rd":2,"rs1":0,"rs2":0,"tgt":2,"use_pc":false},"gpr_staged":[{"index":2,"next":1,"prev":1}],"instr":1048851,"pc":{"pc":2147484084,"pc_next":2147484088}},{"csr_staged":[],"dec":{"has_imm":true,"imm":12,"is_compressed":false,"opt":24,"rd":0,"rs1":1,"rs2":2,"tgt":3,"use_pc":false},"gpr_staged":[],"instr":2147939,"pc":{"pc":2147484088,"pc_next":2147484100}},{"csr_staged":[],"dec":{"has_imm":true,"imm":4294967292,"is_compressed":false,"opt":24,"rd":0,"rs1":1,"rs2":2,"tgt":3,"use_pc":false},"gpr_staged":[],"instr":4263562979,"pc":{"pc":2147484100,"pc_next":2147484096}},{"csr_staged":[],"dec":{"has_imm":true,"imm":12,"is_compressed":false,"opt":21,"rd":0,"rs1":0,"rs2":3,"tgt":3,"use_pc":false},"gpr_staged":[],"instr":3151459,"pc":{"pc":2147484096,"pc_next":2147484108}},{"csr_staged":[],"dec":{"has_imm":true,"imm":4,"is_compressed":false,"opt":53,"rd":3,"rs1":0,"rs2":0,"tgt":2,"use_pc":false},"gpr_staged":[{"index":3,"next":4,"prev":3}],"instr":4194707,"pc":{"pc":2147484108,"pc_next":2147484112}},{"csr_staged":[],"dec":{"has_imm":true,"imm":4294967294,"is_compressed":false,"opt":53,"rd":1,"rs1":0,"rs2":0,"tgt":2,"use_pc":false},"gpr_staged":[{"index":1,"next":4294967294,"prev":4294967295}],"instr":4292870291,"pc":{"pc":2147484112,"pc_next":2147484116}},{"csr_staged":[],"dec":{"has_imm":true,"imm":4294967295,"is_compressed":false,"opt":53,"rd":2,"rs1":0,"rs2":0,"tgt":2,"use_pc":false},"gpr_staged":[{"index":2,"next":4294967295,"prev":1}],"instr":4293918995,"pc":{"pc":2147484116,"pc_next":2147484120}},{"csr_staged":[],"dec":{"has_imm":true,"imm":12,"is_compressed":false,"opt":24,"rd":0,"rs1":1,"rs2":2,"tgt":3,"use_pc":false},"gpr_staged":[],"instr":2147939,"pc":{"pc":2147484120,"pc_next":2147484132}},{"csr_staged":[],"dec":{"has_imm":true,"imm":4294967292,"is_compressed":false,"opt":24,"rd":0,"rs1":1,"rs2":2,"tgt":3,"use_pc":false},"gpr_staged":[],"instr":4263562979,"pc":{"pc":2147484132,"pc_next":2147484128}},{"csr_staged":[],"dec":{"has_imm":true,"imm":12,"is_compressed":false,"opt":21,"rd":0,"rs1":0,"rs2":3,"tgt":3,"use_pc":false},"gpr_staged":[],"instr":3151459,"pc":{"pc":2147484128,"pc_next":2147484140}},{"csr_staged":[],"dec":{"has_imm":true,"imm":5,"is_compressed":false,"opt":53,"rd":3,"rs1":0,"rs2":0,"tgt":2,"use_pc":false},"gpr_staged":[{"index":3,"next":5,"prev":4}],"instr":5243283,"pc":{"pc":2147484140,"pc_next":2147484144}},{"csr_staged":[],"dec":{"has_imm":true,"imm":1,"is_compressed":false,"opt":53,"rd":1,"rs1":0,"rs2":0,"tgt":2,"use_pc":false},"gpr_staged":[{"index":1,"next":1,"prev":4294967294}],"instr":1048723,"pc":{"pc":2147484144,"pc_next":2147484148}},{"csr_staged":[],"dec":{"has_imm":true,"imm":0,"is_compressed":false,"opt":53,"rd":2,"rs1":0,"rs2":0,"tgt":2,"use_pc":false},"gpr_staged":[{"index":2,"next":0,"prev":4294967295}],"instr":275,"pc":{"pc":2147484148,"pc_next":2147484152}},{"csr_staged":[],"dec":{"has_imm":true,"imm":8,"is_compressed":false,"opt":24,"rd":0,"rs1":1,"rs2":2,"tgt":3,"use_pc":false},"gpr_staged":[],"instr":2147427,"pc":{"pc":2147484152,"pc_next":2147484156}},{"csr_staged":[],"dec":{"has_imm":true,"imm":8,"is_compressed":false,"opt":21,"rd":0,"rs1":0,"rs2":3,"tgt":3,"use_pc":false},"gpr_staged":[],"instr":3150947,"pc":{"pc":2147484156,"pc_next":2147484164}},{"csr_staged":[],"dec":{"has_imm":true,"imm":4294967292,"is_compressed":false,"opt":24,"rd":0,"rs1":1,"rs2":2,"tgt":3,"use_pc":false},"gpr_staged":[],"instr":4263562979,"pc":{"pc":2147484164,"pc_next":2147484168}},{"csr_staged":[],"dec":{"has_imm":true,"imm":6,"is_compressed":false,"opt":53,"rd":3,"rs1":0,"rs2":0,"tgt":2,"use_pc":false},"gpr_staged":[{"index":3,"next":6,"prev":5}],"instr":6291859,"pc":{"pc":2147484168,"pc_next":2147484172}},{"csr_staged":[],"dec":{"has_imm":true,"imm":1,"is_compressed":false,"opt":53,"rd":1,"rs1":0,"rs2":0,"tgt":2,"use_pc":false},"gpr_staged":[{"index":1,"next":1,"prev":1}],"instr":1048723,"pc":{"pc":2147484172,"pc_next":2147484176}},{"csr_staged":[],"dec":{"has_imm":true,"imm":4294967295,"is_compressed":false,"opt":53,"rd":2,"rs1":0,"rs2":0,"tgt":2,"use_pc":false},"gpr_staged":[{"index":2,"next":4294967295,"prev":0}],"instr":4293918995,"pc":{"pc":2147484176,"pc_next":2147484180}},{"csr_staged":[],"dec":{"has_imm":true,"imm":8,"is_compressed":false,"opt":24,"rd":0,"rs1":1,"rs2":2,"tgt":3,"use_pc":false},"gpr_staged":[],"instr":2147427,"pc":{"pc":2147484180,"pc_next":2147484184}},{"csr_staged":[],"dec":{"has_imm":true,"imm":8,"is_compressed":false,"opt":21,"rd":0,"rs1":0,"rs2":3,"tgt":3,"use_pc":false},"gpr_staged":[],"instr":3150947,"pc":{"pc":2147484184,"pc_next":2147484192}},{"csr_staged":[],"dec":{"has_imm":true,"imm":4294967292,"is_compressed":false,"opt":24,"rd":0,"rs1":1,"rs2":2,"tgt":3,"use_pc":false},"gpr_staged":[],"instr":4263562979,"pc":{"pc":2147484192,"pc_next":2147484196}},{"csr_staged":[],"dec":{"has_imm":true,"imm":7,"is_compressed":false,"opt":53,"rd":3,"rs1":0,"rs2":0,"tgt":2,"use_pc":false},"gpr_staged":[{"index":3,"next":7,"prev":6}],"instr":7340435,"pc":{"pc":2147484196,"pc_next":2147484200}},{"csr_staged":[],"dec":{"has_imm":true,"imm":4294967295,"is_compressed":false,"opt":53,"rd":1,"rs1":0,"rs2":0,"tgt":2,"use_pc":false},"gpr_staged":[{"index":1,"next":4294967295,"prev":1}],"instr":4293918867,"pc":{"pc":2147484200,"pc_next":2147484204}},{"csr_staged":[],"dec":{"has_imm":true,"imm":4294967294,"is_compressed":false,"opt":53,"rd":2,"rs1":0,"rs2":0,"tgt":2,"use_pc":false},"gpr_staged":[{"index":2,"next":4294967294,"prev":4294967295}],"instr":4292870419,"pc":{"pc":2147484204,"pc_next":2147484208}},{"csr_staged":[],"dec":{"has_imm":true,"imm":8,"is_compressed":false,"opt":24,"rd":0,"rs1":1,"rs2":2,"tgt":3,"use_pc":false},"gpr_staged":[],"instr":2147427,"pc":{"pc":2147484208,"pc_next":2147484212}},{"csr_staged":[],"dec":{"has_imm":true,"imm":8,"is_compressed":false,"opt":21,"rd":0,"rs1":0,"rs2":3,"tgt":3,"use_pc":false},"gpr_staged":[],"instr":3150947,"pc":{"pc":2147484212,"pc_next":2147484220}},{"csr_staged":[],"dec":{"has_imm":true,"imm":4294967292,"is_compressed":false,"opt":24,"rd":0,"rs1":1,"rs2":2,"tgt":3,"use_pc":false},"gpr_staged":[],"instr":4263562979,"pc":{"pc":2147484220,"pc_next":2147484224}},{"csr_staged":[],"dec":{"has_imm":true,"imm":8,"is_compressed":false,"opt":53,"rd":3,"rs1":0,"rs2":0,"tgt":2,"use_pc":false},"gpr_staged":[{"index":3,"next":8,"prev":7}],"instr":8389011,"pc":{"pc":2147484224,"pc_next":2147484228}},{"csr_staged":[],"dec":{"has_imm":true,"imm":1,"is_compressed":false,"opt":53,"rd":1,"rs1":0,"rs2":0,"tgt":2,"use_pc":false},"gpr_staged":[{"index":1,"next":1,"prev":4294967295}],"instr":1048723,"pc":{"pc":2147484228,"pc_next":2147484232}},{"csr_staged":[],"dec":{"has_imm":true,"imm":4294967294,"is_compressed":false,"opt":53,"rd":2,"rs1":0,"rs2":0,"tgt":2,"use_pc":false},"gpr_staged":[{"index":2,"next":4294967294,"prev":4294967294}],"instr":4292870419,"pc":{"pc":2147484232,"pc_next":2147484236}},{"csr_staged":[],"dec":{"has_imm":true,"imm":8,"is_compressed":false,"opt":24,"rd":0,"rs1":1,"rs2":2,"tgt":3,"use_pc":false},"gpr_staged":[],"instr":2147427,"pc":{"pc":2147484236,"pc_next":2147484240}},{"csr_staged":[],"dec":{"has_imm":true,"imm":8,"is_compressed":false,"opt":21,"rd":0,"rs1":0,"rs2":3,"tgt":3,"use_pc":false},"gpr_staged":[],"instr":3150947,"pc":{"pc":2147484240,"pc_next":2147484248}},{"csr_staged":[],"dec":{"has_imm":true,"imm":4294967292,"is_compressed":false,"opt":24,"rd":0,"rs1":1,"rs2":2,"tgt":3,"use_pc":false},"gpr_staged":[],"instr":4263562979,"pc":{"pc":2147484248,"pc_next":2147484252}},{"csr_staged":[],"dec":{"has_imm":true,"imm":9,"is_compressed":false,"opt":53,"rd":3,"rs1":0,"rs2":0,"tgt":2,"use_pc":false},"gpr_staged":[{"index":3,"next":9,"prev":8}],"instr":9437587,"pc":{"pc":2147484252,"pc_next":2147484256}},{"csr_staged":[],"dec":{"has_imm":true,"imm":0,"is_compressed":false,"opt":53,"rd":4,"rs1":0,"rs2":0,"tgt":2,"use_pc":false},"gpr_staged":[{"index":4,"next":0,"prev":0}],"instr":531,"pc":{"pc":2147484256,"pc_next":2147484260}},{"csr_staged":[],"dec":{"has_imm":true,"imm":0,"is_compressed":false,"opt":53,"rd":1,"rs1":0,"rs2":0,"tgt":2,"use_pc":false},"gpr_staged":[{"index":1,"next":0,"prev":1}],"instr":147,"pc":{"pc":2147484260,"pc_next":2147484264}},{"csr_staged":[],"dec":{"has_imm":true,"imm":4294967295,"is_compressed":false,"opt":53,"rd":2,"rs1":0,"rs2":0,"tgt":2,"use_pc":false},"gpr_staged":[{"index":2,"next":4294967295,"prev":4294967294}],"instr":4293918995,"pc":{"pc":2147484264,"pc_next":2147484268}},{"csr_staged":[],"dec":{"has_imm":true,"imm":480,"is_compressed":false,"opt":24,"rd":0,"rs1":1,"rs2":2,"tgt":3,"use_pc":false},"gpr_staged":[],"instr":505462883,"pc":{"pc":2147484268,"pc_next":2147484272}},{"csr_staged":[],"dec":{"has_imm":true,"imm":1,"is_compressed":false,"opt":53,"rd":4,"rs1":4,"rs2":0,"tgt":2,"use_pc":false},"gpr_staged":[{"index":4,"next":1,"prev":0}],"instr":1180179,"pc":{"pc":2147484272,"pc_next":2147484276}},{"csr_staged":[],"dec":{"has_imm":true,"imm":2,"is_compressed":false,"opt":53,"rd":5,"rs1":0,"rs2":0,"tgt":2,"use_pc":false},"gpr_staged":[{"index":5,"next":2,"prev":2147484044}],"instr":2097811,"pc":{"pc":2147484276,"pc_next":2147484280}},{"csr_staged":[],"dec":{"has_imm":true,"imm":4294967276,"is_compressed":false,"opt":21,"rd":0,"rs1":4,"rs2":5,"tgt":3,"use_pc":false},"gpr_staged":[],"instr":4266792675,"pc":{"pc":2147484280,"pc_next":2147484260}},{"csr_staged":[],"dec":{"has_imm":true,"imm":0,"is_compressed":false,"opt":53,"rd":1,"rs1":0,"rs2":0,"tgt":2,"use_pc":false},"gpr_staged":[{"index":1,"next":0,"prev":0}],"instr":147,"pc":{"pc":2147484260,"pc_next":2147484264}},{"csr_staged":[],"dec":{"has_imm":true,"imm":4294967295,"is_compressed":false,"opt":53,"rd":2,"rs1":0,"rs2":0,"tgt":2,"use_pc":false},"gpr_staged":[{"index":2,"next":4294967295,"prev":4294967295}],"instr":4293918995,"pc":{"pc":2147484264,"pc_next":2147484268}},{"csr_staged":[],"dec":{"has_imm":true,"imm":480,"is_compressed":false,"opt":24,"rd":0,"rs1":1,"rs2":2,"tgt":3,"use_pc":false},"gpr_staged":[],"instr":505462883,"pc":{"pc":2147484268,"pc_next":2147484272}},{"csr_staged":[],"dec":{"has_imm":true,"imm":1,"is_compressed":false,"opt":53,"rd":4,"rs1":4,"rs2":0,"tgt":2,"use_pc":false},"gpr_staged":[{"index":4,"next":2,"prev":1}],"instr":1180179,"pc":{"pc":2147484272,"pc_next":2147484276}},{"csr_staged":[],"dec":{"has_imm":true,"imm":2,"is_compressed":false,"opt":53,"rd":5,"rs1":0,"rs2":0,"tgt":2,"use_pc":false},"gpr_staged":[{"index":5,"next":2,"prev":2}],"instr":2097811,"pc":{"pc":2147484276,"pc_next":2147484280}},{"csr_staged":[],"dec":{"has_imm":true,"imm":4294967276,"is_compressed":false,"opt":21,"rd":0,"rs1":4,"rs2":5,"tgt":3,"use_pc":false},"gpr_staged":[],"instr":4266792675,"pc":{"pc":2147484280,"pc_next":2147484284}},{"csr_staged":[],"dec":{"has_imm":true,"imm":10,"is_compressed":false,"opt":53,"rd":3,"rs1":0,"rs2":0,"tgt":2,"use_pc":false},"gpr_staged":[{"index":3,"next":10,"prev":9}],"instr":10486163,"pc":{"pc":2147484284,"pc_next":2147484288}},{"csr_staged":[],"dec":{"has_imm":true,"imm":0,"is_compressed":false,"opt":53,"rd":4,"rs1":0,"rs2":0,"tgt":2,"use_pc":false},"gpr_staged":[{"index":4,"next":0,"prev":2}],"instr":531,"pc":{"pc":2147484288,"pc_next":2147484292}},{"csr_staged":[],"dec":{"has_imm":true,"imm":0,"is_compressed":false,"opt":53,"rd":1,"rs1":0,"rs2":0,"tgt":2,"use_pc":false},"gpr_staged":[{"index":1,"next":0,"prev":0}],"instr":147,"pc":{"pc":2147484292,"pc_next":2147484296}},{"csr_staged":[],"dec":{"has_imm":true,"imm":4294967295,"is_compressed":false,"opt":53,"rd":2,"rs1":0,"rs2":0,"tgt":2,"use_pc":false},"gpr_staged":[{"index":2,"next":4294967295,"prev":4294967295}],"instr":4293918995,"pc":{"pc":2147484296,"pc_next":2147484300}},{"csr_staged":[],"dec":{"has_imm":true,"imm":0,"is_compressed":false,"opt":53,"rd":0,"rs1":0,"rs2":0,"tgt":2,"use_pc":false},"gpr_staged":[{"index":0,"next":0,"prev":0}],"instr":19,"pc":{"pc":2147484300,"pc_next":2147484304}},{"csr_staged":[],"dec":{"has_imm":true,"imm":444,"is_compressed":false,"opt":24,"rd":0,"rs1":1,"rs2":2,"tgt":3,"use_pc":false},"gpr_staged":[],"instr":438357603,"pc":{"pc":2147484304,"pc_next":2147484308}},{"csr_staged":[],"dec":{"has_imm":true,"imm":1,"is_compressed":false,"opt":53,"rd":4,"rs1":4,"rs2":0,"tgt":2,"use_pc":false},"gpr_staged":[{"index":4,"next":1,"prev":0}],"instr":1180179,"pc":{"pc":2147484308,"pc_next":2147484312}},{"csr_staged":[],"dec":{"has_imm":true,"imm":2,"is_compressed":false,"opt":53,"rd":5,"rs1":0,"rs2":0,"tgt":2,"use_pc":false},"gpr_staged":[{"index":5,"next":2,"prev":2}],"instr":2097811,"pc":{"pc":2147484312,"pc_next":2147484316}},{"csr_staged":[],"dec":{"has_imm":true,"imm":4294967272,"is_compressed":false,"opt":21,"rd":0,"rs1":4,"rs2":5,"tgt":3,"use_pc":false},"gpr_staged":[],"instr":4266792163,"pc":{"pc":2147484316,"pc_next":2147484292}},{"csr_staged":[],"dec":{"has_imm":true,"imm":0,"is_compressed":false,"opt":53,"rd":1,"rs1":0,"rs2":0,"tgt":2,"use_pc":false},"gpr_staged":[{"index":1,"next":0,"prev":0}],"instr":147,"pc":{"pc":2147484292,"pc_next":2147484296}},{"csr_staged":[],"dec":{"has_imm":true,"imm":4294967295,"is_compressed":false,"opt":53,"rd":2,"rs1":0,"rs2":0,"tgt":2,"use_pc":false},"gpr_staged":[{"index":2,"next":4294967295,"prev":4294967295}],"instr":4293918995,"pc":{"pc":2147484296,"pc_next":2147484300}},{"csr_staged":[],"dec":{"has_imm":true,"imm":0,"is_compressed":false,"opt":53,"rd":0,"rs1":0,"rs2":0,"tgt":2,"use_pc":false},"gpr_staged":[{"index":0,"next":0,"prev":0}],"instr":19,"pc":{"pc":2147484300,"pc_next":2147484304}},{"csr_staged":[],"dec":{"has_imm":true,"imm":444,"is_compressed":false,"opt":24,"rd":0,"rs1":1,"rs2":2,"tgt":3,"use_pc":false},"gpr_staged":[],"instr":438357603,"pc":{"pc":2147484304,"pc_next":2147484308}},{"csr_staged":[],"dec":{"has_imm":true,"imm":1,"is_compressed":false,"opt":53,"rd":4,"rs1":4,"rs2":0,"tgt":2,"use_pc":false},"gpr_staged":[{"index":4,"next":2,"prev":1}],"instr":1180179,"pc":{"pc":2147484308,"pc_next":2147484312}},{"csr_staged":[],"dec":{"has_imm":true,"imm":2,"is_compressed":false,"opt":53,"rd":5,"rs1":0,"rs2":0,"tgt":2,"use_pc":false},"gpr_staged":[{"index":5,"next":2,"prev":2}],"instr":2097811,"pc":{"pc":2147484312,"pc_next":2147484316}},{"csr_staged":[],"dec":{"has_imm":true,"imm":4294967272,"is_compressed":false,"opt":21,"rd":0,"rs1":4,"rs2":5,"tgt":3,"use_pc":false},"gpr_staged":[],"instr":4266792163,"pc":{"pc":2147484316,"pc_next":2147484320}},{"csr_staged":[],"dec":{"has_imm":true,"imm":11,"is_compressed":false,"opt":53,"rd":3,"rs1":0,"rs2":0,"tgt":2,"use_pc":false},"gpr_staged":[{"index":3,"next":11,"prev":10}],"instr":11534739,"pc":{"pc":2147484320,"pc_next":2147484324}},{"csr_staged":[],"dec":{"has_imm":true,"imm":0,"is_compressed":false,"opt":53,"rd":4,"rs1":0,"rs2":0,"tgt":2,"use_pc":false},"gpr_staged":[{"index":4,"next":0,"prev":2}],"instr":531,"pc":{"pc":2147484324,"pc_next":2147484328}},{"csr_staged":[],"dec":{"has_imm":true,"imm":0,"is_compressed":false,"opt":53,"rd":1,"rs1":0,"rs2":0,"tgt":2,"use_pc":false},"gpr_staged":[{"index":1,"next":0,"prev":0}],"instr":147,"pc":{"pc":2147484328,"pc_next":2147484332}},{"csr_staged":[],"dec":{"has_imm":true,"imm":4294967295,"is_compressed":false,"opt":53,"rd":2,"rs1":0,"rs2":0,"tgt":2,"use_pc":false},"gpr_staged":[{"index":2,"next":4294967295,"prev":4294967295}],"instr":4293918995,"pc":{"pc":2147484332,"pc_next":2147484336}},{"csr_staged":[],"dec":{"has_imm":true,"imm":0,"is_compressed":false,"opt":53,"rd":0,"rs1":0,"rs2":0,"tgt":2,"use_pc":false},"gpr_staged":[{"index":0,"next":0,"prev":0}],"instr":19,"pc":{"pc":2147484336,"pc_next":2147484340}},{"csr_staged":[],"dec":{"has_imm":true,"imm":0,"is_compressed":false,"opt":53,"rd":0,"rs1":0,"rs2":0,"tgt":2,"use_pc":false},"gpr_staged":[{"index":0,"next":0,"prev":0}],"instr":19,"pc":{"pc":2147484340,"pc_next":2147484344}},{"csr_staged":[],"dec":{"has_imm":true,"imm":404,"is_compressed":false,"opt":24,"rd":0,"rs1":1,"rs2":2,"tgt":3,"use_pc":false},"gpr_staged":[],"instr":404802147,"pc":{"pc":2147484344,"pc_next":2147484348}},{"csr_staged":[],"dec":{"has_imm":true,"imm":1,"is_compressed":false,"opt":53,"rd":4,"rs1":4,"rs2":0,"tgt":2,"use_pc":false},"gpr_staged":[{"index":4,"next":1,"prev":0}],"instr":1180179,"pc":{"pc":2147484348,"pc_next":2147484352}},{"csr_staged":[],"dec":{"has_imm":true,"imm":2,"is_compressed":false,"opt":53,"rd":5,"rs1":0,"rs2":0,"tgt":2,"use_pc":false},"gpr_staged":[{"index":5,"next":2,"prev":2}],"instr":2097811,"pc":{"pc":2147484352,"pc_next":2147484356}},{"csr_staged":[],"dec":{"has_imm":true,"imm":4294967268,"is_compressed":false,"opt":21,"rd":0,"rs1":4,"rs2":5,"tgt":3,"use_pc":false},"gpr_staged":[],"instr":4266791651,"pc":{"pc":2147484356,"pc_next":2147484328}},{"csr_staged":[],"dec":{"has_imm":true,"imm":0,"is_compressed":false,"opt":53,"rd":1,"rs1":0,"rs2":0,"tgt":2,"use_pc":false},"gpr_staged":[{"index":1,"next":0,"prev":0}],"instr":147,"pc":{"pc":2147484328,"pc_next":2147484332}},{"csr_staged":[],"dec":{"has_imm":true,"imm":4294967295,"is_compressed":false,"opt":53,"rd":2,"rs1":0,"rs2":0,"tgt":2,"use_pc":false},"gpr_staged":[{"index":2,"next":4294967295,"prev":4294967295}],"instr":4293918995,"pc":{"pc":2147484332,"pc_next":2147484336}},{"csr_staged":[],"dec":{"has_imm":true,"imm":0,"is_compressed":false,"opt":53,"rd":0,"rs1":0,"rs2":0,"tgt":2,"use_pc":false},"gpr_staged":[{"index":0,"next":0,"prev":0}],"instr":19,"pc":{"pc":2147484336,"pc_next":2147484340}},{"csr_staged":[],"dec":{"has_imm":true,"imm":0,"is_compressed":false,"opt":53,"rd":0,"rs1":0,"rs2":0,"tgt":2,"use_pc":false},"gpr_staged":[{"index":0,"next":0,"prev":0}],"instr":19,"pc":{"pc":2147484340,"pc_next":2147484344}},{"csr_staged":[],"dec":{"has_imm":true,"imm":404,"is_compressed":false,"opt":24,"rd":0,"rs1":1,"rs2":2,"tgt":3,"use_pc":false},"gpr_staged":[],"instr":404802147,"pc":{"pc":2147484344,"pc_next":2147484348}},{"csr_staged":[],"dec":{"has_imm":true,"imm":1,"is_compressed":false,"opt":53,"rd":4,"rs1":4,"rs2":0,"tgt":2,"use_pc":false},"gpr_staged":[{"index":4,"next":2,"prev":1}],"instr":1180179,"pc":{"pc":2147484348,"pc_next":2147484352}},{"csr_staged":[],"dec":{"has_imm":true,"imm":2,"is_compressed":false,"opt":53,"rd":5,"rs1":0,"rs2":0,"tgt":2,"use_pc":false},"gpr_staged":[{"index":5,"next":2,"prev":2}],"instr":2097811,"pc":{"pc":2147484352,"pc_next":2147484356}},{"csr_staged":[],"dec":{"has_imm":true,"imm":4294967268,"is_compressed":false,"opt":21,"rd":0,"rs1":4,"rs2":5,"tgt":3,"use_pc":false},"gpr_staged":[],"instr":4266791651,"pc":{"pc":2147484356,"pc_next":2147484360}},{"csr_staged":[],"dec":{"has_imm":true,"imm":12,"is_compressed":false,"opt":53,"rd":3,"rs1":0,"rs2":0,"tgt":2,"use_pc":false},"gpr_staged":[{"index":3,"next":12,"prev":11}],"instr":12583315,"pc":{"pc":2147484360,"pc_next":2147484364}},{"csr_staged":[],"dec":{"has_imm":true,"imm":0,"is_compressed":false,"opt":53,"rd":4,"rs1":0,"rs2":0,"tgt":2,"use_pc":false},"gpr_staged":[{"index":4,"next":0,"prev":2}],"instr":531,"pc":{"pc":2147484364,"pc_next":2147484368}},{"csr_staged":[],"dec":{"has_imm":true,"imm":0,"is_compressed":false,"opt":53,"rd":1,"rs1":0,"rs2":0,"tgt":2,"use_pc":false},"gpr_staged":[{"index":1,"next":0,"prev":0}],"instr":147,"pc":{"pc":2147484368,"pc_next":2147484372}},{"csr_staged":[],"dec":{"has_imm":true,"imm":0,"is_compressed":false,"opt":53,"rd":0,"rs1":0,"rs2":0,"tgt":2,"use_pc":false},"gpr_staged":[{"index":0,"next":0,"prev":0}],"instr":19,"pc":{"pc":2147484372,"pc_next":2147484376}},{"csr_staged":[],"dec":{"has_imm":true,"imm":4294967295,"is_compressed":false,"opt":53,"rd":2,"rs1":0,"rs2":0,"tgt":2,"use_pc":false},"gpr_staged":[{"index":2,"next":4294967295,"prev":4294967295}],"instr":4293918995,"pc":{"pc":2147484376,"pc_next":2147484380}},{"csr_staged":[],"dec":{"has_imm":true,"imm":368,"is_compressed":false,"opt":24,"rd":0,"rs1":1,"rs2":2,"tgt":3,"use_pc":false},"gpr_staged":[],"instr":371247203,"pc":{"pc":2147484380,"pc_next":2147484384}},{"csr_staged":[],"dec":{"has_imm":true,"imm":1,"is_compressed":false,"opt":53,"rd":4,"rs1":4,"rs2":0,"tgt":2,"use_pc":false},"gpr_staged":[{"index":4,"next":1,"prev":0}],"instr":1180179,"pc":{"pc":2147484384,"pc_next":2147484388}},{"csr_staged":[],"dec":{"has_imm":true,"imm":2,"is_compressed":false,"opt":53,"rd":5,"rs1":0,"rs2":0,"tgt":2,"use_pc":false},"gpr_staged":[{"index":5,"next":2,"prev":2}],"instr":2097811,"pc":{"pc":2147484388,"pc_next":2147484392}},{"csr_staged":[],"dec":{"has_imm":true,"imm":4294967272,"is_compressed":false,"opt":21,"rd":0,"rs1":4,"rs2":5,"tgt":3,"use_pc":false},"gpr_staged":[],"instr":4266792163,"pc":{"pc":2147484392,"pc_next":2147484368}},{"csr_staged":[],"dec":{"has_imm":true,"imm":0,"is_compressed":false,"opt":53,"rd":1,"rs1":0,"rs2":0,"tgt":2,"use_pc":false},"gpr_staged":[{"index":1,"next":0,"prev":0}],"instr":147,"pc":{"pc":2147484368,"pc_next":2147484372}},{"csr_staged":[],"dec":{"has_imm":true,"imm":0,"is_compressed":false,"opt":53,"rd":0,"rs1":0,"rs2":0,"tgt":2,"use_pc":false},"gpr_staged":[{"index":0,"next":0,"prev":0}],"instr":19,"pc":{"pc":2147484372,"pc_next":2147484376}},{"csr_staged":[],"dec":{"has_imm":true,"imm":4294967295,"is_compressed":false,"opt":53,"rd":2,"rs1":0,"rs2":0,"tgt":2,"use_pc":false},"gpr_staged":[{"index":2,"next":4294967295,"prev":4294967295}],"instr":4293918995,"pc":{"pc":2147484376,"pc_next":2147484380}},{"csr_staged":[],"dec":{"has_imm":true,"imm":368,"is_compressed":false,"opt":24,"rd":0,"rs1":1,"rs2":2,"tgt":3,"use_pc":false},"gpr_staged":[],"instr":371247203,"pc":{"pc":2147484380,"pc_next":2147484384}},{"csr_staged":[],"dec":{"has_imm":true,"imm":1,"is_compressed":false,"opt":53,"rd":4,"rs1":4,"rs2":0,"tgt":2,"use_pc":false},"gpr_staged":[{"index":4,"next":2,"prev":1}],"instr":1180179,"pc":{"pc":2147484384,"pc_next":2147484388}},{"csr_staged":[],"dec":{"has_imm":true,"imm":2,"is_compressed":false,"opt":53,"rd":5,"rs1":0,"rs2":0,"tgt":2,"use_pc":false},"gpr_staged":[{"index":5,"next":2,"prev":2}],"instr":2097811,"pc":{"pc":2147484388,"pc_next":2147484392}},{"csr_staged":[],"dec":{"has_imm":true,"imm":4294967272,"is_compressed":false,"opt":21,"rd":0,"rs1":4,"rs2":5,"tgt":3,"use_pc":false},"gpr_staged":[],"instr":4266792163,"pc":{"pc":2147484392,"pc_next":2147484396}},{"csr_staged":[],"dec":{"has_imm":true,"imm":13,"is_compressed":false,"opt":53,"rd":3,"rs1":0,"rs2":0,"tgt":2,"use_pc":false},"gpr_staged":[{"index":3,"next":13,"prev":12}],"instr":13631891,"pc":{"pc":2147484396,"pc_next":2147484400}},{"csr_staged":[],"dec":{"has_imm":true,"imm":0,"is_compressed":false,"opt":53,"rd":4,"rs1":0,"rs2":0,"tgt":2,"use_pc":false},"gpr_staged":[{"index":4,"next":0,"prev":2}],"instr":531,"pc":{"pc":2147484400,"pc_next":2147484404}},{"csr_staged":[],"dec":{"has_imm":true,"imm":0,"is_compressed":false,"opt":53,"rd":1,"rs1":0,"rs2":0,"tgt":2,"use_pc":false},"gpr_staged":[{"index":1,"next":0,"prev":0}],"instr":147,"pc":{"pc":2147484404,"pc_next":2147484408}},{"csr_staged":[],"dec":{"has_imm":true,"imm":0,"is_compressed":false,"opt":53,"rd":0,"rs1":0,"rs2":0,"tgt":2,"use_pc":false},"gpr_staged":[{"index":0,"next":0,"prev":0}],"instr":19,"pc":{"pc":2147484408,"pc_next":2147484412}},{"csr_staged":[],"dec":{"has_imm":true,"imm":4294967295,"is_compressed":false,"opt":53,"rd":2,"rs1":0,"rs2":0,"tgt":2,"use_pc":false},"gpr_staged":[{"index":2,"next":4294967295,"prev":4294967295}],"instr":4293918995,"pc":{"pc":2147484412,"pc_next":2147484416}},{"csr_staged":[],"dec":{"has_imm":true,"imm":0,"is_compressed":false,"opt":53,"rd":0,"rs1":0,"rs2":0,"tgt":2,"use_pc":false},"gpr_staged":[{"index":0,"next":0,"prev":0}],"instr":19,"pc":{"pc":2147484416,"pc_next":2147484420}},{"csr_staged":[],"dec":{"has_imm":true,"imm":328,"is_compressed":false,"opt":24,"rd":0,"rs1":1,"rs2":2,"tgt":3,"use_pc":false},"gpr_staged":[],"instr":337691747,"pc":{"pc":2147484420,"pc_next":2147484424}},{"csr_staged":[],"dec":{"has_imm":true,"imm":1,"is_compressed":false,"opt":53,"rd":4,"rs1":4,"rs2":0,"tgt":2,"use_pc":false},"gpr_staged":[{"index":4,"next":1,"prev":0}],"instr":1180179,"pc":{"pc":2147484424,"pc_next":2147484428}},{"csr_staged":[],"dec":{"has_imm":true,"imm":2,"is_compressed":false,"opt":53,"rd":5,"rs1":0,"rs2":0,"tgt":2,"use_pc":false},"gpr_staged":[{"index":5,"next":2,"prev":2}],"instr":2097811,"pc":{"pc":2147484428,"pc_next":2147484432}},{"csr_staged":[],"dec":{"has_imm":true,"imm":4294967268,"is_compressed":false,"opt":21,"rd":0,"rs1":4,"rs2":5,"tgt":3,"use_pc":false},"gpr_staged":[],"instr":4266791651,"pc":{"pc":2147484432,"pc_next":2147484404}},{"csr_staged":[],"dec":{"has_imm":true,"imm":0,"is_compressed":false,"opt":53,"rd":1,"rs1":0,"rs2":0,"tgt":2,"use_pc":false},"gpr_staged":[{"index":1,"next":0,"prev":0}],"instr":147,"pc":{"pc":2147484404,"pc_next":2147484408}},{"csr_staged":[],"dec":{"has_imm":true,"imm":0,"is_compressed":false,"opt":53,"rd":0,"rs1":0,"rs2":0,"tgt":2,"use_pc":false},"gpr_staged":[{"index":0,"next":0,"prev":0}],"instr":19,"pc":{"pc":2147484408,"pc_next":2147484412}},{"csr_staged":[],"dec":{"has_imm":true,"imm":4294967295,"is_compressed":false,"opt":53,"rd":2,"rs1":0,"rs2":0,"tgt":2,"use_pc":false},"gpr_staged":[{"index":2,"next":4294967295,"prev":4294967295}],"instr":4293918995,"pc":{"pc":2147484412,"pc_next":2147484416}},{"csr_staged":[],"dec":{"has_imm":true,"imm":0,"is_compressed":false,"opt":53,"rd":0,"rs1":0,"rs2":0,"tgt":2,"use_pc":false},"gpr_staged":[{"index":0,"next":0,"prev":0}],"instr":19,"pc":{"pc":2147484416,"pc_next":2147484420}},{"csr_staged":[],"dec":{"has_imm":true,"imm":328,"is_compressed":false,"opt":24,"rd":0,"rs1":1,"rs2":2,"tgt":3,"use_pc":false},"gpr_staged":[],"instr":337691747,"pc":{"pc":2147484420,"pc_next":2147484424}},{"csr_staged":[],"dec":{"has_imm":true,"imm":1,"is_compressed":false,"opt":53,"rd":4,"rs1":4,"rs2":0,"tgt":2,"use_pc":false},"gpr_staged":[{"index":4,"next":2,"prev":1}],"instr":1180179,"pc":{"pc":2147484424,"pc_next":2147484428}},{"csr_staged":[],"dec":{"has_imm":true,"imm":2,"is_compressed":false,"opt":53,"rd":5,"rs1":0,"rs2":0,"tgt":2,"use_pc":false},"gpr_staged":[{"index":5,"next":2,"prev":2}],"instr":2097811,"pc":{"pc":2147484428,"pc_next":2147484432}},{"csr_staged":[],"dec":{"has_imm":true,"imm":4294967268,"is_compressed":false,"opt":21,"rd":0,"rs1":4,"rs2":5,"tgt":3,"use_pc":false},"gpr_staged":[],"instr":4266791651,"pc":{"pc":2147484432,"pc_next":2147484436}},{"csr_staged":[],"dec":{"has_imm":true,"imm":14,"is_compressed":false,"opt":53,"rd":3,"rs1":0,"rs2":0,"tgt":2,"use_pc":false},"gpr_staged":[{"index":3,"next":14,"prev":13}],"instr":14680467,"pc":{"pc":2147484436,"pc_next":2147484440}},{"csr_staged":[],"dec":{"has_imm":true,"imm":0,"is_compressed":false,"opt":53,"rd":4,"rs1":0,"rs2":0,"tgt":2,"use_pc":false},"gpr_staged":[{"index":4,"next":0,"prev":2}],"instr":531,"pc":{"pc":2147484440,"pc_next":2147484444}},{"csr_staged":[],"dec":{"has_imm":true,"imm":0,"is_compressed":false,"opt":53,"rd":1,"rs1":0,"rs2":0,"tgt":2,"use_pc":false},"gpr_staged":[{"index":1,"next":0,"prev":0}],"instr":147,"pc":{"pc":2147484444,"pc_next":2147484448}},{"csr_staged":[],"dec":{"has_imm":true,"imm":0,"is_compressed":false,"opt":53,"rd":0,"rs1":0,"rs2":0,"tgt":2,"use_pc":false},"gpr_staged":[{"index":0,"next":0,"prev":0}],"instr":19,"pc":{"pc":2147484448,"pc_next":2147484452}},{"csr_staged":[],"dec":{"has_imm":true,"imm":0,"is_compressed":false,"opt":53,"rd":0,"rs1":0,"rs2":0,"tgt":2,"use_pc":false},"gpr_staged":[{"index":0,"next":0,"prev":0}],"instr":19,"pc":{"pc":2147484452,"pc_next":2147484456}},{"csr_staged":[],"dec":{"has_imm":true,"imm":4294967295,"is_compressed":false,"opt":53,"rd":2,"rs1":0,"rs2":0,"tgt":2,"use_pc":false},"gpr_staged":[{"index":2,"next":4294967295,"prev":4294967295}],"instr":4293918995,"pc":{"pc":2147484456,"pc_next":2147484460}},{"csr_staged":[],"dec":{"has_imm":true,"imm":288,"is_compressed":false,"opt":24,"rd":0,"rs1":1,"rs2":2,"tgt":3,"use_pc":false},"gpr_staged":[],"instr":304136291,"pc":{"pc":2147484460,"pc_next":2147484464}},{"csr_staged":[],"dec":{"has_imm":true,"imm":1,"is_compressed":false,"opt":53,"rd":4,"rs1":4,"rs2":0,"tgt":2,"use_pc":false},"gpr_staged":[{"index":4,"next":1,"prev":0}],"instr":1180179,"pc":{"pc":2147484464,"pc_next":2147484468}},{"csr_staged":[],"dec":{"has_imm":true,"imm":2,"is_compressed":false,"opt":53,"rd":5,"rs1":0,"rs2":0,"tgt":2,"use_pc":false},"gpr_staged":[{"index":5,"next":2,"prev":2}],"instr":2097811,"pc":{"pc":2147484468,"pc_next":2147484472}},{"csr_staged":[],"dec":{"has_imm":true,"imm":4294967268,"is_compressed":false,"opt":21,"rd":0,"rs1":4,"rs2":5,"tgt":3,"use_pc":false},"gpr_staged":[],"instr":4266791651,"pc":{"pc":2147484472,"pc_next":2147484444}},{"csr_staged":[],"dec":{"has_imm":true,"imm":0,"is_compressed":false,"opt":53,"rd":1,"rs1":0,"rs2":0,"tgt":2,"use_pc":false},"gpr_staged":[{"index":1,"next":0,"prev":0}],"instr":147,"pc":{"pc":2147484444,"pc_next":2147484448}},{"csr_staged":[],"dec":{"has_imm":true,"imm":0,"is_compressed":false,"opt":53,"rd":0,"rs1":0,"rs2":0,"tgt":2,"use_pc":false},"gpr_staged":[{"index":0,"next":0,"prev":0}],"instr":19,"pc":{"pc":2147484448,"pc_next":2147484452}},{"csr_staged":[],"dec":{"has_imm":true,"imm":0,"is_compressed":false,"opt":53,"rd":0,"rs1":0,"rs2":0,"tgt":2,"use_pc":false},"gpr_staged":[{"index":0,"next":0,"prev":0}],"instr":19,"pc":{"pc":2147484452,"pc_next":2147484456}},{"csr_staged":[],"dec":{"has_imm":true,"imm":4294967295,"is_compressed":false,"opt":53,"rd":2,"rs1":0,"rs2":0,"tgt":2,"use_pc":false},"gpr_staged":[{"index":2,"next":4294967295,"prev":4294967295}],"instr":4293918995,"pc":{"pc":2147484456,"pc_next":2147484460}},{"csr_staged":[],"dec":{"has_imm":true,"imm":288,"is_compressed":false,"opt":24,"rd":0,"rs1":1,"rs2":2,"tgt":3,"use_pc":false},"gpr_staged":[],"instr":304136291,"pc":{"pc":2147484460,"pc_next":2147484464}},{"csr_staged":[],"dec":{"has_imm":true,"imm":1,"is_compressed":false,"opt":53,"rd":4,"rs1":4,"rs2":0,"tgt":2,"use_pc":false},"gpr_staged":[{"index":4,"next":2,"prev":1}],"instr":1180179,"pc":{"pc":2147484464,"pc_next":2147484468}},{"csr_staged":[],"dec":{"has_imm":true,"imm":2,"is_compressed":false,"opt":53,"rd":5,"rs1":0,"rs2":0,"tgt":2,"use_pc":false},"gpr_staged":[{"index":5,"next":2,"prev":2}],"instr":2097811,"pc":{"pc":2147484468,"pc_next":2147484472}},{"csr_staged":[],"dec":{"has_imm":true,"imm":4294967268,"is_compressed":false,"opt":21,"rd":0,"rs1":4,"rs2":5,"tgt":3,"use_pc":false},"gpr_staged":[],"instr":4266791651,"pc":{"pc":2147484472,"pc_next":2147484476}},{"csr_staged":[],"dec":{"has_imm":true,"imm":15,"is_compressed":false,"opt":53,"rd":3,"rs1":0,"rs2":0,"tgt":2,"use_pc":false},"gpr_staged":[{"index":3,"next":15,"prev":14}],"instr":15729043,"pc":{"pc":2147484476,"pc_next":2147484480}},{"csr_staged":[],"dec":{"has_imm":true,"imm":0,"is_compressed":false,"opt":53,"rd":4,"rs1":0,"rs2":0,"tgt":2,"use_pc":false},"gpr_staged":[{"index":4,"next":0,"prev":2}],"instr":531,"pc":{"pc":2147484480,"pc_next":2147484484}},{"csr_staged":[],"dec":{"has_imm":true,"imm":0,"is_compressed":false,"opt":53,"rd":1,"rs1":0,"rs2":0,"tgt":2,"use_pc":false},"gpr_staged":[{"index":1,"next":0,"prev":0}],"instr":147,"pc":{"pc":2147484484,"pc_next":2147484488}},{"csr_staged":[],"dec":{"has_imm":true,"imm":4294967295,"is_compressed":false,"opt":53,"rd":2,"rs1":0,"rs2":0,"tgt":2,"use_pc":false},"gpr_staged":[{"index":2,"next":4294967295,"prev":4294967295}],"instr":4293918995,"pc":{"pc":2147484488,"pc_next":2147484492}},{"csr_staged":[],"dec":{"has_imm":true,"imm":256,"is_compressed":false,"opt":24,"rd":0,"rs1":1,"rs2":2,"tgt":3,"use_pc":false},"gpr_staged":[],"instr":270581859,"pc":{"pc":2147484492,"pc_next":2147484496}},{"csr_staged":[],"dec":{"has_imm":true,"imm":1,"is_compressed":false,"opt":53,"rd":4,"rs1":4,"rs2":0,"tgt":2,"use_pc":false},"gpr_staged":[{"index":4,"next":1,"prev":0}],"instr":1180179,"pc":{"pc":2147484496,"pc_next":2147484500}},{"csr_staged":[],"dec":{"has_imm":true,"imm":2,"is_compressed":false,"opt":53,"rd":5,"rs1":0,"rs2":0,"tgt":2,"use_pc":false},"gpr_staged":[{"index":5,"next":2,"prev":2}],"instr":2097811,"pc":{"pc":2147484500,"pc_next":2147484504}},{"csr_staged":[],"dec":{"has_imm":true,"imm":4294967276,"is_compressed":false,"opt":21,"rd":0,"rs1":4,"rs2":5,"tgt":3,"use_pc":false},"gpr_staged":[],"instr":4266792675,"pc":{"pc":2147484504,"pc_next":2147484484}},{"csr_staged":[],"dec":{"has_imm":true,"imm":0,"is_compressed":false,"opt":53,"rd":1,"rs1":0,"rs2":0,"tgt":2,"use_pc":false},"gpr_staged":[{"index":1,"next":0,"prev":0}],"instr":147,"pc":{"pc":2147484484,"pc_next":2147484488}},{"csr_staged":[],"dec":{"has_imm":true,"imm":4294967295,"is_compressed":false,"opt":53,"rd":2,"rs1":0,"rs2":0,"tgt":2,"use_pc":false},"gpr_staged":[{"index":2,"next":4294967295,"prev":4294967295}],"instr":4293918995,"pc":{"pc":2147484488,"pc_next":2147484492}},{"csr_staged":[],"dec":{"has_imm":true,"imm":256,"is_compressed":false,"opt":24,"rd":0,"rs1":1,"rs2":2,"tgt":3,"use_pc":false},"gpr_staged":[],"instr":270581859,"pc":{"pc":2147484492,"pc_next":2147484496}},{"csr_staged":[],"dec":{"has_imm":true,"imm":1,"is_compressed":false,"opt":53,"rd":4,"rs1":4,"rs2":0,"tgt":2,"use_pc":false},"gpr_staged":[{"index":4,"next":2,"prev":1}],"instr":1180179,"pc":{"pc":2147484496,"pc_next":2147484500}},{"csr_staged":[],"dec":{"has_imm":true,"imm":2,"is_compressed":false,"opt":53,"rd":5,"rs1":0,"rs2":0,"tgt":2,"use_pc":false},"gpr_staged":[{"index":5,"next":2,"prev":2}],"instr":2097811,"pc":{"pc":2147484500,"pc_next":2147484504}},{"csr_staged":[],"dec":{"has_imm":true,"imm":4294967276,"is_compressed":false,"opt":21,"rd":0,"rs1":4,"rs2":5,"tgt":3,"use_pc":false},"gpr_staged":[],"instr":4266792675,"pc":{"pc":2147484504,"pc_next":2147484508}},{"csr_staged":[],"dec":{"has_imm":true,"imm":16,"is_compressed":false,"opt":53,"rd":3,"rs1":0,"rs2":0,"tgt":2,"use_pc":false},"gpr_staged":[{"index":3,"next":16,"prev":15}],"instr":16777619,"pc":{"pc":2147484508,"pc_next":2147484512}},{"csr_staged":[],"dec":{"has_imm":true,"imm":0,"is_compressed":false,"opt":53,"rd":4,"rs1":0,"rs2":0,"tgt":2,"use_pc":false},"gpr_staged":[{"index":4,"next":0,"prev":2}],"instr":531,"pc":{"pc":2147484512,"pc_next":2147484516}},{"csr_staged":[],"dec":{"has_imm":true,"imm":0,"is_compressed":false,"opt":53,"rd":1,"rs1":0,"rs2":0,"tgt":2,"use_pc":false},"gpr_staged":[{"index":1,"next":0,"prev":0}],"instr":147,"pc":{"pc":2147484516,"pc_next":2147484520}},{"csr_staged":[],"dec":{"has_imm":true,"imm":4294967295,"is_compressed":false,"opt":53,"rd":2,"rs1":0,"rs2":0,"tgt":2,"use_pc":false},"gpr_staged":[{"index":2,"next":4294967295,"prev":4294967295}],"instr":4293918995,"pc":{"pc":2147484520,"pc_next":2147484524}},{"csr_staged":[],"dec":{"has_imm":true,"imm":0,"is_compressed":false,"opt":53,"rd":0,"rs1":0,"rs2":0,"tgt":2,"use_pc":false},"gpr_staged":[{"index":0,"next":0,"prev":0}],"instr":19,"pc":{"pc":2147484524,"pc_next":2147484528}},{"csr_staged":[],"dec":{"has_imm":true,"imm":220,"is_compressed":false,"opt":24,"rd":0,"rs1":1,"rs2":2,"tgt":3,"use_pc":false},"gpr_staged":[],"instr":203476579,"pc":{"pc":2147484528,"pc_next":2147484532}},{"csr_staged":[],"dec":{"has_imm":true,"imm":1,"is_compressed":false,"opt":53,"rd":4,"rs1":4,"rs2":0,"tgt":2,"use_pc":false},"gpr_staged":[{"index":4,"next":1,"prev":0}],"instr":1180179,"pc":{"pc":2147484532,"pc_next":2147484536}},{"csr_staged":[],"dec":{"has_imm":true,"imm":2,"is_compressed":false,"opt":53,"rd":5,"rs1":0,"rs2":0,"tgt":2,"use_pc":false},"gpr_staged":[{"index":5,"next":2,"prev":2}],"instr":2097811,"pc":{"pc":2147484536,"pc_next":2147484540}},{"csr_staged":[],"dec":{"has_imm":true,"imm":4294967272,"is_compressed":false,"opt":21,"rd":0,"rs1":4,"rs2":5,"tgt":3,"use_pc":false},"gpr_staged":[],"instr":4266792163,"pc":{"pc":2147484540,"pc_next":2147484516}},{"csr_staged":[],"dec":{"has_imm":true,"imm":0,"is_compressed":false,"opt":53,"rd":1,"rs1":0,"rs2":0,"tgt":2,"use_pc":false},"gpr_staged":[{"index":1,"next":0,"prev":0}],"instr":147,"pc":{"pc":2147484516,"pc_next":2147484520}},{"csr_staged":[],"dec":{"has_imm":true,"imm":4294967295,"is_compressed":false,"opt":53,"rd":2,"rs1":0,"rs2":0,"tgt":2,"use_pc":false},"gpr_staged":[{"index":2,"next":4294967295,"prev":4294967295}],"instr":4293918995,"pc":{"pc":2147484520,"pc_next":2147484524}},{"csr_staged":[],"dec":{"has_imm":true,"imm":0,"is_compressed":false,"opt":53,"rd":0,"rs1":0,"rs2":0,"tgt":2,"use_pc":false},"gpr_staged":[{"index":0,"next":0,"prev":0}],"instr":19,"pc":{"pc":2147484524,"pc_next":2147484528}},{"csr_staged":[],"dec":{"has_imm":true,"imm":220,"is_compressed":false,"opt":24,"rd":0,"rs1":1,"rs2":2,"tgt":3,"use_pc":false},"gpr_staged":[],"instr":203476579,"pc":{"pc":2147484528,"pc_next":2147484532}},{"csr_staged":[],"dec":{"has_imm":true,"imm":1,"is_compressed":false,"opt":53,"rd":4,"rs1":4,"rs2":0,"tgt":2,"use_pc":false},"gpr_staged":[{"index":4,"next":2,"prev":1}],"instr":1180179,"pc":{"pc":2147484532,"pc_next":2147484536}},{"csr_staged":[],"dec":{"has_imm":true,"imm":2,"is_compressed":false,"opt":53,"rd":5,"rs1":0,"rs2":0,"tgt":2,"use_pc":false},"gpr_staged":[{"index":5,"next":2,"prev":2}],"instr":2097811,"pc":{"pc":2147484536,"pc_next":2147484540}},{"csr_staged":[],"dec":{"has_imm":true,"imm":4294967272,"is_compressed":false,"opt":21,"rd":0,"rs1":4,"rs2":5,"tgt":3,"use_pc":false},"gpr_staged":[],"instr":4266792163,"pc":{"pc":2147484540,"pc_next":2147484544}},{"csr_staged":[],"dec":{"has_imm":true,"imm":17,"is_compressed":false,"opt":53,"rd":3,"rs1":0,"rs2":0,"tgt":2,"use_pc":false},"gpr_staged":[{"index":3,"next":17,"prev":16}],"instr":17826195,"pc":{"pc":2147484544,"pc_next":2147484548}},{"csr_staged":[],"dec":{"has_imm":true,"imm":0,"is_compressed":false,"opt":53,"rd":4,"rs1":0,"rs2":0,"tgt":2,"use_pc":false},"gpr_staged":[{"index":4,"next":0,"prev":2}],"instr":531,"pc":{"pc":2147484548,"pc_next":2147484552}},{"csr_staged":[],"dec":{"has_imm":true,"imm":0,"is_compressed":false,"opt":53,"rd":1,"rs1":0,"rs2":0,"tgt":2,"use_pc":false},"gpr_staged":[{"index":1,"next":0,"prev":0}],"instr":147,"pc":{"pc":2147484552,"pc_next":2147484556}},{"csr_staged":[],"dec":{"has_imm":true,"imm":4294967295,"is_compressed":false,"opt":53,"rd":2,"rs1":0,"rs2":0,"tgt":2,"use_pc":false},"gpr_staged":[{"index":2,"next":4294967295,"prev":4294967295}],"instr":4293918995,"pc":{"pc":2147484556,"pc_next":2147484560}},{"csr_staged":[],"dec":{"has_imm":true,"imm":0,"is_compressed":false,"opt":53,"rd":0,"rs1":0,"rs2":0,"tgt":2,"use_pc":false},"gpr_staged":[{"index":0,"next":0,"prev":0}],"instr":19,"pc":{"pc":2147484560,"pc_next":2147484564}},{"csr_staged":[],"dec":{"has_imm":true,"imm":0,"is_compressed":false,"opt":53,"rd":0,"rs1":0,"rs2":0,"tgt":2,"use_pc":false},"gpr_staged":[{"index":0,"next":0,"prev":0}],"instr":19,"pc":{"pc":2147484564,"pc_next":2147484568}},{"csr_staged":[],"dec":{"has_imm":true,"imm":180,"is_compressed":false,"opt":24,"rd":0,"rs1":1,"rs2":2,"tgt":3,"use_pc":false},"gpr_staged":[],"instr":169921123,"pc":{"pc":2147484568,"pc_next":2147484572}},{"csr_staged":[],"dec":{"has_imm":true,"imm":1,"is_compressed":false,"opt":53,"rd":4,"rs1":4,"rs2":0,"tgt":2,"use_pc":false},"gpr_staged":[{"index":4,"next":1,"prev":0}],"instr":1180179,"pc":{"pc":2147484572,"pc_next":2147484576}},{"csr_staged":[],"dec":{"has_imm":true,"imm":2,"is_compressed":false,"opt":53,"rd":5,"rs1":0,"rs2":0,"tgt":2,"use_pc":false},"gpr_staged":[{"index":5,"next":2,"prev":2}],"instr":2097811,"pc":{"pc":2147484576,"pc_next":2147484580}},{"csr_staged":[],"dec":{"has_imm":true,"imm":4294967268,"is_compressed":false,"opt":21,"rd":0,"rs1":4,"rs2":5,"tgt":3,"use_pc":false},"gpr_staged":[],"instr":4266791651,"pc":{"pc":2147484580,"pc_next":2147484552}},{"csr_staged":[],"dec":{"has_imm":true,"imm":0,"is_compressed":false,"opt":53,"rd":1,"rs1":0,"rs2":0,"tgt":2,"use_pc":false},"gpr_staged":[{"index":1,"next":0,"prev":0}],"instr":147,"pc":{"pc":2147484552,"pc_next":2147484556}},{"csr_staged":[],"dec":{"has_imm":true,"imm":4294967295,"is_compressed":false,"opt":53,"rd":2,"rs1":0,"rs2":0,"tgt":2,"use_pc":false},"gpr_staged":[{"index":2,"next":4294967295,"prev":4294967295}],"instr":4293918995,"pc":{"pc":2147484556,"pc_next":2147484560}},{"csr_staged":[],"dec":{"has_imm":true,"imm":0,"is_compressed":false,"opt":53,"rd":0,"rs1":0,"rs2":0,"tgt":2,"use_pc":false},"gpr_staged":[{"index":0,"next":0,"prev":0}],"instr":19,"pc":{"pc":2147484560,"pc_next":2147484564}},{"csr_staged":[],"dec":{"has_imm":true,"imm":0,"is_compressed":false,"opt":53,"rd":0,"rs1":0,"rs2":0,"tgt":2,"use_pc":false},"gpr_staged":[{"index":0,"next":0,"prev":0}],"instr":19,"pc":{"pc":2147484564,"pc_next":2147484568}},{"csr_staged":[],"dec":{"has_imm":true,"imm":180,"is_compressed":false,"opt":24,"rd":0,"rs1":1,"rs2":2,"tgt":3,"use_pc":false},"gpr_staged":[],"instr":169921123,"pc":{"pc":2147484568,"pc_next":2147484572}},{"csr_staged":[],"dec":{"has_imm":true,"imm":1,"is_compressed":false,"opt":53,"rd":4,"rs1":4,"rs2":0,"tgt":2,"use_pc":false},"gpr_staged":[{"index":4,"next":2,"prev":1}],"instr":1180179,"pc":{"pc":2147484572,"pc_next":2147484576}},{"csr_staged":[],"dec":{"has_imm":true,"imm":2,"is_compressed":false,"opt":53,"rd":5,"rs1":0,"rs2":0,"tgt":2,"use_pc":false},"gpr_staged":[{"index":5,"next":2,"prev":2}],"instr":2097811,"pc":{"pc":2147484576,"pc_next":2147484580}},{"csr_staged":[],"dec":{"has_imm":true,"imm":4294967268,"is_compressed":false,"opt":21,"rd":0,"rs1":4,"rs2":5,"tgt":3,"use_pc":false},"gpr_staged":[],"instr":4266791651,"pc":{"pc":2147484580,"pc_next":2147484584}},{"csr_staged":[],"dec":{"has_imm":true,"imm":18,"is_compressed":false,"opt":53,"rd":3,"rs1":0,"rs2":0,"tgt":2,"use_pc":false},"gpr_staged":[{"index":3,"next":18,"prev":17}],"instr":18874771,"pc":{"pc":2147484584,"pc_next":2147484588}},{"csr_staged":[],"dec":{"has_imm":true,"imm":0,"is_compressed":false,"opt":53,"rd":4,"rs1":0,"rs2":0,"tgt":2,"use_pc":false},"gpr_staged":[{"index":4,"next":0,"prev":2}],"instr":531,"pc":{"pc":2147484588,"pc_next":2147484592}},{"csr_staged":[],"dec":{"has_imm":true,"imm":0,"is_compressed":false,"opt":53,"rd":1,"rs1":0,"rs2":0,"tgt":2,"use_pc":false},"gpr_staged":[{"index":1,"next":0,"prev":0}],"instr":147,"pc":{"pc":2147484592,"pc_next":2147484596}},{"csr_staged":[],"dec":{"has_imm":true,"imm":0,"is_compressed":false,"opt":53,"rd":0,"rs1":0,"rs2":0,"tgt":2,"use_pc":false},"gpr_staged":[{"index":0,"next":0,"prev":0}],"instr":19,"pc":{"pc":2147484596,"pc_next":2147484600}},{"csr_staged":[],"dec":{"has_imm":true,"imm":4294967295,"is_compressed":false,"opt":53,"rd":2,"rs1":0,"rs2":0,"tgt":2,"use_pc":false},"gpr_staged":[{"index":2,"next":4294967295,"prev":4294967295}],"instr":4293918995,"pc":{"pc":2147484600,"pc_next":2147484604}},{"csr_staged":[],"dec":{"has_imm":true,"imm":144,"is_compressed":false,"opt":24,"rd":0,"rs1":1,"rs2":2,"tgt":3,"use_pc":false},"gpr_staged":[],"instr":136366179,"pc":{"pc":2147484604,"pc_next":2147484608}},{"csr_staged":[],"dec":{"has_imm":true,"imm":1,"is_compressed":false,"opt":53,"rd":4,"rs1":4,"rs2":0,"tgt":2,"use_pc":false},"gpr_staged":[{"index":4,"next":1,"prev":0}],"instr":1180179,"pc":{"pc":2147484608,"pc_next":2147484612}},{"csr_staged":[],"dec":{"has_imm":true,"imm":2,"is_compressed":false,"opt":53,"rd":5,"rs1":0,"rs2":0,"tgt":2,"use_pc":false},"gpr_staged":[{"index":5,"next":2,"prev":2}],"instr":2097811,"pc":{"pc":2147484612,"pc_next":2147484616}},{"csr_staged":[],"dec":{"has_imm":true,"imm":4294967272,"is_compressed":false,"opt":21,"rd":0,"rs1":4,"rs2":5,"tgt":3,"use_pc":false},"gpr_staged":[],"instr":4266792163,"pc":{"pc":2147484616,"pc_next":2147484592}},{"csr_staged":[],"dec":{"has_imm":true,"imm":0,"is_compressed":false,"opt":53,"rd":1,"rs1":0,"rs2":0,"tgt":2,"use_pc":false},"gpr_staged":[{"index":1,"next":0,"prev":0}],"instr":147,"pc":{"pc":2147484592,"pc_next":2147484596}},{"csr_staged":[],"dec":{"has_imm":true,"imm":0,"is_compressed":false,"opt":53,"rd":0,"rs1":0,"rs2":0,"tgt":2,"use_pc":false},"gpr_staged":[{"index":0,"next":0,"prev":0}],"instr":19,"pc":{"pc":2147484596,"pc_next":2147484600}},{"csr_staged":[],"dec":{"has_imm":true,"imm":4294967295,"is_compressed":false,"opt":53,"rd":2,"rs1":0,"rs2":0,"tgt":2,"use_pc":false},"gpr_staged":[{"index":2,"next":4294967295,"prev":4294967295}],"instr":4293918995,"pc":{"pc":2147484600,"pc_next":2147484604}},{"csr_staged":[],"dec":{"has_imm":true,"imm":144,"is_compressed":false,"opt":24,"rd":0,"rs1":1,"rs2":2,"tgt":3,"use_pc":false},"gpr_staged":[],"instr":136366179,"pc":{"pc":2147484604,"pc_next":2147484608}},{"csr_staged":[],"dec":{"has_imm":true,"imm":1,"is_compressed":false,"opt":53,"rd":4,"rs1":4,"rs2":0,"tgt":2,"use_pc":false},"gpr_staged":[{"index":4,"next":2,"prev":1}],"instr":1180179,"pc":{"pc":2147484608,"pc_next":2147484612}},{"csr_staged":[],"dec":{"has_imm":true,"imm":2,"is_compressed":false,"opt":53,"rd":5,"rs1":0,"rs2":0,"tgt":2,"use_pc":false},"gpr_staged":[{"index":5,"next":2,"prev":2}],"instr":2097811,"pc":{"pc":2147484612,"pc_next":2147484616}},{"csr_staged":[],"dec":{"has_imm":true,"imm":4294967272,"is_compressed":false,"opt":21,"rd":0,"rs1":4,"rs2":5,"tgt":3,"use_pc":false},"gpr_staged":[],"instr":4266792163,"pc":{"pc":2147484616,"pc_next":2147484620}},{"csr_staged":[],"dec":{"has_imm":true,"imm":19,"is_compressed":false,"opt":53,"rd":3,"rs1":0,"rs2":0,"tgt":2,"use_pc":false},"gpr_staged":[{"index":3,"next":19,"prev":18}],"instr":19923347,"pc":{"pc":2147484620,"pc_next":2147484624}},{"csr_staged":[],"dec":{"has_imm":true,"imm":0,"is_compressed":false,"opt":53,"rd":4,"rs1":0,"rs2":0,"tgt":2,"use_pc":false},"gpr_staged":[{"index":4,"next":0,"prev":2}],"instr":531,"pc":{"pc":2147484624,"pc_next":2147484628}},{"csr_staged":[],"dec":{"has_imm":true,"imm":0,"is_compressed":false,"opt":53,"rd":1,"rs1":0,"rs2":0,"tgt":2,"use_pc":false},"gpr_staged":[{"index":1,"next":0,"prev":0}],"instr":147,"pc":{"pc":2147484628,"pc_next":2147484632}},{"csr_staged":[],"dec":{"has_imm":true,"imm":0,"is_compressed":false,"opt":53,"rd":0,"rs1":0,"rs2":0,"tgt":2,"use_pc":false},"gpr_staged":[{"index":0,"next":0,"prev":0}],"instr":19,"pc":{"pc":2147484632,"pc_next":2147484636}},{"csr_staged":[],"dec":{"has_imm":true,"imm":4294967295,"is_compressed":false,"opt":53,"rd":2,"rs1":0,"rs2":0,"tgt":2,"use_pc":false},"gpr_staged":[{"index":2,"next":4294967295,"prev":4294967295}],"instr":4293918995,"pc":{"pc":2147484636,"pc_next":2147484640}},{"csr_staged":[],"dec":{"has_imm":true,"imm":0,"is_compressed":false,"opt":53,"rd":0,"rs1":0,"rs2":0,"tgt":2,"use_pc":false},"gpr_staged":[{"index":0,"next":0,"prev":0}],"instr":19,"pc":{"pc":2147484640,"pc_next":2147484644}},{"csr_staged":[],"dec":{"has_imm":true,"imm":104,"is_compressed":false,"opt":24,"rd":0,"rs1":1,"rs2":2,"tgt":3,"use_pc":false},"gpr_staged":[],"instr":102810723,"pc":{"pc":2147484644,"pc_next":2147484648}},{"csr_staged":[],"dec":{"has_imm":true,"imm":1,"is_compressed":false,"opt":53,"rd":4,"rs1":4,"rs2":0,"tgt":2,"use_pc":false},"gpr_staged":[{"index":4,"next":1,"prev":0}],"instr":1180179,"pc":{"pc":2147484648,"pc_next":2147484652}},{"csr_staged":[],"dec":{"has_imm":true,"imm":2,"is_compressed":false,"opt":53,"rd":5,"rs1":0,"rs2":0,"tgt":2,"use_pc":false},"gpr_staged":[{"index":5,"next":2,"prev":2}],"instr":2097811,"pc":{"pc":2147484652,"pc_next":2147484656}},{"csr_staged":[],"dec":{"has_imm":true,"imm":4294967268,"is_compressed":false,"opt":21,"rd":0,"rs1":4,"rs2":5,"tgt":3,"use_pc":false},"gpr_staged":[],"instr":4266791651,"pc":{"pc":2147484656,"pc_next":2147484628}},{"csr_staged":[],"dec":{"has_imm":true,"imm":0,"is_compressed":false,"opt":53,"rd":1,"rs1":0,"rs2":0,"tgt":2,"use_pc":false},"gpr_staged":[{"index":1,"next":0,"prev":0}],"instr":147,"pc":{"pc":2147484628,"pc_next":2147484632}},{"csr_staged":[],"dec":{"has_imm":true,"imm":0,"is_compressed":false,"opt":53,"rd":0,"rs1":0,"rs2":0,"tgt":2,"use_pc":false},"gpr_staged":[{"index":0,"next":0,"prev":0}],"instr":19,"pc":{"pc":2147484632,"pc_next":2147484636}},{"csr_staged":[],"dec":{"has_imm":true,"imm":4294967295,"is_compressed":false,"opt":53,"rd":2,"rs1":0,"rs2":0,"tgt":2,"use_pc":false},"gpr_staged":[{"index":2,"next":4294967295,"prev":4294967295}],"instr":4293918995,"pc":{"pc":2147484636,"pc_next":2147484640}},{"csr_staged":[],"dec":{"has_imm":true,"imm":0,"is_compressed":false,"opt":53,"rd":0,"rs1":0,"rs2":0,"tgt":2,"use_pc":false},"gpr_staged":[{"index":0,"next":0,"prev":0}],"instr":19,"pc":{"pc":2147484640,"pc_next":2147484644}},{"csr_staged":[],"dec":{"has_imm":true,"imm":104,"is_compressed":false,"opt":24,"rd":0,"rs1":1,"rs2":2,"tgt":3,"use_pc":false},"gpr_staged":[],"instr":102810723,"pc":{"pc":2147484644,"pc_next":2147484648}},{"csr_staged":[],"dec":{"has_imm":true,"imm":1,"is_compressed":false,"opt":53,"rd":4,"rs1":4,"rs2":0,"tgt":2,"use_pc":false},"gpr_staged":[{"index":4,"next":2,"prev":1}],"instr":1180179,"pc":{"pc":2147484648,"pc_next":2147484652}},{"csr_staged":[],"dec":{"has_imm":true,"imm":2,"is_compressed":false,"opt":53,"rd":5,"rs1":0,"rs2":0,"tgt":2,"use_pc":false},"gpr_staged":[{"index":5,"next":2,"prev":2}],"instr":2097811,"pc":{"pc":2147484652,"pc_next":2147484656}},{"csr_staged":[],"dec":{"has_imm":true,"imm":4294967268,"is_compressed":false,"opt":21,"rd":0,"rs1":4,"rs2":5,"tgt":3,"use_pc":false},"gpr_staged":[],"instr":4266791651,"pc":{"pc":2147484656,"pc_next":2147484660}},{"csr_staged":[],"dec":{"has_imm":true,"imm":20,"is_compressed":false,"opt":53,"rd":3,"rs1":0,"rs2":0,"tgt":2,"use_pc":false},"gpr_staged":[{"index":3,"next":20,"prev":19}],"instr":20971923,"pc":{"pc":2147484660,"pc_next":2147484664}},{"csr_staged":[],"dec":{"has_imm":true,"imm":0,"is_compressed":false,"opt":53,"rd":4,"rs1":0,"rs2":0,"tgt":2,"use_pc":false},"gpr_staged":[{"index":4,"next":0,"prev":2}],"instr":531,"pc":{"pc":2147484664,"pc_next":2147484668}},{"csr_staged":[],"dec":{"has_imm":true,"imm":0,"is_compressed":false,"opt":53,"rd":1,"rs1":0,"rs2":0,"tgt":2,"use_pc":false},"gpr_staged":[{"index":1,"next":0,"prev":0}],"instr":147,"pc":{"pc":2147484668,"pc_next":2147484672}},{"csr_staged":[],"dec":{"has_imm":true,"imm":0,"is_compressed":false,"opt":53,"rd":0,"rs1":0,"rs2":0,"tgt":2,"use_pc":false},"gpr_staged":[{"index":0,"next":0,"prev":0}],"instr":19,"pc":{"pc":2147484672,"pc_next":2147484676}},{"csr_staged":[],"dec":{"has_imm":true,"imm":0,"is_compressed":false,"opt":53,"rd":0,"rs1":0,"rs2":0,"tgt":2,"use_pc":false},"gpr_staged":[{"index":0,"next":0,"prev":0}],"instr":19,"pc":{"pc":2147484676,"pc_next":2147484680}},{"csr_staged":[],"dec":{"has_imm":true,"imm":4294967295,"is_compressed":false,"opt":53,"rd":2,"rs1":0,"rs2":0,"tgt":2,"use_pc":false},"gpr_staged":[{"index":2,"next":4294967295,"prev":4294967295}],"instr":4293918995,"pc":{"pc":2147484680,"pc_next":2147484684}},{"csr_staged":[],"dec":{"has_imm":true,"imm":64,"is_compressed":false,"opt":24,"rd":0,"rs1":1,"rs2":2,"tgt":3,"use_pc":false},"gpr_staged":[],"instr":69255267,"pc":{"pc":2147484684,"pc_next":2147484688}},{"csr_staged":[],"dec":{"has_imm":true,"imm":1,"is_compressed":false,"opt":53,"rd":4,"rs1":4,"rs2":0,"tgt":2,"use_pc":false},"gpr_staged":[{"index":4,"next":1,"prev":0}],"instr":1180179,"pc":{"pc":2147484688,"pc_next":2147484692}},{"csr_staged":[],"dec":{"has_imm":true,"imm":2,"is_compressed":false,"opt":53,"rd":5,"rs1":0,"rs2":0,"tgt":2,"use_pc":false},"gpr_staged":[{"index":5,"next":2,"prev":2}],"instr":2097811,"pc":{"pc":2147484692,"pc_next":2147484696}},{"csr_staged":[],"dec":{"has_imm":true,"imm":4294967268,"is_compressed":false,"opt":21,"rd":0,"rs1":4,"rs2":5,"tgt":3,"use_pc":false},"gpr_staged":[],"instr":4266791651,"pc":{"pc":2147484696,"pc_next":2147484668}},{"csr_staged":[],"dec":{"has_imm":true,"imm":0,"is_compressed":false,"opt":53,"rd":1,"rs1":0,"rs2":0,"tgt":2,"use_pc":false},"gpr_staged":[{"index":1,"next":0,"prev":0}],"instr":147,"pc":{"pc":2147484668,"pc_next":2147484672}},{"csr_staged":[],"dec":{"has_imm":true,"imm":0,"is_compressed":false,"opt":53,"rd":0,"rs1":0,"rs2":0,"tgt":2,"use_pc":false},"gpr_staged":[{"index":0,"next":0,"prev":0}],"instr":19,"pc":{"pc":2147484672,"pc_next":2147484676}},{"csr_staged":[],"dec":{"has_imm":true,"imm":0,"is_compressed":false,"opt":53,"rd":0,"rs1":0,"rs2":0,"tgt":2,"use_pc":false},"gpr_staged":[{"index":0,"next":0,"prev":0}],"instr":19,"pc":{"pc":2147484676,"pc_next":2147484680}},{"csr_staged":[],"dec":{"has_imm":true,"imm":4294967295,"is_compressed":false,"opt":53,"rd":2,"rs1":0,"rs2":0,"tgt":2,"use_pc":false},"gpr_staged":[{"index":2,"next":4294967295,"prev":4294967295}],"instr":4293918995,"pc":{"pc":2147484680,"pc_next":2147484684}},{"csr_staged":[],"dec":{"has_imm":true,"imm":64,"is_compressed":false,"opt":24,"rd":0,"rs1":1,"rs2":2,"tgt":3,"use_pc":false},"gpr_staged":[],"instr":69255267,"pc":{"pc":2147484684,"pc_next":2147484688}},{"csr_staged":[],"dec":{"has_imm":true,"imm":1,"is_compressed":false,"opt":53,"rd":4,"rs1":4,"rs2":0,"tgt":2,"use_pc":false},"gpr_staged":[{"index":4,"next":2,"prev":1}],"instr":1180179,"pc":{"pc":2147484688,"pc_next":2147484692}},{"csr_staged":[],"dec":{"has_imm":true,"imm":2,"is_compressed":false,"opt":53,"rd":5,"rs1":0,"rs2":0,"tgt":2,"use_pc":false},"gpr_staged":[{"index":5,"next":2,"prev":2}],"instr":2097811,"pc":{"pc":2147484692,"pc_next":2147484696}},{"csr_staged":[],"dec":{"has_imm":true,"imm":4294967268,"is_compressed":false,"opt":21,"rd":0,"rs1":4,"rs2":5,"tgt":3,"use_pc":false},"gpr_staged":[],"instr":4266791651,"pc":{"pc":2147484696,"pc_next":2147484700}},{"csr_staged":[],"dec":{"has_imm":true,"imm":21,"is_compressed":false,"opt":53,"rd":3,"rs1":0,"rs2":0,"tgt":2,"use_pc":false},"gpr_staged":[{"index":3,"next":21,"prev":20}],"instr":22020499,"pc":{"pc":2147484700,"pc_next":2147484704}},{"csr_staged":[],"dec":{"has_imm":true,"imm":1,"is_compressed":false,"opt":53,"rd":1,"rs1":0,"rs2":0,"tgt":2,"use_pc":false},"gpr_staged":[{"index":1,"next":1,"prev":0}],"instr":1048723,"pc":{"pc":2147484704,"pc_next":2147484708}},{"csr_staged":[],"dec":{"has_imm":true,"imm":20,"is_compressed":false,"opt":24,"rd":0,"rs1":0,"rs2":1,"tgt":3,"use_pc":false},"gpr_staged":[],"instr":1067619,"pc":{"pc":2147484708,"pc_next":2147484728}},{"csr_staged":[],"dec":{"has_imm":true,"imm":1,"is_compressed":false,"opt":53,"rd":1,"rs1":1,"rs2":0,"tgt":2,"use_pc":false},"gpr_staged":[{"index":1,"next":2,"prev":1}],"instr":1081491,"pc":{"pc":2147484728,"pc_next":2147484732}},{"csr_staged":[],"dec":{"has_imm":true,"imm":1,"is_compressed":false,"opt":53,"rd":1,"rs1":1,"rs2":0,"tgt":2,"use_pc":false},"gpr_staged":[{"index":1,"next":3,"prev":2}],"instr":1081491,"pc":{"pc":2147484732,"pc_next":2147484736}},{"csr_staged":[],"dec":{"has_imm":true,"imm":3,"is_compressed":false,"opt":53,"rd":7,"rs1":0,"rs2":0,"tgt":2,"use_pc":false},"gpr_staged":[{"index":7,"next":3,"prev":0}],"instr":3146643,"pc":{"pc":2147484736,"pc_next":2147484740}},{"csr_staged":[],"dec":{"has_imm":true,"imm":8,"is_compressed":false,"opt":21,"rd":0,"rs1":1,"rs2":7,"tgt":3,"use_pc":false},"gpr_staged":[],"instr":7378019,"pc":{"pc":2147484740,"pc_next":2147484744}},{"csr_staged":[],"dec":{"has_imm":true,"imm":32,"is_compressed":false,"opt":21,"rd":0,"rs1":0,"rs2":3,"tgt":3,"use_pc":false},"gpr_staged":[],"instr":36704355,"pc":{"pc":2147484744,"pc_next":2147484776}},{"csr_staged":[],"dec":{"has_imm":true,"imm":0,"is_compressed":false,"opt":53,"rd":0,"rs1":0,"rs2":0,"tgt":2,"use_pc":false},"gpr_staged":[{"index":0,"next":0,"prev":0}],"instr":267386895,"pc":{"pc":2147484776,"pc_next":2147484780}},{"csr_staged":[],"dec":{"has_imm":true,"imm":1,"is_compressed":false,"opt":53,"rd":3,"rs1":0,"rs2":0,"tgt":2,"use_pc":false},"gpr_staged":[{"index":3,"next":1,"prev":21}],"instr":1048979,"pc":{"pc":2147484780,"pc_next":2147484784}},{"csr_staged":[],"dec":{"has_imm":true,"imm":93,"is_compressed":false,"opt":53,"rd":17,"rs1":0,"rs2":0,"tgt":2,"use_pc":false},"gpr_staged":[{"index":17,"next":93,"prev":0}],"instr":97519763,"pc":{"pc":2147484784,"pc_next":2147484788}},{"csr_staged":[],"dec":{"has_imm":true,"imm":0,"is_compressed":false,"opt":53,"rd":10,"rs1":0,"rs2":0,"tgt":2,"use_pc":false},"gpr_staged":[{"index":10,"next":0,"prev":0}],"instr":1299,"pc":{"pc":2147484788,"pc_next":2147484792}},{"csr_staged":[{"index":66,"next":8,"prev":0},{"index":67,"next":0,"prev":0},{"index":65,"next":2147484792,"prev":0}],"dec":{"has_imm":false,"imm":0,"is_compressed":false,"opt":0,"rd":0,"rs1":0,"rs2":0,"tgt":8,"use_pc":false},"gpr_staged":[],"instr":115,"pc":{"pc":2147484792,"pc_next":0}}]