[{"csr_staged":[],"dec":{"has_imm":true,"imm":80,"is_compressed":false,"opt":69,"rd":0,"rs1":0,"rs2":0,"tgt":2,"use_pc":true},"gpr_staged":[{"index":0,"next":2147483652,"prev":0}],"instr":83886191,"pc":{"pc":2147483648,"pc_next":2147483728}},{"csr_staged":[],"dec":{"has_imm":true,"imm":0,"is_compressed":false,"opt":53,"rd":1,"rs1":0,"rs2":0,"tgt":2,"use_pc":false},"gpr_staged":[{"index":1,"next":0,"prev":0}],"instr":147,"pc":{"pc":2147483728,"pc_next":2147483732}},{"csr_staged":[],"dec":{"has_imm":true,"imm":0,"is_compressed":false,"opt":53,"rd":2,"rs1":0,"rs2":0,"tgt":2,"use_pc":false},"gpr_staged":[{"index":2,"next":0,"prev":0}],"instr":275,"pc":{"pc":2147483732,"pc_next":2147483736}},{"csr_staged":[],"dec":{"has_imm":true,"imm":0,"is_compressed":false,"opt":53,"rd":3,"rs1":0,"rs2":0,"tgt":2,"use_pc":false},"gpr_staged":[{"index":3,"next":0,"prev":0}],"instr":403,"pc":{"pc":2147483736,"pc_next":2147483740}},{"csr_staged":[],"dec":{"has_imm":true,"imm":0,"is_compressed":false,"opt":53,"rd":4,"rs1":0,"rs2":0,"tgt":2,"use_pc":false},"gpr_staged":[{"index":4,"next":0,"prev":0}],"instr":531,"pc":{"pc":2147483740,"pc_next":2147483744}},{"csr_staged":[],"dec":{"has_imm":true,"imm":0,"is_compressed":false,"opt":53,"rd":5,"rs1":0,"rs2":0,"tgt":2,"use_pc":false},"gpr_staged":[{"index":5,"next":0,"prev":0}],"instr":659,"pc":{"pc":2147483744,"pc_next":2147483748}},{"csr_staged":[],"dec":{"has_imm":true,"imm":0,"is_compressed":false,"opt":53,"rd":6,"rs1":0,"rs2":0,"tgt":2,"use_pc":false},"gpr_staged":[{"index":6,"next":0,"prev":0}],"instr":787,"pc":{"pc":2147483748,"pc_next":2147483752}},{"csr_staged":[],"dec":{"has_imm":true,"imm":0,"is_compressed":false,"opt":53,"rd":7,"rs1":0,"rs2":0,"tgt":2,"use_pc":false},"gpr_staged":[{"index":7,"next":0,"prev":0}],"instr":915,"pc":{"pc":2147483752,"pc_next":2147483756}},{"csr_staged":[],"dec":{"has_imm":true,"imm":0,"is_compressed":false,"opt":53,"rd":8,"rs1":0,"rs2":0,"tgt":2,"use_pc":false},"gpr_staged":[{"index":8,"next":0,"prev":0}],"instr":1043,"pc":{"pc":2147483756,"pc_next":2147483760}},{"csr_staged":[],"dec":{"has_imm":true,"imm":0,"is_compressed":false,"opt":53,"rd":9,"rs1":0,"rs2":0,"tgt":2,"use_pc":false},"gpr_staged":[{"index":9,"next":0,"prev":0}],"instr":1171,"pc":{"pc":2147483760,"pc_next":2147483764}},{"csr_staged":[],"dec":{"has_imm":true,"imm":0,"is_compressed":false,"opt":53,"rd":10,"rs1":0,"rs2":0,"tgt":2,"use_pc":false},"gpr_staged":[{"index":10,"next":0,"prev":0}],"instr":1299,"pc":{"pc":2147483764,"pc_next":2147483768}},{"csr_staged":[],"dec":{"has_imm":true,"imm":0,"is_compressed":false,"opt":53,"rd":11,"rs1":0,"rs2":0,"tgt":2,"use_pc":false},"gpr_staged":[{"index":11,"next":0,"prev":0}],"instr":1427,"pc":{"pc":2147483768,"pc_next":2147483772}},{"csr_staged":[],"dec":{"has_imm":true,"imm":0,"is_compressed":false,"opt":53,"rd":12,"rs1":0,"rs2":0,"tgt":2,"use_pc":false},"gpr_staged":[{"index":12,"next":0,"prev":0}],"instr":1555,"pc":{"pc":2147483772,"pc_next":2147483776}},{"csr_staged":[],"dec":{"has_imm":true,"imm":0,"is_compressed":false,"opt":53,"rd":13,"rs1":0,"rs2":0,"tgt":2,"use_pc":false},"gpr_staged":[{"index":13,"next":0,"prev":0}],"instr":1683,"pc":{"pc":2147483776,"pc_next":2147483780}},{"csr_staged":[],"dec":{"has_imm":true,"imm":0,"is_compressed":false,"opt":53,"rd":14,"rs1":0,"rs2":0,"tgt":2,"use_pc":false},"gpr_staged":[{"index":14,"next":0,"prev":0}],"instr":1811,"pc":{"pc":2147483780,"pc_next":2147483784}},{"csr_staged":[],"dec":{"has_imm":true,"imm":0,"is_compressed":false,"opt":53,"rd":15,"rs1":0,"rs2":0,"tgt":2,"use_pc":false},"gpr_staged":[{"index":15,"next":0,"prev":0}],"instr":1939,"pc":{"pc":2147483784,"pc_next":2147483788}},{"csr_staged":[],"dec":{"has_imm":true,"imm":0,"is_compressed":false,"opt":53,"rd":16,"rs1":0,"rs2":0,"tgt":2,"use_pc":false},"gpr_staged":[{"index":16,"next":0,"prev":0}],"instr":2067,"pc":{"pc":2147483788,"pc_next":2147483792}},{"csr_staged":[],"dec":{"has_imm":true,"imm":0,"is_compressed":false,"opt":53,"rd":17,"rs1":0,"rs2":0,"tgt":2,"use_pc":false},"gpr_staged":[{"index":17,"next":0,"prev":0}],"instr":2195,"pc":{"pc":2147483792,"pc_next":2147483796}},{"csr_staged":[],"dec":{"has_imm":true,"imm":0,"is_compressed":false,"opt":53,"rd":18,"rs1":0,"rs2":0,"tgt":2,"use_pc":false},"gpr_staged":[{"index":18,"next":0,"prev":0}],"instr":2323,"pc":{"pc":2147483796,"pc_next":2147483800}},{"csr_staged":[],"dec":{"has_imm":true,"imm":0,"is_compressed":false,"opt":53,"rd":19,"rs1":0,"rs2":0,"tgt":2,"use_pc":false},"gpr_staged":[{"index":19,"next":0,"prev":0}],"instr":2451,"pc":{"pc":2147483800,"pc_next":2147483804}},{"csr_staged":[],"dec":{"has_imm":true,"imm":0,"is_compressed":false,"opt":53,"rd":20,"rs1":0,"rs2":0,"tgt":2,"use_pc":false},"gpr_staged":[{"index":20,"next":0,"prev":0}],"instr":2579,"pc":{"pc":2147483804,"pc_next":2147483808}},{"csr_staged":[],"dec":{"has_imm":true,"imm":0,"is_compressed":false,"opt":53,"rd":21,"rs1":0,"rs2":0,"tgt":2,"use_pc":false},"gpr_staged":[{"index":21,"next":0,"prev":0}],"instr":2707,"pc":{"pc":2147483808,"pc_next":2147483812}},{"csr_staged":[],"dec":{"has_imm":true,"imm":0,"is_compressed":false,"opt":53,"rd":22,"rs1":0,"rs2":0,"tgt":2,"use_pc":false},"gpr_staged":[{"index":22,"next":0,"prev":0}],"instr":2835,"pc":{"pc":2147483812,"pc_next":2147483816}},{"csr_staged":[],"dec":{"has_imm":true,"imm":0,"is_compressed":false,"opt":53,"rd":23,"rs1":0,"rs2":0,"tgt":2,"use_pc":false},"gpr_staged":[{"index":23,"next":0,"prev":0}],"instr":2963,"pc":{"pc":2147483816,"pc_next":2147483820}},{"csr_staged":[],"dec":{"has_imm":true,"imm":0,"is_compressed":false,"opt":53,"rd":24,"rs1":0,"rs2":0,"tgt":2,"use_pc":false},"gpr_staged":[{"index":24,"next":0,"prev":0}],"instr":3091,"pc":{"pc":2147483820,"pc_next":2147483824}},{"csr_staged":[],"dec":{"has_imm":true,"imm":0,"is_compressed":false,"opt":53,"rd":25,"rs1":0,"rs2":0,"tgt":2,"use_pc":false},"gpr_staged":[{"index":25,"next":0,"prev":0}],"instr":3219,"pc":{"pc":2147483824,"pc_next":2147483828}},{"csr_staged":[],"dec":{"has_imm":true,"imm":0,"is_compressed":false,"opt":53,"rd":26,"rs1":0,"rs2":0,"tgt":2,"use_pc":false},"gpr_staged":[{"index":26,"next":0,"prev":0}],"instr":3347,"pc":{"pc":2147483828,"pc_next":2147483832}},{"csr_staged":[],"dec":{"has_imm":true,"imm":0,"is_compressed":false,"opt":53,"rd":27,"rs1":0,"rs2":0,"tgt":2,"use_pc":false},"gpr_staged":[{"index":27,"next":0,"prev":0}],"instr":3475,"pc":{"pc":2147483832,"pc_next":2147483836}},{"csr_staged":[],"dec":{"has_imm":true,"imm":0,"is_compressed":false,"opt":53,"rd":28,"rs1":0,"rs2":0,"tgt":2,"use_pc":false},"gpr_staged":[{"index":28,"next":0,"prev":0}],"instr":3603,"pc":{"pc":2147483836,"pc_next":2147483840}},{"csr_staged":[],"dec":{"has_imm":true,"imm":0,"is_compressed":false,"opt":53,"rd":29,"rs1":0,"rs2":0,"tgt":2,"use_pc":false},"gpr_staged":[{"index":29,"next":0,"prev":0}],"instr":3731,"pc":{"pc":2147483840,"pc_next":2147483844}},{"csr_staged":[],"dec":{"has_imm":true,"imm":0,"is_compressed":false,"opt":53,"rd":30,"rs1":0,"rs2":0,"tgt":2,"use_pc":false},"gpr_staged":[{"index":30,"next":0,"prev":0}],"instr":3859,"pc":{"pc":2147483844,"pc_next":2147483848}},{"csr_staged":[],"dec":{"has_imm":true,"imm":0,"is_compressed":false,"opt":53,"rd":31,"rs1":0,"rs2":0,"tgt":2,"use_pc":false},"gpr_staged":[{"index":31,"next":0,"prev":0}],"instr":3987,"pc":{"pc":2147483848,"pc_next":2147483852}},{"csr_staged":[],"dec":{"has_imm":true,"imm":3860,"is_compressed":false,"opt":3,"rd":10,"rs1":0,"rs2":0,"tgt":4,"use_pc":false},"gpr_staged":[{"index":10,"next":0,"prev":0}],"instr":4047512947,"pc":{"pc":2147483852,"pc_next":2147483856}},{"csr_staged":[],"dec":{"has_imm":true,"imm":0,"is_compressed":false,"opt":21,"rd":0,"rs1":10,"rs2":0,"tgt":3,"use_pc":false},"gpr_staged":[],"instr":331875,"pc":{"pc":2147483856,"pc_next":2147483860}},{"csr_staged":[],"dec":{"has_imm":true,"imm":0,"is_compressed":false,"opt":68,"rd":5,"rs1":0,"rs2":0,"tgt":2,"use_pc":true},"gpr_staged":[{"index":5,"next":2147483860,"prev":0}],"instr":663,"pc":{"pc":2147483860,"pc_next":2147483864}},{"csr_staged":[],"dec":{"has_imm":true,"imm":16,"is_compressed":false,"opt":53,"rd":5,"rs1":5,"rs2":0,"tgt":2,"use_pc":false},"gpr_staged":[{"index":5,"next":2147483876,"prev":2147483860}],"instr":16941715,"pc":{"pc":2147483864,"pc_next":2147483868}},{"csr_staged":[{"index":773,"next":2147483876,"prev":0}],"dec":{"has_imm":true,"imm":773,"is_compressed":false,"opt":2,"rd":0,"rs1":5,"rs2":0,"tgt":4,"use_pc":false},"gpr_staged":[{"index":0,"next":0,"prev":0}],"instr":810717299,"pc":{"pc":2147483868,"pc_next":2147483872}},{"csr_staged":[{"index":1860,"next":8,"prev":0}],"dec":{"has_imm":true,"imm":1860,"is_compressed":false,"opt":6,"rd":0,"rs1":8,"rs2":0,"tgt":4,"use_pc":false},"gpr_staged":[{"index":0,"next":0,"prev":0}],"instr":1950634099,"pc":{"pc":2147483872,"pc_next":2147483876}},{"csr_staged":[],"dec":{"has_imm":true,"imm":0,"is_compressed":false,"opt":68,"rd":5,"rs1":0,"rs2":0,"tgt":2,"use_pc":true},"gpr_staged":[{"index":5,"next":2147483876,"prev":2147483876}],"instr":663,"pc":{"pc":2147483876,"pc_next":2147483880}},{"csr_staged":[],"dec":{"has_imm":true,"imm":16,"is_compressed":false,"opt":53,"rd":5,"rs1":5,"rs2":0,"tgt":2,"use_pc":false},"gpr_staged":[{"index":5,"next":2147483892,"prev":2147483876}],"instr":16941715,"pc":{"pc":2147483880,"pc_next":2147483884}},{"csr_staged":[{"index":773,"next":2147483892,"prev":2147483876}],"dec":{"has_imm":true,"imm":773,"is_compressed":false,"opt":2,"rd":0,"rs1":5,"rs2":0,"tgt":4,"use_pc":false},"gpr_staged":[{"index":0,"next":2147483876,"prev":0}],"instr":810717299,"pc":{"pc":2147483884,"pc_next":2147483888}},{"csr_staged":[{"index":384,"next":0,"prev":0}],"dec":{"has_imm":true,"imm":384,"is_compressed":false,"opt":6,"rd":0,"rs1":0,"rs2":0,"tgt":4,"use_pc":false},"gpr_staged":[{"index":0,"next":0,"prev":0}],"instr":402673779,"pc":{"pc":2147483888,"pc_next":2147483892}},{"csr_staged":[],"dec":{"has_imm":true,"imm":0,"is_compressed":false,"opt":68,"rd":5,"rs1":0,"rs2":0,"tgt":2,"use_pc":true},"gpr_staged":[{"index":5,"next":2147483892,"prev":2147483892}],"instr":663,"pc":{"pc":2147483892,"pc_next":2147483896}},{"csr_staged":[],"dec":{"has_imm":true,"imm":32,"is_compressed":false,"opt":53,"rd":5,"rs1":5,"rs2":0,"tgt":2,"use_pc":false},"gpr_staged":[{"index":5,"next":2147483924,"prev":2147483892}],"instr":33718931,"pc":{"pc":2147483896,"pc_next":2147483900}},{"csr_staged":[{"index":773,"next":2147483924,"prev":2147483892}],"dec":{"has_imm":true,"imm":773,"is_compressed":false,"opt":2,"rd":0,"rs1":5,"rs2":0,"tgt":4,"use_pc":false},"gpr_staged":[{"index":0,"next":2147483892,"prev":0}],"instr":810717299,"pc":{"pc":2147483900,"pc_next":2147483904}},{"csr_staged":[],"dec":{"has_imm":true,"imm":2147483648,"is_compressed":false,"opt":53,"rd":5,"rs1":0,"rs2":0,"tgt":2,"use_pc":false},"gpr_staged":[{"index":5,"next":2147483648,"prev":2147483924}],"instr":2147484343,"pc":{"pc":2147483904,"pc_next":2147483908}},{"csr_staged":[],"dec":{"has_imm":true,"imm":4294967295,"is_compressed":false,"opt":53,"rd":5,"rs1":5,"rs2":0,"tgt":2,"use_pc":false},"gpr_staged":[{"index":5,"next":2147483647,"prev":2147483648}],"instr":4294083219,"pc":{"pc":2147483908,"pc_next":2147483912}},{"csr_staged":[{"index":944,"next":2147483647,"prev":0}],"dec":{"has_imm":true,"imm":944,"is_compressed":false,"opt":2,"rd":0,"rs1":5,"rs2":0,"tgt":4,"use_pc":false},"gpr_staged":[{"index":0,"next":0,"prev":0}],"instr":990023795,"pc":{"pc":2147483912,"pc_next":2147483916}},{"csr_staged":[],"dec":{"has_imm":true,"imm":31,"is_compressed":false,"opt":53,"rd":5,"rs1":0,"rs2":0,"tgt":2,"use_pc":false},"gpr_staged":[{"index":5,"next":31,"prev":2147483647}],"instr":32506515,"pc":{"pc":2147483916,"pc_next":2147483920}},{"csr_staged":[{"index":928,"next":31,"prev":0}],"dec":{"has_imm":true,"imm":928,"is_compressed":false,"opt":2,"rd":0,"rs1":5,"rs2":0,"tgt":4,"use_pc":false},"gpr_staged":[{"index":0,"next":0,"prev":0}],"instr":973246579,"pc":{"pc":2147483920,"pc_next":2147483924}},{"csr_staged":[{"index":772,"next":0,"prev":0}],"dec":{"has_imm":true,"imm":772,"is_compressed":false,"opt":6,"rd":0,"rs1":0,"rs2":0,"tgt":4,"use_pc":false},"gpr_staged":[{"index":0,"next":0,"prev":0}],"instr":809521267,"pc":{"pc":2147483924,"pc_next":2147483928}},{"csr_staged":[],"dec":{"has_imm":true,"imm":0,"is_compressed":false,"opt":68,"rd":5,"rs1":0,"rs2":0,"tgt":2,"use_pc":true},"gpr_staged":[{"index":5,"next":2147483928,"prev":31}],"instr":663,"pc":{"pc":2147483928,"pc_next":2147483932}},{"csr_staged":[],"dec":{"has_imm":true,"imm":20,"is_compressed":false,"opt":53,"rd":5,"rs1":5,"rs2":0,"tgt":2,"use_pc":false},"gpr_staged":[{"index":5,"next":2147483948,"prev":2147483928}],"instr":21136019,"pc":{"pc":2147483932,"pc_next":2147483936}},{"csr_staged":[{"index":773,"next":2147483948,"prev":2147483924}],"dec":{"has_imm":true,"imm":773,"is_compressed":false,"opt":2,"rd":0,"rs1":5,"rs2":0,"tgt":4,"use_pc":false},"gpr_staged":[{"index":0,"next":2147483924,"prev":0}],"instr":810717299,"pc":{"pc":2147483936,"pc_next":2147483940}},{"csr_staged":[{"index":770,"next":0,"prev":0}],"dec":{"has_imm":true,"imm":770,"is_compressed":false,"opt":6,"rd":0,"rs1":0,"rs2":0,"tgt":4,"use_pc":false},"gpr_staged":[{"index":0,"next":0,"prev":0}],"instr":807424115,"pc":{"pc":2147483940,"pc_next":2147483944}},{"csr_staged":[{"index":771,"next":0,"prev":0}],"dec":{"has_imm":true,"imm":771,"is_compressed":false,"opt":6,"rd":0,"rs1":0,"rs2":0,"tgt":4,"use_pc":false},"gpr_staged":[{"index":0,"next":0,"prev":0}],"instr":808472691,"pc":{"pc":2147483944,"pc_next":2147483948}},{"csr_staged":[],"dec":{"has_imm":true,"imm":0,"is_compressed":false,"opt":53,"rd":3,"rs1":0,"rs2":0,"tgt":2,"use_pc":false},"gpr_staged":[{"index":3,"next":0,"prev":0}],"instr":403,"pc":{"pc":2147483948,"pc_next":2147483952}},{"csr_staged":[],"dec":{"has_imm":true,"imm":0,"is_compressed":false,"opt":68,"rd":5,"rs1":0,"rs2":0,"tgt":2,"use_pc":true},"gpr_staged":[{"index":5,"next":2147483952,"prev":2147483948}],"instr":663,"pc":{"pc":2147483952,"pc_next":2147483956}},{"csr_staged":[],"dec":{"has_imm":true,"imm":4294966996,"is_compressed":false,"opt":53,"rd":5,"rs1":5,"rs2":0,"tgt":2,"use_pc":false},"gpr_staged":[{"index":5,"next":2147483652,"prev":2147483952}],"instr":3980558995,"pc":{"pc":2147483956,"pc_next":2147483960}},{"csr_staged":[{"index":773,"next":2147483652,"prev":2147483948}],"dec":{"has_imm":true,"imm":773,"is_compressed":false,"opt":2,"rd":0,"rs1":5,"rs2":0,"tgt":4,"use_pc":false},"gpr_staged":[{"index":0,"next":2147483948,"prev":0}],"instr":810717299,"pc":{"pc":2147483960,"pc_next":2147483964}},{"csr_staged":[],"dec":{"has_imm":true,"imm":1,"is_compressed":false,"opt":53,"rd":10,"rs1":0,"rs2":0,"tgt":2,"use_pc":false},"gpr_staged":[{"index":10,"next":1,"prev":0}],"instr":1049875,"pc":{"pc":2147483964,"pc_next":2147483968}},{"csr_staged":[],"dec":{"has_imm":true,"imm":31,"is_compressed":false,"opt":55,"rd":10,"rs1":10,"rs2":0,"tgt":2,"use_pc":false},"gpr_staged":[{"index":10,"next":2147483648,"prev":1}],"instr":32838931,"pc":{"pc":2147483968,"pc_next":2147483972}},{"csr_staged":[],"dec":{"has_imm":true,"imm":24,"is_compressed":false,"opt":24,"rd":0,"rs1":10,"rs2":0,"tgt":3,"use_pc":false},"gpr_staged":[],"instr":347235,"pc":{"pc":2147483972,"pc_next":2147483996}},{"csr_staged":[],"dec":{"has_imm":true,"imm":0,"is_compressed":false,"opt":53,"rd":5,"rs1":0,"rs2":0,"tgt":2,"use_pc":false},"gpr_staged":[{"index":5,"next":0,"prev":2147483652}],"instr":659,"pc":{"pc":2147483996,"pc_next":2147484000}},{"csr_staged":[],"dec":{"has_imm":true,"imm":20,"is_compressed":false,"opt":20,"rd":0,"rs1":5,"rs2":0,"tgt":3,"use_pc":false},"gpr_staged":[],"instr":166499,"pc":{"pc":2147484000,"pc_next":2147484020}},{"csr_staged":[{"index":768,"next":0,"prev":0}],"dec":{"has_imm":true,"imm":768,"is_compressed":false,"opt":6,"rd":0,"rs1":0,"rs2":0,"tgt":4,"use_pc":false},"gpr_staged":[{"index":0,"next":0,"prev":0}],"instr":805326963,"pc":{"pc":2147484020,"pc_next":2147484024}},{"csr_staged":[],"dec":{"has_imm":true,"imm":0,"is_compressed":false,"opt":68,"rd":5,"rs1":0,"rs2":0,"tgt":2,"use_pc":true},"gpr_staged":[{"index":5,"next":2147484024,"prev":0}],"instr":663,"pc":{"pc":2147484024,"pc_next":2147484028}},{"csr_staged":[],"dec":{"has_imm":true,"imm":20,"is_compressed":false,"opt":53,"rd":5,"rs1":5,"rs2":0,"tgt":2,"use_pc":false},"gpr_staged":[{"index":5,"next":2147484044,"prev":2147484024}],"instr":21136019,"pc":{"pc":2147484028,"pc_next":2147484032}},{"csr_staged":[{"index":833,"next":2147484044,"prev":0}],"dec":{"has_imm":true,"imm":833,"is_compressed":false,"opt":2,"rd":0,"rs1":5,"rs2":0,"tgt":4,"use_pc":false},"gpr_staged":[{"index":0,"next":0,"prev":0}],"instr":873631859,"pc":{"pc":2147484032,"pc_next":2147484036}},{"csr_staged":[],"dec":{"has_imm":true,"imm":3860,"is_compressed":false,"opt":3,"rd":10,"rs1":0,"rs2":0,"tgt":4,"use_pc":false},"gpr_staged":[{"index":10,"next":0,"prev":2147483648}],"instr":4047512947,"pc":{"pc":2147484036,"pc_next":2147484040}},{"csr_staged":[{"index":768,"next":6272,"prev":0}],"dec":{"has_imm":false,"imm":0,"is_compressed":false,"opt":0,"rd":0,"rs1":0,"rs2":0,"tgt":5,"use_pc":false},"gpr_staged":[],"instr":807403635,"pc":{"pc":2147484040,"pc_next":2147484044}},{"csr_staged":[],"dec":{"has_imm":true,"imm":8192,"is_compressed":false,"opt":68,"rd":8,"rs1":0,"rs2":0,"tgt":2,"use_pc":true},"gpr_staged":[{"index":8,"next":2147492236,"prev":0}],"instr":9239,"pc":{"pc":2147484044,"pc_next":2147484048}},{"csr_staged":[],"dec":{"has_imm":true,"imm":4294966900,"is_compressed":false,"opt":53,"rd":8,"rs1":8,"rs2":0,"tgt":2,"use_pc":false},"gpr_staged":[{"index":8,"next":2147491840,"prev":2147492236}],"instr":3879994387,"pc":{"pc":2147484048,"pc_next":2147484052}},{"csr_staged":[],"dec":{"has_imm":true,"imm":1,"is_compressed":false,"opt":53,"rd":3,"rs1":0,"rs2":0,"tgt":2,"use_pc":false},"gpr_staged":[{"index":3,"next":1,"prev":0}],"instr":1048979,"pc":{"pc":2147484052,"pc_next":2147484056}},{"csr_staged":[],"dec":{"has_imm":true,"imm":513,"is_compressed":false,"opt":53,"rd":6,"rs1":0,"rs2":0,"tgt":2,"use_pc":false},"gpr_staged":[{"index":6,"next":513,"prev":0}],"instr":537920275,"pc":{"pc":2147484056,"pc_next":2147484060}},{"csr_staged":[],"dec":{"has_imm":true,"imm":1,"is_compressed":false,"opt":41,"rd":7,"rs1":8,"rs2":0,"tgt":0,"use_pc":false},"gpr_staged":[{"index":7,"next":513,"prev":0}],"instr":1315715,"pc":{"pc":2147484060,"pc_next":2147484064}},{"csr_staged":[],"dec":{"has_imm":true,"imm":1336,"is_compressed":false,"opt":21,"rd":0,"rs1":6,"rs2":7,"tgt":3,"use_pc":false},"gpr_staged":[],"instr":1383275619,"pc":{"pc":2147484064,"pc_next":2147484068}},{"csr_staged":[],"dec":{"has_imm":true,"imm":2,"is_compressed":false,"opt":53,"rd":3,"rs1":0,"rs2":0,"tgt":2,"use_pc":false},"gpr_staged":[{"index":3,"next":2,"prev":1}],"instr":2097555,"pc":{"pc":2147484068,"pc_next":2147484072}},{"csr_staged":[],"dec":{"has_imm":true,"imm":513,"is_compressed":false,"opt":53,"rd":6,"rs1":0,"rs2":0,"tgt":2,"use_pc":false},"gpr_staged":[{"index":6,"next":513,"prev":513}],"instr":537920275,"pc":{"pc":2147484072,"pc_next":2147484076}},{"csr_staged":[],"dec":{"has_imm":true,"imm":1,"is_compressed":false,"opt":45,"rd":7,"rs1":8,"rs2":0,"tgt":0,"use_pc":false},"gpr_staged":[{"index":7,"next":513,"prev":513}],"instr":1332099,"pc":{"pc":2147484076,"pc_next":2147484080}},{"csr_staged":[],"dec":{"has_imm":true,"imm":1320,"is_compressed":false,"opt":21,"rd":0,"rs1":6,"rs2":7,"tgt":3,"use_pc":false},"gpr_staged":[],"instr":1383273571,"pc":{"pc":2147484080,"pc_next":2147484084}},{"csr_staged":[],"dec":{"has_imm":true,"imm":3,"is_compressed":false,"opt":53,"rd":3,"rs1":0,"rs2":0,"tgt":2,"use_pc":false},"gpr_staged":[{"index":3,"next":3,"prev":2}],"instr":3146131,"pc":{"pc":2147484084,"pc_next":2147484088}},{"csr_staged":[],"dec":{"has_imm":true,"imm":67305472,"is_compressed":false,"opt":53,"rd":6,"rs1":0,"rs2":0,"tgt":2,"use_pc":false},"gpr_staged":[{"index":6,"next":67305472,"prev":513}],"instr":67306295,"pc":{"pc":2147484088,"pc_next":2147484092}},{"csr_staged":[],"dec":{"has_imm":true,"imm":513,"is_compressed":false,"opt":53,"rd":6,"rs1":6,"rs2":0,"tgt":2,"use_pc":false},"gpr_staged":[{"index":6,"next":67305985,"prev":67305472}],"instr":538116883,"pc":{"pc":2147484092,"pc_next":2147484096}},{"csr_staged":[],"dec":{"has_imm":true,"imm":1,"is_compressed":false,"opt":42,"rd":7,"rs1":8,"rs2":0,"tgt":0,"use_pc":false},"gpr_staged":[{"index":7,"next":67305985,"prev":513}],"instr":1319811,"pc":{"pc":2147484096,"pc_next":2147484100}},{"csr_staged":[],"dec":{"has_imm":true,"imm":1300,"is_compressed":false,"opt":21,"rd":0,"rs1":6,"rs2":7,"tgt":3,"use_pc":false},"gpr_staged":[],"instr":1349720675,"pc":{"pc":2147484100,"pc_next":2147484104}},{"csr_staged":[],"dec":{"has_imm":true,"imm":4,"is_compressed":false,"opt":53,"rd":3,"rs1":0,"rs2":0,"tgt":2,"use_pc":false},"gpr_staged":[{"index":3,"next":4,"prev":3}],"instr":4194707,"pc":{"pc":2147484104,"pc_next":2147484108}},{"csr_staged":[],"dec":{"has_imm":true,"imm":84148224,"is_compressed":false,"opt":53,"rd":6,"rs1":0,"rs2":0,"tgt":2,"use_pc":false},"gpr_staged":[{"index":6,"next":84148224,"prev":67305985}],"instr":84149047,"pc":{"pc":2147484108,"pc_next":2147484112}},{"csr_staged":[],"dec":{"has_imm":true,"imm":770,"is_compressed":false,"opt":53,"rd":6,"rs1":6,"rs2":0,"tgt":2,"use_pc":false},"gpr_staged":[{"index":6,"next":84148994,"prev":84148224}],"instr":807600915,"pc":{"pc":2147484112,"pc_next":2147484116}},{"csr_staged":[],"dec":{"has_imm":true,"imm":2,"is_compressed":false,"opt":42,"rd":7,"rs1":8,"rs2":0,"tgt":0,"use_pc":false},"gpr_staged":[{"index":7,"next":84148994,"prev":67305985}],"instr":2368387,"pc":{"pc":2147484116,"pc_next":2147484120}},{"csr_staged":[],"dec":{"has_imm":true,"imm":1280,"is_compressed":false,"opt":21,"rd":0,"rs1":6,"rs2":7,"tgt":3,"use_pc":false},"gpr_staged":[],"instr":1349718115,"pc":{"pc":2147484120,"pc_next":2147484124}},{"csr_staged":[],"dec":{"has_imm":true,"imm":5,"is_compressed":false,"opt":53,"rd":3,"rs1":0,"rs2":0,"tgt":2,"use_pc":false},"gpr_staged":[{"index":3,"next":5,"prev":4}],"instr":5243283,"pc":{"pc":2147484124,"pc_next":2147484128}},{"csr_staged":[],"dec":{"has_imm":true,"imm":100990976,"is_compressed":false,"opt":53,"rd":6,"rs1":0,"rs2":0,"tgt":2,"use_pc":false},"gpr_staged":[{"index":6,"next":100990976,"prev":84148994}],"instr":100991799,"pc":{"pc":2147484128,"pc_next":2147484132}},{"csr_staged":[],"dec":{"has_imm":true,"imm":1027,"is_compressed":false,"opt":53,"rd":6,"rs1":6,"rs2":0,"tgt":2,"use_pc":false},"gpr_staged":[{"index":6,"next":100992003,"prev":100990976}],"instr":1077084947,"pc":{"pc":2147484132,"pc_next":2147484136}},{"csr_staged":[],"dec":{"has_imm":true,"imm":3,"is_compressed":false,"opt":42,"rd":7,"rs1":8,"rs2":0,"tgt":0,"use_pc":false},"gpr_staged":[{"index":7,"next":100992003,"prev":84148994}],"instr":3416963,"pc":{"pc":2147484136,"pc_next":2147484140}},{"csr_staged":[],"dec":{"has_imm":true,"imm":1260,"is_compressed":false,"opt":21,"rd":0,"rs1":6,"rs2":7,"tgt":3,"use_pc":false},"gpr_staged":[],"instr":1316165219,"pc":{"pc":2147484140,"pc_next":2147484144}},{"csr_staged":[],"dec":{"has_imm":true,"imm":16,"is_compressed":false,"opt":53,"rd":3,"rs1":0,"rs2":0,"tgt":2,"use_pc":false},"gpr_staged":[{"index":3,"next":16,"prev":5}],"instr":16777619,"pc":{"pc":2147484144,"pc_next":2147484148}},{"csr_staged":[],"dec":{"has_imm":true,"imm":8192,"is_compressed":false,"opt":53,"rd":6,"rs1":0,"rs2":0,"tgt":2,"use_pc":false},"gpr_staged":[{"index":6,"next":8192,"prev":100992003}],"instr":9015,"pc":{"pc":2147484148,"pc_next":2147484152}},{"csr_staged":[],"dec":{"has_imm":true,"imm":31,"is_compressed":false,"opt":53,"rd":6,"rs1":6,"rs2":0,"tgt":2,"use_pc":false},"gpr_staged":[{"index":6,"next":8223,"prev":8192}],"instr":32703251,"pc":{"pc":2147484152,"pc_next":2147484156}},{"csr_staged":[],"dec":{"has_imm":true,"imm":31,"is_compressed":false,"opt":41,"rd":7,"rs1":8,"rs2":0,"tgt":0,"use_pc":false},"gpr_staged":[{"index":7,"next":8223,"prev":100992003}],"instr":32772995,"pc":{"pc":2147484156,"pc_next":2147484160}},{"csr_staged":[],"dec":{"has_imm":true,"imm":1240,"is_compressed":false,"opt":21,"rd":0,"rs1":6,"rs2":7,"tgt":3,"use_pc":false},"gpr_staged":[],"instr":1282612323,"pc":{"pc":2147484160,"pc_next":2147484164}},{"csr_staged":[],"dec":{"has_imm":true,"imm":17,"is_compressed":false,"opt":53,"rd":3,"rs1":0,"rs2":0,"tgt":2,"use_pc":false},"gpr_staged":[{"index":3,"next":17,"prev":16}],"instr":17826195,"pc":{"pc":2147484164,"pc_next":2147484168}},{"csr_staged":[],"dec":{"has_imm":true,"imm":8192,"is_compressed":false,"opt":53,"rd":6,"rs1":0,"rs2":0,"tgt":2,"use_pc":false},"gpr_staged":[{"index":6,"next":8192,"prev":8223}],"instr":9015,"pc":{"pc":2147484168,"pc_next":2147484172}},{"csr_staged":[],"dec":{"has_imm":true,"imm":31,"is_compressed":false,"opt":53,"rd":6,"rs1":6,"rs2":0,"tgt":2,"use_pc":false},"gpr_staged":[{"index":6,"next":8223,"prev":8192}],"instr":32703251,"pc":{"pc":2147484172,"pc_next":2147484176}},{"csr_staged":[],"dec":{"has_imm":true,"imm":31,"is_compressed":false,"opt":45,"rd":7,"rs1":8,"rs2":0,"tgt":0,"use_pc":false},"gpr_staged":[{"index":7,"next":8223,"prev":8223}],"instr":32789379,"pc":{"pc":2147484176,"pc_next":2147484180}},{"csr_staged":[],"dec":{"has_imm":true,"imm":1220,"is_compressed":false,"opt":21,"rd":0,"rs1":6,"rs2":7,"tgt":3,"use_pc":false},"gpr_staged":[],"instr":1282609763,"pc":{"pc":2147484180,"pc_next":2147484184}},{"csr_staged":[],"dec":{"has_imm":true,"imm":18,"is_compressed":false,"opt":53,"rd":3,"rs1":0,"rs2":0,"tgt":2,"use_pc":false},"gpr_staged":[{"index":3,"next":18,"prev":17}],"instr":18874771,"pc":{"pc":2147484184,"pc_next":2147484188}},{"csr_staged":[],"dec":{"has_imm":true,"imm":538910720,"is_compressed":false,"opt":53,"rd":6,"rs1":0,"rs2":0,"tgt":2,"use_pc":false},"gpr_staged":[{"index":6,"next":538910720,"prev":8223}],"instr":538911543,"pc":{"pc":2147484188,"pc_next":2147484192}},{"csr_staged":[],"dec":{"has_imm":true,"imm":4294966813,"is_compressed":false,"opt":53,"rd":6,"rs1":6,"rs2":0,"tgt":2,"use_pc":false},"gpr_staged":[{"index":6,"next":538910237,"prev":538910720}],"instr":3788702483,"pc":{"pc":2147484192,"pc_next":2147484196}},{"csr_staged":[],"dec":{"has_imm":true,"imm":29,"is_compressed":false,"opt":42,"rd":7,"rs1":8,"rs2":0,"tgt":0,"use_pc":false},"gpr_staged":[{"index":7,"next":538910237,"prev":8223}],"instr":30679939,"pc":{"pc":2147484196,"pc_next":2147484200}},{"csr_staged":[],"dec":{"has_imm":true,"imm":1200,"is_compressed":false,"opt":21,"rd":0,"rs1":6,"rs2":7,"tgt":3,"use_pc":false},"gpr_staged":[],"instr":1249056867,"pc":{"pc":2147484200,"pc_next":2147484204}},{"csr_staged":[],"dec":{"has_imm":true,"imm":19,"is_compressed":false,"opt":53,"rd":3,"rs1":0,"rs2":0,"tgt":2,"use_pc":false},"gpr_staged":[{"index":3,"next":19,"prev":18}],"instr":19923347,"pc":{"pc":2147484204,"pc_next":2147484208}},{"csr_staged":[],"dec":{"has_imm":true,"imm":555753472,"is_compressed":false,"opt":53,"rd":6,"rs1":0,"rs2":0,"tgt":2,"use_pc":false},"gpr_staged":[{"index":6,"next":555753472,"prev":538910237}],"instr":555754295,"pc":{"pc":2147484208,"pc_next":2147484212}},{"csr_staged":[],"dec":{"has_imm":true,"imm":4294967070,"is_compressed":false,"opt":53,"rd":6,"rs1":6,"rs2":0,"tgt":2,"use_pc":false},"gpr_staged":[{"index":6,"next":555753246,"prev":555753472}],"instr":4058186515,"pc":{"pc":2147484212,"pc_next":2147484216}},{"csr_staged":[],"dec":{"has_imm":true,"imm":30,"is_compressed":false,"opt":42,"rd":7,"rs1":8,"rs2":0,"tgt":0,"use_pc":false},"gpr_staged":[{"index":7,"next":555753246,"prev":538910237}],"instr":31728515,"pc":{"pc":2147484216,"pc_next":2147484220}},{"csr_staged":[],"dec":{"has_imm":true,"imm":1180,"is_compressed":false,"opt":21,"rd":0,"rs1":6,"rs2":7,"tgt":3,"use_pc":false},"gpr_staged":[],"instr":1215503971,"pc":{"pc":2147484220,"pc_next":2147484224}},{"csr_staged":[],"dec":{"has_imm":true,"imm":20,"is_compressed":false,"opt":53,"rd":3,"rs1":0,"rs2":0,"tgt":2,"use_pc":false},"gpr_staged":[{"index":3,"next":20,"prev":19}],"instr":20971923,"pc":{"pc":2147484224,"pc_next":2147484228}},{"csr_staged":[],"dec":{"has_imm":true,"imm":572596224,"is_compressed":false,"opt":53,"rd":6,"rs1":0,"rs2":0,"tgt":2,"use_pc":false},"gpr_staged":[{"index":6,"next":572596224,"prev":555753246}],"instr":572597047,"pc":{"pc":2147484228,"pc_next":2147484232}},{"csr_staged":[],"dec":{"has_imm":true,"imm":31,"is_compressed":false,"opt":53,"rd":6,"rs1":6,"rs2":0,"tgt":2,"use_pc":false},"gpr_staged":[{"index":6,"next":572596255,"prev":572596224}],"instr":32703251,"pc":{"pc":2147484232,"pc_next":2147484236}},{"csr_staged":[],"dec":{"has_imm":true,"imm":31,"is_compressed":false,"opt":42,"rd":7,"rs1":8,"rs2":0,"tgt":0,"use_pc":false},"gpr_staged":[{"index":7,"next":572596255,"prev":555753246}],"instr":32777091,"pc":{"pc":2147484236,"pc_next":2147484240}},{"csr_staged":[],"dec":{"has_imm":true,"imm":1160,"is_compressed":false,"opt":21,"rd":0,"rs1":6,"rs2":7,"tgt":3,"use_pc":false},"gpr_staged":[],"instr":1215501411,"pc":{"pc":2147484240,"pc_next":2147484244}},{"csr_staged":[],"dec":{"has_imm":true,"imm":31,"is_compressed":false,"opt":53,"rd":3,"rs1":0,"rs2":0,"tgt":2,"use_pc":false},"gpr_staged":[{"index":3,"next":31,"prev":20}],"instr":32506259,"pc":{"pc":2147484244,"pc_next":2147484248}},{"csr_staged":[],"dec":{"has_imm":true,"imm":16384,"is_compressed":false,"opt":53,"rd":6,"rs1":0,"rs2":0,"tgt":2,"use_pc":false},"gpr_staged":[{"index":6,"next":16384,"prev":572596255}],"instr":17207,"pc":{"pc":2147484248,"pc_next":2147484252}},{"csr_staged":[],"dec":{"has_imm":true,"imm":63,"is_compressed":false,"opt":53,"rd":6,"rs1":6,"rs2":0,"tgt":2,"use_pc":false},"gpr_staged":[{"index":6,"next":16447,"prev":16384}],"instr":66257683,"pc":{"pc":2147484252,"pc_next":2147484256}},{"csr_staged":[],"dec":{"has_imm":true,"imm":63,"is_compressed":false,"opt":41,"rd":7,"rs1":8,"rs2":0,"tgt":0,"use_pc":false},"gpr_staged":[{"index":7,"next":16447,"prev":572596255}],"instr":66327427,"pc":{"pc":2147484256,"pc_next":2147484260}},{"csr_staged":[],"dec":{"has_imm":true,"imm":1140,"is_compressed":false,"opt":21,"rd":0,"rs1":6,"rs2":7,"tgt":3,"use_pc":false},"gpr_staged":[],"instr":1181948515,"pc":{"pc":2147484260,"pc_next":2147484264}},{"csr_staged":[],"dec":{"has_imm":true,"imm":32,"is_compressed":false,"opt":53,"rd":3,"rs1":0,"rs2":0,"tgt":2,"use_pc":false},"gpr_staged":[{"index":3,"next":32,"prev":31}],"instr":33554835,"pc":{"pc":2147484264,"pc_next":2147484268}},{"csr_staged":[],"dec":{"has_imm":true,"imm":16384,"is_compressed":false,"opt":53,"rd":6,"rs1":0,"rs2":0,"tgt":2,"use_pc":false},"gpr_staged":[{"index":6,"next":16384,"prev":16447}],"instr":17207,"pc":{"pc":2147484268,"pc_next":2147484272}},{"csr_staged":[],"dec":{"has_imm":true,"imm":63,"is_compressed":false,"opt":53,"rd":6,"rs1":6,"rs2":0,"tgt":2,"use_pc":false},"gpr_staged":[{"index":6,"next":16447,"prev":16384}],"instr":66257683,"pc":{"pc":2147484272,"pc_next":2147484276}},{"csr_staged":[],"dec":{"has_imm":true,"imm":63,"is_compressed":false,"opt":45,"rd":7,"rs1":8,"rs2":0,"tgt":0,"use_pc":false},"gpr_staged":[{"index":7,"next":16447,"prev":16447}],"instr":66343811,"pc":{"pc":2147484276,"pc_next":2147484280}},{"csr_staged":[],"dec":{"has_imm":true,"imm":1120,"is_compressed":false,"opt":21,"rd":0,"rs1":6,"rs2":7,"tgt":3,"use_pc":false},"gpr_staged":[],"instr":1181945955,"pc":{"pc":2147484280,"pc_next":2147484284}},{"csr_staged":[],"dec":{"has_imm":true,"imm":33,"is_compressed":false,"opt":53,"rd":3,"rs1":0,"rs2":0,"tgt":2,"use_pc":false},"gpr_staged":[{"index":3,"next":33,"prev":32}],"instr":34603411,"pc":{"pc":2147484284,"pc_next":2147484288}},{"csr_staged":[],"dec":{"has_imm":true,"imm":1077886976,"is_compressed":false,"opt":53,"rd":6,"rs1":0,"rs2":0,"tgt":2,"use_pc":false},"gpr_staged":[{"index":6,"next":1077886976,"prev":16447}],"instr":1077887799,"pc":{"pc":2147484288,"pc_next":2147484292}},{"csr_staged":[],"dec":{"has_imm":true,"imm":4294966845,"is_compressed":false,"opt":53,"rd":6,"rs1":6,"rs2":0,"tgt":2,"use_pc":false},"gpr_staged":[{"index":6,"next":1077886525,"prev":1077886976}],"instr":3822256915,"pc":{"pc":2147484292,"pc_next":2147484296}},{"csr_staged":[],"dec":{"has_imm":true,"imm":61,"is_compressed":false,"opt":42,"rd":7,"rs1":8,"rs2":0,"tgt":0,"use_pc":false},"gpr_staged":[{"index":7,"next":1077886525,"prev":16447}],"instr":64234371,"pc":{"pc":2147484296,"pc_next":2147484300}},{"csr_staged":[],"dec":{"has_imm":true,"imm":1100,"is_compressed":false,"opt":21,"rd":0,"rs1":6,"rs2":7,"tgt":3,"use_pc":false},"gpr_staged":[],"instr":1148393059,"pc":{"pc":2147484300,"pc_next":2147484304}},{"csr_staged":[],"dec":{"has_imm":true,"imm":34,"is_compressed":false,"opt":53,"rd":3,"rs1":0,"rs2":0,"tgt":2,"use_pc":false},"gpr_staged":[{"index":3,"next":34,"prev":33}],"instr":35651987,"pc":{"pc":2147484304,"pc_next":2147484308}},{"csr_staged":[],"dec":{"has_imm":true,"imm":1094729728,"is_compressed":false,"opt":53,"rd":6,"rs1":0,"rs2":0,"tgt":2,"use_pc":false},"gpr_staged":[{"index":6,"next":1094729728,"prev":1077886525}],"instr":1094730551,"pc":{"pc":2147484308,"pc_next":2147484312}},{"csr_staged":[],"dec":{"has_imm":true,"imm":4294967102,"is_compressed":false,"opt":53,"rd":6,"rs1":6,"rs2":0,"tgt":2,"use_pc":false},"gpr_staged":[{"index":6,"next":1094729534,"prev":1094729728}],"instr":4091740947,"pc":{"pc":2147484312,"pc_next":2147484316}},{"csr_staged":[],"dec":{"has_imm":true,"imm":62,"is_compressed":false,"opt":42,"rd":7,"rs1":8,"rs2":0,"tgt":0,"use_pc":false},"gpr_staged":[{"index":7,"next":1094729534,"prev":1077886525}],"instr":65282947,"pc":{"pc":2147484316,"pc_next":2147484320}},{"csr_staged":[],"dec":{"has_imm":true,"imm":1080,"is_compressed":false,"opt":21,"rd":0,"rs1":6,"rs2":7,"tgt":3,"use_pc":false},"gpr_staged":[],"instr":1114840163,"pc":{"pc":2147484320,"pc_next":2147484324}},{"csr_staged":[],"dec":{"has_imm":true,"imm":35,"is_compressed":false,"opt":53,"rd":3,"rs1":0,"rs2":0,"tgt":2,"use_pc":false},"gpr_staged":[{"index":3,"next":35,"prev":34}],"instr":36700563,"pc":{"pc":2147484324,"pc_next":2147484328}},{"csr_staged":[],"dec":{"has_imm":true,"imm":1111572480,"is_compressed":false,"opt":53,"rd":6,"rs1":0,"rs2":0,"tgt":2,"use_pc":false},"gpr_staged":[{"index":6,"next":1111572480,"prev":1094729534}],"instr":1111573303,"pc":{"pc":2147484328,"pc_next":2147484332}},{"csr_staged":[],"dec":{"has_imm":true,"imm":63,"is_compressed":false,"opt":53,"rd":6,"rs1":6,"rs2":0,"tgt":2,"use_pc":false},"gpr_staged":[{"index":6,"next":1111572543,"prev":1111572480}],"instr":66257683,"pc":{"pc":2147484332,"pc_next":2147484336}},{"csr_staged":[],"dec":{"has_imm":true,"imm":63,"is_compressed":false,"opt":42,"rd":7,"rs1":8,"rs2":0,"tgt":0,"use_pc":false},"gpr_staged":[{"index":7,"next":1111572543,"prev":1094729534}],"instr":66331523,"pc":{"pc":2147484336,"pc_next":2147484340}},{"csr_staged":[],"dec":{"has_imm":true,"imm":1060,"is_compressed":false,"opt":21,"rd":0,"rs1":6,"rs2":7,"tgt":3,"use_pc":false},"gpr_staged":[],"instr":1114837603,"pc":{"pc":2147484340,"pc_next":2147484344}},{"csr_staged":[],"dec":{"has_imm":true,"imm":46,"is_compressed":false,"opt":53,"rd":3,"rs1":0,"rs2":0,"tgt":2,"use_pc":false},"gpr_staged":[{"index":3,"next":46,"prev":35}],"instr":48234899,"pc":{"pc":2147484344,"pc_next":2147484348}},{"csr_staged":[],"dec":{"has_imm":true,"imm":4294934528,"is_compressed":false,"opt":53,"rd":6,"rs1":0,"rs2":0,"tgt":2,"use_pc":false},"gpr_staged":[{"index":6,"next":4294934528,"prev":1111572543}],"instr":4294935351,"pc":{"pc":2147484348,"pc_next":2147484352}},{"csr_staged":[],"dec":{"has_imm":true,"imm":384,"is_compressed":false,"opt":53,"rd":6,"rs1":6,"rs2":0,"tgt":2,"use_pc":false},"gpr_staged":[{"index":6,"next":4294934912,"prev":4294934528}],"instr":402850579,"pc":{"pc":2147484352,"pc_next":2147484356}},{"csr_staged":[],"dec":{"has_imm":true,"imm":1,"is_compressed":false,"opt":31,"rd":0,"rs1":8,"rs2":6,"tgt":1,"use_pc":false},"gpr_staged":[],"instr":6557859,"pc":{"pc":2147484356,"pc_next":2147484360}},{"csr_staged":[],"dec":{"has_imm":true,"imm":1,"is_compressed":false,"opt":41,"rd":7,"rs1":8,"rs2":0,"tgt":0,"use_pc":false},"gpr_staged":[{"index":7,"next":4294934912,"prev":1111572543}],"instr":1315715,"pc":{"pc":2147484360,"pc_next":2147484364}},{"csr_staged":[],"dec":{"has_imm":true,"imm":1036,"is_compressed":false,"opt":21,"rd":0,"rs1":6,"rs2":7,"tgt":3,"use_pc":false},"gpr_staged":[],"instr":1081284195,"pc":{"pc":2147484364,"pc_next":2147484368}},{"csr_staged":[],"dec":{"has_imm":true,"imm":47,"is_compressed":false,"opt":53,"rd":3,"rs1":0,"rs2":0,"tgt":2,"use_pc":false},"gpr_staged":[{"index":3,"next":47,"prev":46}],"instr":49283475,"pc":{"pc":2147484368,"pc_next":2147484372}},{"csr_staged":[],"dec":{"has_imm":true,"imm":32768,"is_compressed":false,"opt":53,"rd":6,"rs1":0,"rs2":0,"tgt":2,"use_pc":false},"gpr_staged":[{"index":6,"next":32768,"prev":4294934912}],"instr":33591,"pc":{"pc":2147484372,"pc_next":2147484376}},{"csr_staged":[],"dec":{"has_imm":true,"imm":898,"is_compressed":false,"opt":53,"rd":6,"rs1":6,"rs2":0,"tgt":2,"use_pc":false},"gpr_staged":[{"index":6,"next":33666,"prev":32768}],"instr":941818643,"pc":{"pc":2147484376,"pc_next":2147484380}},{"csr_staged":[],"dec":{"has_imm":true,"imm":1,"is_compressed":false,"opt":31,"rd":0,"rs1":8,"rs2":6,"tgt":1,"use_pc":false},"gpr_staged":[],"instr":6557859,"pc":{"pc":2147484380,"pc_next":2147484384}},{"csr_staged":[],"dec":{"has_imm":true,"imm":1,"is_compressed":false,"opt":45,"rd":7,"rs1":8,"rs2":0,"tgt":0,"use_pc":false},"gpr_staged":[{"index":7,"next":33666,"prev":4294934912}],"instr":1332099,"pc":{"pc":2147484384,"pc_next":2147484388}},{"csr_staged":[],"dec":{"has_imm":true,"imm":1012,"is_compressed":false,"opt":21,"rd":0,"rs1":6,"rs2":7,"tgt":3,"use_pc":false},"gpr_staged":[],"instr":1047730787,"pc":{"pc":2147484388,"pc_next":2147484392}},{"csr_staged":[],"dec":{"has_imm":true,"imm":48,"is_compressed":false,"opt":53,"rd":3,"rs1":0,"rs2":0,"tgt":2,"use_pc":false},"gpr_staged":[{"index":3,"next":48,"prev":47}],"instr":50332051,"pc":{"pc":2147484392,"pc_next":2147484396}},{"csr_staged":[],"dec":{"has_imm":true,"imm":2273738752,"is_compressed":false,"opt":53,"rd":6,"rs1":0,"rs2":0,"tgt":2,"use_pc":false},"gpr_staged":[{"index":6,"next":2273738752,"prev":33666}],"instr":2273739575,"pc":{"pc":2147484396,"pc_next":2147484400}},{"csr_staged":[],"dec":{"has_imm":true,"imm":1412,"is_compressed":false,"opt":53,"rd":6,"rs1":6,"rs2":0,"tgt":2,"use_pc":false},"gpr_staged":[{"index":6,"next":2273740164,"prev":2273738752}],"instr":1480786707,"pc":{"pc":2147484400,"pc_next":2147484404}},{"csr_staged":[],"dec":{"has_imm":true,"imm":1,"is_compressed":false,"opt":32,"rd":0,"rs1":8,"rs2":6,"tgt":1,"use_pc":false},"gpr_staged":[],"instr":6561955,"pc":{"pc":2147484404,"pc_next":2147484408}},{"csr_staged":[],"dec":{"has_imm":true,"imm":1,"is_compressed":false,"opt":42,"rd":7,"rs1":8,"rs2":0,"tgt":0,"use_pc":false},"gpr_staged":[{"index":7,"next":2273740164,"prev":33666}],"instr":1319811,"pc":{"pc":2147484408,"pc_next":2147484412}},{"csr_staged":[],"dec":{"has_imm":true,"imm":988,"is_compressed":false,"opt":21,"rd":0,"rs1":6,"rs2":7,"tgt":3,"use_pc":false},"gpr_staged":[],"instr":1014177379,"pc":{"pc":2147484412,"pc_next":2147484416}},{"csr_staged":[],"dec":{"has_imm":true,"imm":49,"is_compressed":false,"opt":53,"rd":3,"rs1":0,"rs2":0,"tgt":2,"use_pc":false},"gpr_staged":[{"index":3,"next":49,"prev":48}],"instr":51380627,"pc":{"pc":2147484416,"pc_next":2147484420}},{"csr_staged":[],"dec":{"has_imm":true,"imm":2341113856,"is_compressed":false,"opt":53,"rd":6,"rs1":0,"rs2":0,"tgt":2,"use_pc":false},"gpr_staged":[{"index":6,"next":2341113856,"prev":2273740164}],"instr":2341114679,"pc":{"pc":2147484420,"pc_next":2147484424}},{"csr_staged":[],"dec":{"has_imm":true,"imm":4294965640,"is_compressed":false,"opt":53,"rd":6,"rs1":6,"rs2":0,"tgt":2,"use_pc":false},"gpr_staged":[{"index":6,"next":2341112200,"prev":2341113856}],"instr":2558722835,"pc":{"pc":2147484424,"pc_next":2147484428}},{"csr_staged":[],"dec":{"has_imm":true,"imm":2,"is_compressed":false,"opt":32,"rd":0,"rs1":8,"rs2":6,"tgt":1,"use_pc":false},"gpr_staged":[],"instr":6562083,"pc":{"pc":2147484428,"pc_next":2147484432}},{"csr_staged":[],"dec":{"has_imm":true,"imm":2,"is_compressed":false,"opt":42,"rd":7,"rs1":8,"rs2":0,"tgt":0,"use_pc":false},"gpr_staged":[{"index":7,"next":2341112200,"prev":2273740164}],"instr":2368387,"pc":{"pc":2147484432,"pc_next":2147484436}},{"csr_staged":[],"dec":{"has_imm":true,"imm":964,"is_compressed":false,"opt":21,"rd":0,"rs1":6,"rs2":7,"tgt":3,"use_pc":false},"gpr_staged":[],"instr":1014174307,"pc":{"pc":2147484436,"pc_next":2147484440}},{"csr_staged":[],"dec":{"has_imm":true,"imm":50,"is_compressed":false,"opt":53,"rd":3,"rs1":0,"rs2":0,"tgt":2,"use_pc":false},"gpr_staged":[{"index":3,"next":50,"prev":49}],"instr":52429203,"pc":{"pc":2147484440,"pc_next":2147484444}},{"csr_staged":[],"dec":{"has_imm":true,"imm":2408484864,"is_compressed":false,"opt":53,"rd":6,"rs1":0,"rs2":0,"tgt":2,"use_pc":false},"gpr_staged":[{"index":6,"next":2408484864,"prev":2341112200}],"instr":2408485687,"pc":{"pc":2147484444,"pc_next":2147484448}},{"csr_staged":[],"dec":{"has_imm":true,"imm":4294966668,"is_compressed":false,"opt":53,"rd":6,"rs1":6,"rs2":0,"tgt":2,"use_pc":false},"gpr_staged":[{"index":6,"next":2408484236,"prev":2408484864}],"instr":3636658963,"pc":{"pc":2147484448,"pc_next":2147484452}},{"csr_staged":[],"dec":{"has_imm":true,"imm":3,"is_compressed":false,"opt":32,"rd":0,"rs1":8,"rs2":6,"tgt":1,"use_pc":false},"gpr_staged":[],"instr":6562211,"pc":{"pc":2147484452,"pc_next":2147484456}},{"csr_staged":[],"dec":{"has_imm":true,"imm":3,"is_compressed":false,"opt":42,"rd":7,"rs1":8,"rs2":0,"tgt":0,"use_pc":false},"gpr_staged":[{"index":7,"next":2408484236,"prev":2341112200}],"instr":3416963,"pc":{"pc":2147484456,"pc_next":2147484460}},{"csr_staged":[],"dec":{"has_imm":true,"imm":940,"is_compressed":false,"opt":21,"rd":0,"rs1":6,"rs2":7,"tgt":3,"use_pc":false},"gpr_staged":[],"instr":980620899,"pc":{"pc":2147484460,"pc_next":2147484464}},{"csr_staged":[],"dec":{"has_imm":true,"imm":61,"is_compressed":false,"opt":53,"rd":3,"rs1":0,"rs2":0,"tgt":2,"use_pc":false},"gpr_staged":[{"index":3,"next":61,"prev":50}],"instr":63963539,"pc":{"pc":2147484464,"pc_next":2147484468}},{"csr_staged":[],"dec":{"has_imm":true,"imm":4294955008,"is_compressed":false,"opt":53,"rd":6,"rs1":0,"rs2":0,"tgt":2,"use_pc":false},"gpr_staged":[{"index":6,"next":4294955008,"prev":2408484236}],"instr":4294955831,"pc":{"pc":2147484468,"pc_next":2147484472}},{"csr_staged":[],"dec":{"has_imm":true,"imm":1492,"is_compressed":false,"opt":53,"rd":6,"rs1":6,"rs2":0,"tgt":2,"use_pc":false},"gpr_staged":[{"index":6,"next":4294956500,"prev":4294955008}],"instr":1564672787,"pc":{"pc":2147484472,"pc_next":2147484476}},{"csr_staged":[],"dec":{"has_imm":true,"imm":31,"is_compressed":false,"opt":31,"rd":0,"rs1":8,"rs2":6,"tgt":1,"use_pc":false},"gpr_staged":[],"instr":6561699,"pc":{"pc":2147484476,"pc_next":2147484480}},{"csr_staged":[],"dec":{"has_imm":true,"imm":31,"is_compressed":false,"opt":41,"rd":7,"rs1":8,"rs2":0,"tgt":0,"use_pc":false},"gpr_staged":[{"index":7,"next":4294956500,"prev":2408484236}],"instr":32772995,"pc":{"pc":2147484480,"pc_next":2147484484}},{"csr_staged":[],"dec":{"has_imm":true,"imm":916,"is_compressed":false,"opt":21,"rd":0,"rs1":6,"rs2":7,"tgt":3,"use_pc":false},"gpr_staged":[],"instr":947067491,"pc":{"pc":2147484484,"pc_next":2147484488}},{"csr_staged":[],"dec":{"has_imm":true,"imm":62,"is_compressed":false,"opt":53,"rd":3,"rs1":0,"rs2":0,"tgt":2,"use_pc":false},"gpr_staged":[{"index":3,"next":62,"prev":61}],"instr":65012115,"pc":{"pc":2147484488,"pc_next":2147484492}},{"csr_staged":[],"dec":{"has_imm":true,"imm":53248,"is_compressed":false,"opt":53,"rd":6,"rs1":0,"rs2":0,"tgt":2,"use_pc":false},"gpr_staged":[{"index":6,"next":53248,"prev":4294956500}],"instr":54071,"pc":{"pc":2147484492,"pc_next":2147484496}},{"csr_staged":[],"dec":{"has_imm":true,"imm":2006,"is_compressed":false,"opt":53,"rd":6,"rs1":6,"rs2":0,"tgt":2,"use_pc":false},"gpr_staged":[{"index":6,"next":55254,"prev":53248}],"instr":2103640851,"pc":{"pc":2147484496,"pc_next":2147484500}},{"csr_staged":[],"dec":{"has_imm":true,"imm":31,"is_compressed":false,"opt":31,"rd":0,"rs1":8,"rs2":6,"tgt":1,"use_pc":false},"gpr_staged":[],"instr":6561699,"pc":{"pc":2147484500,"pc_next":2147484504}},{"csr_staged":[],"dec":{"has_imm":true,"imm":31,"is_compressed":false,"opt":45,"rd":7,"rs1":8,"rs2":0,"tgt":0,"use_pc":false},"gpr_staged":[{"index":7,"next":55254,"prev":4294956500}],"instr":32789379,"pc":{"pc":2147484504,"pc_next":2147484508}},{"csr_staged":[],"dec":{"has_imm":true,"imm":892,"is_compressed":false,"opt":21,"rd":0,"rs1":6,"rs2":7,"tgt":3,"use_pc":false},"gpr_staged":[],"instr":913514083,"pc":{"pc":2147484508,"pc_next":2147484512}},{"csr_staged":[],"dec":{"has_imm":true,"imm":63,"is_compressed":false,"opt":53,"rd":3,"rs1":0,"rs2":0,"tgt":2,"use_pc":false},"gpr_staged":[{"index":3,"next":63,"prev":62}],"instr":66060691,"pc":{"pc":2147484512,"pc_next":2147484516}},{"csr_staged":[],"dec":{"has_imm":true,"imm":3688554496,"is_compressed":false,"opt":53,"rd":6,"rs1":0,"rs2":0,"tgt":2,"use_pc":false},"gpr_staged":[{"index":6,"next":3688554496,"prev":55254}],"instr":3688555319,"pc":{"pc":2147484516,"pc_next":2147484520}},{"csr_staged":[],"dec":{"has_imm":true,"imm":4294965720,"is_compressed":false,"opt":53,"rd":6,"rs1":6,"rs2":0,"tgt":2,"use_pc":false},"gpr_staged":[{"index":6,"next":3688552920,"prev":3688554496}],"instr":2642608915,"pc":{"pc":2147484520,"pc_next":2147484524}},{"csr_staged":[],"dec":{"has_imm":true,"imm":29,"is_compressed":false,"opt":32,"rd":0,"rs1":8,"rs2":6,"tgt":1,"use_pc":false},"gpr_staged":[],"instr":6565539,"pc":{"pc":2147484524,"pc_next":2147484528}},{"csr_staged":[],"dec":{"has_imm":true,"imm":29,"is_compressed":false,"opt":42,"rd":7,"rs1":8,"rs2":0,"tgt":0,"use_pc":false},"gpr_staged":[{"index":7,"next":3688552920,"prev":55254}],"instr":30679939,"pc":{"pc":2147484528,"pc_next":2147484532}},{"csr_staged":[],"dec":{"has_imm":true,"imm":868,"is_compressed":false,"opt":21,"rd":0,"rs1":6,"rs2":7,"tgt":3,"use_pc":false},"gpr_staged":[],"instr":913511011,"pc":{"pc":2147484532,"pc_next":2147484536}},{"csr_staged":[],"dec":{"has_imm":true,"imm":64,"is_compressed":false,"opt":53,"rd":3,"rs1":0,"rs2":0,"tgt":2,"use_pc":false},"gpr_staged":[{"index":3,"next":64,"prev":63}],"instr":67109267,"pc":{"pc":2147484536,"pc_next":2147484540}},{"csr_staged":[],"dec":{"has_imm":true,"imm":3755925504,"is_compressed":false,"opt":53,"rd":6,"rs1":0,"rs2":0,"tgt":2,"use_pc":false},"gpr_staged":[{"index":6,"next":3755925504,"prev":3688552920}],"instr":3755926327,"pc":{"pc":2147484540,"pc_next":2147484544}},{"csr_staged":[],"dec":{"has_imm":true,"imm":4294966748,"is_compressed":false,"opt":53,"rd":6,"rs1":6,"rs2":0,"tgt":2,"use_pc":false},"gpr_staged":[{"index":6,"next":3755924956,"prev":3755925504}],"instr":3720545043,"pc":{"pc":2147484544,"pc_next":2147484548}},{"csr_staged":[],"dec":{"has_imm":true,"imm":30,"is_compressed":false,"opt":32,"rd":0,"rs1":8,"rs2":6,"tgt":1,"use_pc":false},"gpr_staged":[],"instr":6565667,"pc":{"pc":2147484548,"pc_next":2147484552}},{"csr_staged":[],"dec":{"has_imm":true,"imm":30,"is_compressed":false,"opt":42,"rd":7,"rs1":8,"rs2":0,"tgt":0,"use_pc":false},"gpr_staged":[{"index":7,"next":3755924956,"prev":3688552920}],"instr":31728515,"pc":{"pc":2147484552,"pc_next":2147484556}},{"csr_staged":[],"dec":{"has_imm":true,"imm":844,"is_compressed":false,"opt":21,"rd":0,"rs1":6,"rs2":7,"tgt":3,"use_pc":false},"gpr_staged":[],"instr":879957603,"pc":{"pc":2147484556,"pc_next":2147484560}},{"csr_staged":[],"dec":{"has_imm":true,"imm":65,"is_compressed":false,"opt":53,"rd":3,"rs1":0,"rs2":0,"tgt":2,"use_pc":false},"gpr_staged":[{"index":3,"next":65,"prev":64}],"instr":68157843,"pc":{"pc":2147484560,"pc_next":2147484564}},{"csr_staged":[],"dec":{"has_imm":true,"imm":3823296512,"is_compressed":false,"opt":53,"rd":6,"rs1":0,"rs2":0,"tgt":2,"use_pc":false},"gpr_staged":[{"index":6,"next":3823296512,"prev":3755924956}],"instr":3823297335,"pc":{"pc":2147484564,"pc_next":2147484568}},{"csr_staged":[],"dec":{"has_imm":true,"imm":480,"is_compressed":false,"opt":53,"rd":6,"rs1":6,"rs2":0,"tgt":2,"use_pc":false},"gpr_staged":[{"index":6,"next":3823296992,"prev":3823296512}],"instr":503513875,"pc":{"pc":2147484568,"pc_next":2147484572}},{"csr_staged":[],"dec":{"has_imm":true,"imm":31,"is_compressed":false,"opt":32,"rd":0,"rs1":8,"rs2":6,"tgt":1,"use_pc":false},"gpr_staged":[],"instr":6565795,"pc":{"pc":2147484572,"pc_next":2147484576}},{"csr_staged":[],"dec":{"has_imm":true,"imm":31,"is_compressed":false,"opt":42,"rd":7,"rs1":8,"rs2":0,"tgt":0,"use_pc":false},"gpr_staged":[{"index":7,"next":3823296992,"prev":3755924956}],"instr":32777091,"pc":{"pc":2147484576,"pc_next":2147484580}},{"csr_staged":[],"dec":{"has_imm":true,"imm":820,"is_compressed":false,"opt":21,"rd":0,"rs1":6,"rs2":7,"tgt":3,"use_pc":false},"gpr_staged":[],"instr":846404195,"pc":{"pc":2147484580,"pc_next":2147484584}},{"csr_staged":[],"dec":{"has_imm":true,"imm":76,"is_compressed":false,"opt":53,"rd":3,"rs1":0,"rs2":0,"tgt":2,"use_pc":false},"gpr_staged":[{"index":3,"next":76,"prev":65}],"instr":79692179,"pc":{"pc":2147484584,"pc_next":2147484588}},{"csr_staged":[],"dec":{"has_imm":true,"imm":12288,"is_compressed":false,"opt":53,"rd":6,"rs1":0,"rs2":0,"tgt":2,"use_pc":false},"gpr_staged":[{"index":6,"next":12288,"prev":3823296992}],"instr":13111,"pc":{"pc":2147484588,"pc_next":2147484592}},{"csr_staged":[],"dec":{"has_imm":true,"imm":1332,"is_compressed":false,"opt":53,"rd":6,"rs1":6,"rs2":0,"tgt":2,"use_pc":false},"gpr_staged":[{"index":6,"next":13620,"prev":12288}],"instr":1396900627,"pc":{"pc":2147484592,"pc_next":2147484596}},{"csr_staged":[],"dec":{"has_imm":true,"imm":63,"is_compressed":false,"opt":31,"rd":0,"rs1":8,"rs2":6,"tgt":1,"use_pc":false},"gpr_staged":[],"instr":40116131,"pc":{"pc":2147484596,"pc_next":2147484600}},{"csr_staged":[],"dec":{"has_imm":true,"imm":63,"is_compressed":false,"opt":41,"rd":7,"rs1":8,"rs2":0,"tgt":0,"use_pc":false},"gpr_staged":[{"index":7,"next":13620,"prev":3823296992}],"instr":66327427,"pc":{"pc":2147484600,"pc_next":2147484604}},{"csr_staged":[],"dec":{"has_imm":true,"imm":796,"is_compressed":false,"opt":21,"rd":0,"rs1":6,"rs2":7,"tgt":3,"use_pc":false},"gpr_staged":[],"instr":812850787,"pc":{"pc":2147484604,"pc_next":2147484608}},{"csr_staged":[],"dec":{"has_imm":true,"imm":77,"is_compressed":false,"opt":53,"rd":3,"rs1":0,"rs2":0,"tgt":2,"use_pc":false},"gpr_staged":[{"index":3,"next":77,"prev":76}],"instr":80740755,"pc":{"pc":2147484608,"pc_next":2147484612}},{"csr_staged":[],"dec":{"has_imm":true,"imm":12288,"is_compressed":false,"opt":53,"rd":6,"rs1":0,"rs2":0,"tgt":2,"use_pc":false},"gpr_staged":[{"index":6,"next":12288,"prev":13620}],"instr":13111,"pc":{"pc":2147484612,"pc_next":2147484616}},{"csr_staged":[],"dec":{"has_imm":true,"imm":1846,"is_compressed":false,"opt":53,"rd":6,"rs1":6,"rs2":0,"tgt":2,"use_pc":false},"gpr_staged":[{"index":6,"next":14134,"prev":12288}],"instr":1935868691,"pc":{"pc":2147484616,"pc_next":2147484620}},{"csr_staged":[],"dec":{"has_imm":true,"imm":63,"is_compressed":false,"opt":31,"rd":0,"rs1":8,"rs2":6,"tgt":1,"use_pc":false},"gpr_staged":[],"instr":40116131,"pc":{"pc":2147484620,"pc_next":2147484624}},{"csr_staged":[],"dec":{"has_imm":true,"imm":63,"is_compressed":false,"opt":45,"rd":7,"rs1":8,"rs2":0,"tgt":0,"use_pc":false},"gpr_staged":[{"index":7,"next":14134,"prev":13620}],"instr":66343811,"pc":{"pc":2147484624,"pc_next":2147484628}},{"csr_staged":[],"dec":{"has_imm":true,"imm":772,"is_compressed":false,"opt":21,"rd":0,"rs1":6,"rs2":7,"tgt":3,"use_pc":false},"gpr_staged":[],"instr":812847715,"pc":{"pc":2147484628,"pc_next":2147484632}},{"csr_staged":[],"dec":{"has_imm":true,"imm":78,"is_compressed":false,"opt":53,"rd":3,"rs1":0,"rs2":0,"tgt":2,"use_pc":false},"gpr_staged":[{"index":3,"next":78,"prev":77}],"instr":81789331,"pc":{"pc":2147484632,"pc_next":2147484636}},{"csr_staged":[],"dec":{"has_imm":true,"imm":993673216,"is_compressed":false,"opt":53,"rd":6,"rs1":0,"rs2":0,"tgt":2,"use_pc":false},"gpr_staged":[{"index":6,"next":993673216,"prev":14134}],"instr":993674039,"pc":{"pc":2147484636,"pc_next":2147484640}},{"csr_staged":[],"dec":{"has_imm":true,"imm":4294965560,"is_compressed":false,"opt":53,"rd":6,"rs1":6,"rs2":0,"tgt":2,"use_pc":false},"gpr_staged":[{"index":6,"next":993671480,"prev":993673216}],"instr":2474836755,"pc":{"pc":2147484640,"pc_next":2147484644}},{"csr_staged":[],"dec":{"has_imm":true,"imm":61,"is_compressed":false,"opt":32,"rd":0,"rs1":8,"rs2":6,"tgt":1,"use_pc":false},"gpr_staged":[],"instr":40119971,"pc":{"pc":2147484644,"pc_next":2147484648}},{"csr_staged":[],"dec":{"has_imm":true,"imm":61,"is_compressed":false,"opt":42,"rd":7,"rs1":8,"rs2":0,"tgt":0,"use_pc":false},"gpr_staged":[{"index":7,"next":993671480,"prev":14134}],"instr":64234371,"pc":{"pc":2147484648,"pc_next":2147484652}},{"csr_staged":[],"dec":{"has_imm":true,"imm":748,"is_compressed":false,"opt":21,"rd":0,"rs1":6,"rs2":7,"tgt":3,"use_pc":false},"gpr_staged":[],"instr":779294307,"pc":{"pc":2147484652,"pc_next":2147484656}},{"csr_staged":[],"dec":{"has_imm":true,"imm":79,"is_compressed":false,"opt":53,"rd":3,"rs1":0,"rs2":0,"tgt":2,"use_pc":false},"gpr_staged":[{"index":3,"next":79,"prev":78}],"instr":82837907,"pc":{"pc":2147484656,"pc_next":2147484660}},{"csr_staged":[],"dec":{"has_imm":true,"imm":1061044224,"is_compressed":false,"opt":53,"rd":6,"rs1":0,"rs2":0,"tgt":2,"use_pc":false},"gpr_staged":[{"index":6,"next":1061044224,"prev":993671480}],"instr":1061045047,"pc":{"pc":2147484660,"pc_next":2147484664}},{"csr_staged":[],"dec":{"has_imm":true,"imm":4294966588,"is_compressed":false,"opt":53,"rd":6,"rs1":6,"rs2":0,"tgt":2,"use_pc":false},"gpr_staged":[{"index":6,"next":1061043516,"prev":1061044224}],"instr":3552772883,"pc":{"pc":2147484664,"pc_next":2147484668}},{"csr_staged":[],"dec":{"has_imm":true,"imm":62,"is_compressed":false,"opt":32,"rd":0,"rs1":8,"rs2":6,"tgt":1,"use_pc":false},"gpr_staged":[],"instr":40120099,"pc":{"pc":2147484668,"pc_next":2147484672}},{"csr_staged":[],"dec":{"has_imm":true,"imm":62,"is_compressed":false,"opt":42,"rd":7,"rs1":8,"rs2":0,"tgt":0,"use_pc":false},"gpr_staged":[{"index":7,"next":1061043516,"prev":993671480}],"instr":65282947,"pc":{"pc":2147484672,"pc_next":2147484676}},{"csr_staged":[],"dec":{"has_imm":true,"imm":724,"is_compressed":false,"opt":21,"rd":0,"rs1":6,"rs2":7,"tgt":3,"use_pc":false},"gpr_staged":[],"instr":745740899,"pc":{"pc":2147484676,"pc_next":2147484680}},{"csr_staged":[],"dec":{"has_imm":true,"imm":80,"is_compressed":false,"opt":53,"rd":3,"rs1":0,"rs2":0,"tgt":2,"use_pc":false},"gpr_staged":[{"index":3,"next":80,"prev":79}],"instr":83886483,"pc":{"pc":2147484680,"pc_next":2147484684}},{"csr_staged":[],"dec":{"has_imm":true,"imm":1128415232,"is_compressed":false,"opt":53,"rd":6,"rs1":0,"rs2":0,"tgt":2,"use_pc":false},"gpr_staged":[{"index":6,"next":1128415232,"prev":1061043516}],"instr":1128416055,"pc":{"pc":2147484684,"pc_next":2147484688}},{"csr_staged":[],"dec":{"has_imm":true,"imm":320,"is_compressed":false,"opt":53,"rd":6,"rs1":6,"rs2":0,"tgt":2,"use_pc":false},"gpr_staged":[{"index":6,"next":1128415552,"prev":1128415232}],"instr":335741715,"pc":{"pc":2147484688,"pc_next":2147484692}},{"csr_staged":[],"dec":{"has_imm":true,"imm":63,"is_compressed":false,"opt":32,"rd":0,"rs1":8,"rs2":6,"tgt":1,"use_pc":false},"gpr_staged":[],"instr":40120227,"pc":{"pc":2147484692,"pc_next":2147484696}},{"csr_staged":[],"dec":{"has_imm":true,"imm":63,"is_compressed":false,"opt":42,"rd":7,"rs1":8,"rs2":0,"tgt":0,"use_pc":false},"gpr_staged":[{"index":7,"next":1128415552,"prev":1061043516}],"instr":66331523,"pc":{"pc":2147484696,"pc_next":2147484700}},{"csr_staged":[],"dec":{"has_imm":true,"imm":700,"is_compressed":false,"opt":21,"rd":0,"rs1":6,"rs2":7,"tgt":3,"use_pc":false},"gpr_staged":[],"instr":712187491,"pc":{"pc":2147484700,"pc_next":2147484704}},{"csr_staged":[],"dec":{"has_imm":true,"imm":91,"is_compressed":false,"opt":53,"rd":3,"rs1":0,"rs2":0,"tgt":2,"use_pc":false},"gpr_staged":[{"index":3,"next":91,"prev":80}],"instr":95420819,"pc":{"pc":2147484704,"pc_next":2147484708}},{"csr_staged":[],"dec":{"has_imm":true,"imm":40960,"is_compressed":false,"opt":53,"rd":6,"rs1":0,"rs2":0,"tgt":2,"use_pc":false},"gpr_staged":[{"index":6,"next":40960,"prev":1128415552}],"instr":41783,"pc":{"pc":2147484708,"pc_next":2147484712}},{"csr_staged":[],"dec":{"has_imm":true,"imm":4294965656,"is_compressed":false,"opt":53,"rd":6,"rs1":6,"rs2":0,"tgt":2,"use_pc":false},"gpr_staged":[{"index":6,"next":39320,"prev":40960}],"instr":2575500051,"pc":{"pc":2147484712,"pc_next":2147484716}},{"csr_staged":[],"dec":{"has_imm":true,"imm":4294967192,"is_compressed":false,"opt":53,"rd":7,"rs1":0,"rs2":0,"tgt":2,"use_pc":false},"gpr_staged":[{"index":7,"next":4294967192,"prev":1128415552}],"instr":4185916307,"pc":{"pc":2147484716,"pc_next":2147484720}},{"csr_staged":[],"dec":{"has_imm":true,"imm":1,"is_compressed":false,"opt":31,"rd":0,"rs1":8,"rs2":6,"tgt":1,"use_pc":false},"gpr_staged":[],"instr":6557859,"pc":{"pc":2147484720,"pc_next":2147484724}},{"csr_staged":[],"dec":{"has_imm":true,"imm":1,"is_compressed":false,"opt":40,"rd":28,"rs1":8,"rs2":0,"tgt":0,"use_pc":false},"gpr_staged":[{"index":28,"next":4294967192,"prev":0}],"instr":1314307,"pc":{"pc":2147484724,"pc_next":2147484728}},{"csr_staged":[],"dec":{"has_imm":true,"imm":672,"is_compressed":false,"opt":21,"rd":0,"rs1":7,"rs2":28,"tgt":3,"use_pc":false},"gpr_staged":[],"instr":734236771,"pc":{"pc":2147484728,"pc_next":2147484732}},{"csr_staged":[],"dec":{"has_imm":true,"imm":92,"is_compressed":false,"opt":53,"rd":3,"rs1":0,"rs2":0,"tgt":2,"use_pc":false},"gpr_staged":[{"index":3,"next":92,"prev":91}],"instr":96469395,"pc":{"pc":2147484732,"pc_next":2147484736}},{"csr_staged":[],"dec":{"has_imm":true,"imm":40960,"is_compressed":false,"opt":53,"rd":6,"rs1":0,"rs2":0,"tgt":2,"use_pc":false},"gpr_staged":[{"index":6,"next":40960,"prev":39320}],"instr":41783,"pc":{"pc":2147484736,"pc_next":2147484740}},{"csr_staged":[],"dec":{"has_imm":true,"imm":4294966170,"is_compressed":false,"opt":53,"rd":6,"rs1":6,"rs2":0,"tgt":2,"use_pc":false},"gpr_staged":[{"index":6,"next":39834,"prev":40960}],"instr":3114468115,"pc":{"pc":2147484740,"pc_next":2147484744}},{"csr_staged":[],"dec":{"has_imm":true,"imm":4294967195,"is_compressed":false,"opt":53,"rd":7,"rs1":0,"rs2":0,"tgt":2,"use_pc":false},"gpr_staged":[{"index":7,"next":4294967195,"prev":4294967192}],"instr":4189062035,"pc":{"pc":2147484744,"pc_next":2147484748}},{"csr_staged":[],"dec":{"has_imm":true,"imm":1,"is_compressed":false,"opt":31,"rd":0,"rs1":8,"rs2":6,"tgt":1,"use_pc":false},"gpr_staged":[],"instr":6557859,"pc":{"pc":2147484748,"pc_next":2147484752}},{"csr_staged":[],"dec":{"has_imm":true,"imm":2,"is_compressed":false,"opt":40,"rd":28,"rs1":8,"rs2":0,"tgt":0,"use_pc":false},"gpr_staged":[{"index":28,"next":4294967195,"prev":4294967192}],"instr":2362883,"pc":{"pc":2147484752,"pc_next":2147484756}},{"csr_staged":[],"dec":{"has_imm":true,"imm":644,"is_compressed":false,"opt":21,"rd":0,"rs1":7,"rs2":28,"tgt":3,"use_pc":false},"gpr_staged":[],"instr":700682851,"pc":{"pc":2147484756,"pc_next":2147484760}},{"csr_staged":[],"dec":{"has_imm":true,"imm":93,"is_compressed":false,"opt":53,"rd":3,"rs1":0,"rs2":0,"tgt":2,"use_pc":false},"gpr_staged":[{"index":3,"next":93,"prev":92}],"instr":97517971,"pc":{"pc":2147484760,"pc_next":2147484764}},{"csr_staged":[],"dec":{"has_imm":true,"imm":40960,"is_compressed":false,"opt":53,"rd":6,"rs1":0,"rs2":0,"tgt":2,"use_pc":false},"gpr_staged":[{"index":6,"next":40960,"prev":39834}],"instr":41783,"pc":{"pc":2147484764,"pc_next":2147484768}},{"csr_staged":[],"dec":{"has_imm":true,"imm":4294966684,"is_compressed":false,"opt":53,"rd":6,"rs1":6,"rs2":0,"tgt":2,"use_pc":false},"gpr_staged":[{"index":6,"next":40348,"prev":40960}],"instr":3653436179,"pc":{"pc":2147484768,"pc_next":2147484772}},{"csr_staged":[],"dec":{"has_imm":true,"imm":156,"is_compressed":false,"opt":53,"rd":7,"rs1":0,"rs2":0,"tgt":2,"use_pc":false},"gpr_staged":[{"index":7,"next":156,"prev":4294967195}],"instr":163578771,"pc":{"pc":2147484772,"pc_next":2147484776}},{"csr_staged":[],"dec":{"has_imm":true,"imm":1,"is_compressed":false,"opt":31,"rd":0,"rs1":8,"rs2":6,"tgt":1,"use_pc":false},"gpr_staged":[],"instr":6557859,"pc":{"pc":2147484776,"pc_next":2147484780}},{"csr_staged":[],"dec":{"has_imm":true,"imm":1,"is_compressed":false,"opt":44,"rd":28,"rs1":8,"rs2":0,"tgt":0,"use_pc":false},"gpr_staged":[{"index":28,"next":156,"prev":4294967195}],"instr":1330691,"pc":{"pc":2147484780,"pc_next":2147484784}},{"csr_staged":[],"dec":{"has_imm":true,"imm":616,"is_compressed":false,"opt":21,"rd":0,"rs1":7,"rs2":28,"tgt":3,"use_pc":false},"gpr_staged":[],"instr":667128931,"pc":{"pc":2147484784,"pc_next":2147484788}},{"csr_staged":[],"dec":{"has_imm":true,"imm":94,"is_compressed":false,"opt":53,"rd":3,"rs1":0,"rs2":0,"tgt":2,"use_pc":false},"gpr_staged":[{"index":3,"next":94,"prev":93}],"instr":98566547,"pc":{"pc":2147484788,"pc_next":2147484792}},{"csr_staged":[],"dec":{"has_imm":true,"imm":40960,"is_compressed":false,"opt":53,"rd":6,"rs1":0,"rs2":0,"tgt":2,"use_pc":false},"gpr_staged":[{"index":6,"next":40960,"prev":40348}],"instr":41783,"pc":{"pc":2147484792,"pc_next":2147484796}},{"csr_staged":[],"dec":{"has_imm":true,"imm":4294967198,"is_compressed":false,"opt":53,"rd":6,"rs1":6,"rs2":0,"tgt":2,"use_pc":false},"gpr_staged":[{"index":6,"next":40862,"prev":40960}],"instr":4192404243,"pc":{"pc":2147484796,"pc_next":2147484800}},{"csr_staged":[],"dec":{"has_imm":true,"imm":159,"is_compressed":false,"opt":53,"rd":7,"rs1":0,"rs2":0,"tgt":2,"use_pc":false},"gpr_staged":[{"index":7,"next":159,"prev":156}],"instr":166724499,"pc":{"pc":2147484800,"pc_next":2147484804}},{"csr_staged":[],"dec":{"has_imm":true,"imm":1,"is_compressed":false,"opt":31,"rd":0,"rs1":8,"rs2":6,"tgt":1,"use_pc":false},"gpr_staged":[],"instr":6557859,"pc":{"pc":2147484804,"pc_next":2147484808}},{"csr_staged":[],"dec":{"has_imm":true,"imm":2,"is_compressed":false,"opt":44,"rd":28,"rs1":8,"rs2":0,"tgt":0,"use_pc":false},"gpr_staged":[{"index":28,"next":159,"prev":156}],"instr":2379267,"pc":{"pc":2147484808,"pc_next":2147484812}},{"csr_staged":[],"dec":{"has_imm":true,"imm":588,"is_compressed":false,"opt":21,"rd":0,"rs1":7,"rs2":28,"tgt":3,"use_pc":false},"gpr_staged":[],"instr":633575011,"pc":{"pc":2147484812,"pc_next":2147484816}},{"csr_staged":[],"dec":{"has_imm":true,"imm":95,"is_compressed":false,"opt":53,"rd":3,"rs1":0,"rs2":0,"tgt":2,"use_pc":false},"gpr_staged":[{"index":3,"next":95,"prev":94}],"instr":99615123,"pc":{"pc":2147484816,"pc_next":2147484820}},{"csr_staged":[],"dec":{"has_imm":true,"imm":2745344000,"is_compressed":false,"opt":53,"rd":6,"rs1":0,"rs2":0,"tgt":2,"use_pc":false},"gpr_staged":[{"index":6,"next":2745344000,"prev":40862}],"instr":2745344823,"pc":{"pc":2147484820,"pc_next":2147484824}},{"csr_staged":[],"dec":{"has_imm":true,"imm":416,"is_compressed":false,"opt":53,"rd":6,"rs1":6,"rs2":0,"tgt":2,"use_pc":false},"gpr_staged":[{"index":6,"next":2745344416,"prev":2745344000}],"instr":436405011,"pc":{"pc":2147484824,"pc_next":2147484828}},{"csr_staged":[],"dec":{"has_imm":true,"imm":4294967200,"is_compressed":false,"opt":53,"rd":7,"rs1":0,"rs2":0,"tgt":2,"use_pc":false},"gpr_staged":[{"index":7,"next":4294967200,"prev":159}],"instr":4194304915,"pc":{"pc":2147484828,"pc_next":2147484832}},{"csr_staged":[],"dec":{"has_imm":true,"imm":1,"is_compressed":false,"opt":32,"rd":0,"rs1":8,"rs2":6,"tgt":1,"use_pc":false},"gpr_staged":[],"instr":6561955,"pc":{"pc":2147484832,"pc_next":2147484836}},{"csr_staged":[],"dec":{"has_imm":true,"imm":1,"is_compressed":false,"opt":40,"rd":28,"rs1":8,"rs2":0,"tgt":0,"use_pc":false},"gpr_staged":[{"index":28,"next":4294967200,"prev":159}],"instr":1314307,"pc":{"pc":2147484836,"pc_next":2147484840}},{"csr_staged":[],"dec":{"has_imm":true,"imm":560,"is_compressed":false,"opt":21,"rd":0,"rs1":7,"rs2":28,"tgt":3,"use_pc":false},"gpr_staged":[],"instr":600021091,"pc":{"pc":2147484840,"pc_next":2147484844}},{"csr_staged":[],"dec":{"has_imm":true,"imm":96,"is_compressed":false,"opt":53,"rd":3,"rs1":0,"rs2":0,"tgt":2,"use_pc":false},"gpr_staged":[{"index":3,"next":96,"prev":95}],"instr":100663699,"pc":{"pc":2147484844,"pc_next":2147484848}},{"csr_staged":[],"dec":{"has_imm":true,"imm":2812715008,"is_compressed":false,"opt":53,"rd":6,"rs1":0,"rs2":0,"tgt":2,"use_pc":false},"gpr_staged":[{"index":6,"next":2812715008,"prev":2745344416}],"instr":2812715831,"pc":{"pc":2147484848,"pc_next":2147484852}},{"csr_staged":[],"dec":{"has_imm":true,"imm":1444,"is_compressed":false,"opt":53,"rd":6,"rs1":6,"rs2":0,"tgt":2,"use_pc":false},"gpr_staged":[{"index":6,"next":2812716452,"prev":2812715008}],"instr":1514341139,"pc":{"pc":2147484852,"pc_next":2147484856}},{"csr_staged":[],"dec":{"has_imm":true,"imm":165,"is_compressed":false,"opt":53,"rd":7,"rs1":0,"rs2":0,"tgt":2,"use_pc":false},"gpr_staged":[{"index":7,"next":165,"prev":4294967200}],"instr":173015955,"pc":{"pc":2147484856,"pc_next":2147484860}},{"csr_staged":[],"dec":{"has_imm":true,"imm":2,"is_compressed":false,"opt":32,"rd":0,"rs1":8,"rs2":6,"tgt":1,"use_pc":false},"gpr_staged":[],"instr":6562083,"pc":{"pc":2147484860,"pc_next":2147484864}},{"csr_staged":[],"dec":{"has_imm":true,"imm":3,"is_compressed":false,"opt":44,"rd":28,"rs1":8,"rs2":0,"tgt":0,"use_pc":false},"gpr_staged":[{"index":28,"next":165,"prev":4294967200}],"instr":3427843,"pc":{"pc":2147484864,"pc_next":2147484868}},{"csr_staged":[],"dec":{"has_imm":true,"imm":532,"is_compressed":false,"opt":21,"rd":0,"rs1":7,"rs2":28,"tgt":3,"use_pc":false},"gpr_staged":[],"instr":566467171,"pc":{"pc":2147484868,"pc_next":2147484872}},{"csr_staged":[],"dec":{"has_imm":true,"imm":97,"is_compressed":false,"opt":53,"rd":3,"rs1":0,"rs2":0,"tgt":2,"use_pc":false},"gpr_staged":[{"index":3,"next":97,"prev":96}],"instr":101712275,"pc":{"pc":2147484872,"pc_next":2147484876}},{"csr_staged":[],"dec":{"has_imm":true,"imm":2880090112,"is_compressed":false,"opt":53,"rd":6,"rs1":0,"rs2":0,"tgt":2,"use_pc":false},"gpr_staged":[{"index":6,"next":2880090112,"prev":2812716452}],"instr":2880090935,"pc":{"pc":2147484876,"pc_next":2147484880}},{"csr_staged":[],"dec":{"has_imm":true,"imm":4294965672,"is_compressed":false,"opt":53,"rd":6,"rs1":6,"rs2":0,"tgt":2,"use_pc":false},"gpr_staged":[{"index":6,"next":2880088488,"prev":2880090112}],"instr":2592277267,"pc":{"pc":2147484880,"pc_next":2147484884}},{"csr_staged":[],"dec":{"has_imm":true,"imm":4294946816,"is_compressed":false,"opt":53,"rd":7,"rs1":0,"rs2":0,"tgt":2,"use_pc":false},"gpr_staged":[{"index":7,"next":4294946816,"prev":165}],"instr":4294947767,"pc":{"pc":2147484884,"pc_next":2147484888}},{"csr_staged":[],"dec":{"has_imm":true,"imm":4294965929,"is_compressed":false,"opt":53,"rd":7,"rs1":7,"rs2":0,"tgt":2,"use_pc":false},"gpr_staged":[{"index":7,"next":4294945449,"prev":4294946816}],"instr":2861794195,"pc":{"pc":2147484888,"pc_next":2147484892}},{"csr_staged":[],"dec":{"has_imm":true,"imm":3,"is_compressed":false,"opt":32,"rd":0,"rs1":8,"rs2":6,"tgt":1,"use_pc":false},"gpr_staged":[],"instr":6562211,"pc":{"pc":2147484892,"pc_next":2147484896}},{"csr_staged":[],"dec":{"has_imm":true,"imm":4,"is_compressed":false,"opt":41,"rd":28,"rs1":8,"rs2":0,"tgt":0,"use_pc":false},"gpr_staged":[{"index":28,"next":4294945449,"prev":165}],"instr":4464131,"pc":{"pc":2147484896,"pc_next":2147484900}},{"csr_staged":[],"dec":{"has_imm":true,"imm":500,"is_compressed":false,"opt":21,"rd":0,"rs1":7,"rs2":28,"tgt":3,"use_pc":false},"gpr_staged":[],"instr":532912739,"pc":{"pc":2147484900,"pc_next":2147484904}},{"csr_staged":[],"dec":{"has_imm":true,"imm":98,"is_compressed":false,"opt":53,"rd":3,"rs1":0,"rs2":0,"tgt":2,"use_pc":false},"gpr_staged":[{"index":3,"next":98,"prev":97}],"instr":102760851,"pc":{"pc":2147484904,"pc_next":2147484908}},{"csr_staged":[],"dec":{"has_imm":true,"imm":2947461120,"is_compressed":false,"opt":53,"rd":6,"rs1":0,"rs2":0,"tgt":2,"use_pc":false},"gpr_staged":[{"index":6,"next":2947461120,"prev":2880088488}],"instr":2947461943,"pc":{"pc":2147484908,"pc_next":2147484912}},{"csr_staged":[],"dec":{"has_imm":true,"imm":4294966700,"is_compressed":false,"opt":53,"rd":6,"rs1":6,"rs2":0,"tgt":2,"use_pc":false},"gpr_staged":[{"index":6,"next":2947460524,"prev":2947461120}],"instr":3670213395,"pc":{"pc":2147484912,"pc_next":2147484916}},{"csr_staged":[],"dec":{"has_imm":true,"imm":45056,"is_compressed":false,"opt":53,"rd":7,"rs1":0,"rs2":0,"tgt":2,"use_pc":false},"gpr_staged":[{"index":7,"next":45056,"prev":4294945449}],"instr":46007,"pc":{"pc":2147484916,"pc_next":2147484920}},{"csr_staged":[],"dec":{"has_imm":true,"imm":4294967214,"is_compressed":false,"opt":53,"rd":7,"rs1":7,"rs2":0,"tgt":2,"use_pc":false},"gpr_staged":[{"index":7,"next":44974,"prev":45056}],"instr":4209214355,"pc":{"pc":2147484920,"pc_next":2147484924}},{"csr_staged":[],"dec":{"has_imm":true,"imm":3,"is_compressed":false,"opt":32,"rd":0,"rs1":8,"rs2":6,"tgt":1,"use_pc":false},"gpr_staged":[],"instr":6562211,"pc":{"pc":2147484924,"pc_next":2147484928}},{"csr_staged":[],"dec":{"has_imm":true,"imm":5,"is_compressed":false,"opt":45,"rd":28,"rs1":8,"rs2":0,"tgt":0,"use_pc":false},"gpr_staged":[{"index":28,"next":44974,"prev":4294945449}],"instr":5529091,"pc":{"pc":2147484928,"pc_next":2147484932}},{"csr_staged":[],"dec":{"has_imm":true,"imm":468,"is_compressed":false,"opt":21,"rd":0,"rs1":7,"rs2":28,"tgt":3,"use_pc":false},"gpr_staged":[],"instr":499358307,"pc":{"pc":2147484932,"pc_next":2147484936}},{"csr_staged":[],"dec":{"has_imm":true,"imm":106,"is_compressed":false,"opt":53,"rd":3,"rs1":0,"rs2":0,"tgt":2,"use_pc":false},"gpr_staged":[{"index":3,"next":106,"prev":98}],"instr":111149459,"pc":{"pc":2147484936,"pc_next":2147484940}},{"csr_staged":[],"dec":{"has_imm":true,"imm":61440,"is_compressed":false,"opt":53,"rd":6,"rs1":0,"rs2":0,"tgt":2,"use_pc":false},"gpr_staged":[{"index":6,"next":61440,"prev":2947460524}],"instr":62263,"pc":{"pc":2147484940,"pc_next":2147484944}},{"csr_staged":[],"dec":{"has_imm":true,"imm":4294965736,"is_compressed":false,"opt":53,"rd":6,"rs1":6,"rs2":0,"tgt":2,"use_pc":false},"gpr_staged":[{"index":6,"next":59880,"prev":61440}],"instr":2659386131,"pc":{"pc":2147484944,"pc_next":2147484948}},{"csr_staged":[],"dec":{"has_imm":true,"imm":4294967272,"is_compressed":false,"opt":53,"rd":7,"rs1":0,"rs2":0,"tgt":2,"use_pc":false},"gpr_staged":[{"index":7,"next":4294967272,"prev":44974}],"instr":4269802387,"pc":{"pc":2147484948,"pc_next":2147484952}},{"csr_staged":[],"dec":{"has_imm":true,"imm":31,"is_compressed":false,"opt":31,"rd":0,"rs1":8,"rs2":6,"tgt":1,"use_pc":false},"gpr_staged":[],"instr":6561699,"pc":{"pc":2147484952,"pc_next":2147484956}},{"csr_staged":[],"dec":{"has_imm":true,"imm":31,"is_compressed":false,"opt":40,"rd":28,"rs1":8,"rs2":0,"tgt":0,"use_pc":false},"gpr_staged":[{"index":28,"next":4294967272,"prev":44974}],"instr":32771587,"pc":{"pc":2147484956,"pc_next":2147484960}},{"csr_staged":[],"dec":{"has_imm":true,"imm":440,"is_compressed":false,"opt":21,"rd":0,"rs1":7,"rs2":28,"tgt":3,"use_pc":false},"gpr_staged":[],"instr":465804387,"pc":{"pc":2147484960,"pc_next":2147484964}},{"csr_staged":[],"dec":{"has_imm":true,"imm":107,"is_compressed":false,"opt":53,"rd":3,"rs1":0,"rs2":0,"tgt":2,"use_pc":false},"gpr_staged":[{"index":3,"next":107,"prev":106}],"instr":112198035,"pc":{"pc":2147484964,"pc_next":2147484968}},{"csr_staged":[],"dec":{"has_imm":true,"imm":61440,"is_compressed":false,"opt":53,"rd":6,"rs1":0,"rs2":0,"tgt":2,"use_pc":false},"gpr_staged":[{"index":6,"next":61440,"prev":59880}],"instr":62263,"pc":{"pc":2147484968,"pc_next":2147484972}},{"csr_staged":[],"dec":{"has_imm":true,"imm":4294966250,"is_compressed":false,"opt":53,"rd":6,"rs1":6,"rs2":0,"tgt":2,"use_pc":false},"gpr_staged":[{"index":6,"next":60394,"prev":61440}],"instr":3198354195,"pc":{"pc":2147484972,"pc_next":2147484976}},{"csr_staged":[],"dec":{"has_imm":true,"imm":4294967275,"is_compressed":false,"opt":53,"rd":7,"rs1":0,"rs2":0,"tgt":2,"use_pc":false},"gpr_staged":[{"index":7,"next":4294967275,"prev":4294967272}],"instr":4272948115,"pc":{"pc":2147484976,"pc_next":2147484980}},{"csr_staged":[],"dec":{"has_imm":true,"imm":31,"is_compressed":false,"opt":31,"rd":0,"rs1":8,"rs2":6,"tgt":1,"use_pc":false},"gpr_staged":[],"instr":6561699,"pc":{"pc":2147484980,"pc_next":2147484984}},{"csr_staged":[],"dec":{"has_imm":true,"imm":32,"is_compressed":false,"opt":40,"rd":28,"rs1":8,"rs2":0,"tgt":0,"use_pc":false},"gpr_staged":[{"index":28,"next":4294967275,"prev":4294967272}],"instr":33820163,"pc":{"pc":2147484984,"pc_next":2147484988}},{"csr_staged":[],"dec":{"has_imm":true,"imm":412,"is_compressed":false,"opt":21,"rd":0,"rs1":7,"rs2":28,"tgt":3,"use_pc":false},"gpr_staged":[],"instr":432250467,"pc":{"pc":2147484988,"pc_next":2147484992}},{"csr_staged":[],"dec":{"has_imm":true,"imm":108,"is_compressed":false,"opt":53,"rd":3,"rs1":0,"rs2":0,"tgt":2,"use_pc":false},"gpr_staged":[{"index":3,"next":108,"prev":107}],"instr":113246611,"pc":{"pc":2147484992,"pc_next":2147484996}},{"csr_staged":[],"dec":{"has_imm":true,"imm":61440,"is_compressed":false,"opt":53,"rd":6,"rs1":0,"rs2":0,"tgt":2,"use_pc":false},"gpr_staged":[{"index":6,"next":61440,"prev":60394}],"instr":62263,"pc":{"pc":2147484996,"pc_next":2147485000}},{"csr_staged":[],"dec":{"has_imm":true,"imm":4294966764,"is_compressed":false,"opt":53,"rd":6,"rs1":6,"rs2":0,"tgt":2,"use_pc":false},"gpr_staged":[{"index":6,"next":60908,"prev":61440}],"instr":3737322259,"pc":{"pc":2147485000,"pc_next":2147485004}},{"csr_staged":[],"dec":{"has_imm":true,"imm":236,"is_compressed":false,"opt":53,"rd":7,"rs1":0,"rs2":0,"tgt":2,"use_pc":false},"gpr_staged":[{"index":7,"next":236,"prev":4294967275}],"instr":247464851,"pc":{"pc":2147485004,"pc_next":2147485008}},{"csr_staged":[],"dec":{"has_imm":true,"imm":31,"is_compressed":false,"opt":31,"rd":0,"rs1":8,"rs2":6,"tgt":1,"use_pc":false},"gpr_staged":[],"instr":6561699,"pc":{"pc":2147485008,"pc_next":2147485012}},{"csr_staged":[],"dec":{"has_imm":true,"imm":31,"is_compressed":false,"opt":44,"rd":28,"rs1":8,"rs2":0,"tgt":0,"use_pc":false},"gpr_staged":[{"index":28,"next":236,"prev":4294967275}],"instr":32787971,"pc":{"pc":2147485012,"pc_next":2147485016}},{"csr_staged":[],"dec":{"has_imm":true,"imm":384,"is_compressed":false,"opt":21,"rd":0,"rs1":7,"rs2":28,"tgt":3,"use_pc":false},"gpr_staged":[],"instr":432246883,"pc":{"pc":2147485016,"pc_next":2147485020}},{"csr_staged":[],"dec":{"has_imm":true,"imm":109,"is_compressed":false,"opt":53,"rd":3,"rs1":0,"rs2":0,"tgt":2,"use_pc":false},"gpr_staged":[{"index":3,"next":109,"prev":108}],"instr":114295187,"pc":{"pc":2147485020,"pc_next":2147485024}},{"csr_staged":[],"dec":{"has_imm":true,"imm":61440,"is_compressed":false,"opt":53,"rd":6,"rs1":0,"rs2":0,"tgt":2,"use_pc":false},"gpr_staged":[{"index":6,"next":61440,"prev":60908}],"instr":62263,"pc":{"pc":2147485024,"pc_next":2147485028}},{"csr_staged":[],"dec":{"has_imm":true,"imm":4294967278,"is_compressed":false,"opt":53,"rd":6,"rs1":6,"rs2":0,"tgt":2,"use_pc":false},"gpr_staged":[{"index":6,"next":61422,"prev":61440}],"instr":4276290323,"pc":{"pc":2147485028,"pc_next":2147485032}},{"csr_staged":[],"dec":{"has_imm":true,"imm":239,"is_compressed":false,"opt":53,"rd":7,"rs1":0,"rs2":0,"tgt":2,"use_pc":false},"gpr_staged":[{"index":7,"next":239,"prev":236}],"instr":250610579,"pc":{"pc":2147485032,"pc_next":2147485036}},{"csr_staged":[],"dec":{"has_imm":true,"imm":31,"is_compressed":false,"opt":31,"rd":0,"rs1":8,"rs2":6,"tgt":1,"use_pc":false},"gpr_staged":[],"instr":6561699,"pc":{"pc":2147485036,"pc_next":2147485040}},{"csr_staged":[],"dec":{"has_imm":true,"imm":32,"is_compressed":false,"opt":44,"rd":28,"rs1":8,"rs2":0,"tgt":0,"use_pc":false},"gpr_staged":[{"index":28,"next":239,"prev":236}],"instr":33836547,"pc":{"pc":2147485040,"pc_next":2147485044}},{"csr_staged":[],"dec":{"has_imm":true,"imm":356,"is_compressed":false,"opt":21,"rd":0,"rs1":7,"rs2":28,"tgt":3,"use_pc":false},"gpr_staged":[],"instr":398692963,"pc":{"pc":2147485044,"pc_next":2147485048}},{"csr_staged":[],"dec":{"has_imm":true,"imm":110,"is_compressed":false,"opt":53,"rd":3,"rs1":0,"rs2":0,"tgt":2,"use_pc":false},"gpr_staged":[{"index":3,"next":110,"prev":109}],"instr":115343763,"pc":{"pc":2147485048,"pc_next":2147485052}},{"csr_staged":[],"dec":{"has_imm":true,"imm":4092784640,"is_compressed":false,"opt":53,"rd":6,"rs1":0,"rs2":0,"tgt":2,"use_pc":false},"gpr_staged":[{"index":6,"next":4092784640,"prev":61422}],"instr":4092785463,"pc":{"pc":2147485052,"pc_next":2147485056}},{"csr_staged":[],"dec":{"has_imm":true,"imm":496,"is_compressed":false,"opt":53,"rd":6,"rs1":6,"rs2":0,"tgt":2,"use_pc":false},"gpr_staged":[{"index":6,"next":4092785136,"prev":4092784640}],"instr":520291091,"pc":{"pc":2147485056,"pc_next":2147485060}},{"csr_staged":[],"dec":{"has_imm":true,"imm":4294967280,"is_compressed":false,"opt":53,"rd":7,"rs1":0,"rs2":0,"tgt":2,"use_pc":false},"gpr_staged":[{"index":7,"next":4294967280,"prev":239}],"instr":4278190995,"pc":{"pc":2147485060,"pc_next":2147485064}},{"csr_staged":[],"dec":{"has_imm":true,"imm":29,"is_compressed":false,"opt":32,"rd":0,"rs1":8,"rs2":6,"tgt":1,"use_pc":false},"gpr_staged":[],"instr":6565539,"pc":{"pc":2147485064,"pc_next":2147485068}},{"csr_staged":[],"dec":{"has_imm":true,"imm":29,"is_compressed":false,"opt":40,"rd":28,"rs1":8,"rs2":0,"tgt":0,"use_pc":false},"gpr_staged":[{"index":28,"next":4294967280,"prev":239}],"instr":30674435,"pc":{"pc":2147485068,"pc_next":2147485072}},{"csr_staged":[],"dec":{"has_imm":true,"imm":328,"is_compressed":false,"opt":21,"rd":0,"rs1":7,"rs2":28,"tgt":3,"use_pc":false},"gpr_staged":[],"instr":365139043,"pc":{"pc":2147485072,"pc_next":2147485076}},{"csr_staged":[],"dec":{"has_imm":true,"imm":111,"is_compressed":false,"opt":53,"rd":3,"rs1":0,"rs2":0,"tgt":2,"use_pc":false},"gpr_staged":[{"index":3,"next":111,"prev":110}],"instr":116392339,"pc":{"pc":2147485076,"pc_next":2147485080}},{"csr_staged":[],"dec":{"has_imm":true,"imm":4160155648,"is_compressed":false,"opt":53,"rd":6,"rs1":0,"rs2":0,"tgt":2,"use_pc":false},"gpr_staged":[{"index":6,"next":4160155648,"prev":4092785136}],"instr":4160156471,"pc":{"pc":2147485080,"pc_next":2147485084}},{"csr_staged":[],"dec":{"has_imm":true,"imm":1524,"is_compressed":false,"opt":53,"rd":6,"rs1":6,"rs2":0,"tgt":2,"use_pc":false},"gpr_staged":[{"index":6,"next":4160157172,"prev":4160155648}],"instr":1598227219,"pc":{"pc":2147485084,"pc_next":2147485088}},{"csr_staged":[],"dec":{"has_imm":true,"imm":246,"is_compressed":false,"opt":53,"rd":7,"rs1":0,"rs2":0,"tgt":2,"use_pc":false},"gpr_staged":[{"index":7,"next":246,"prev":4294967280}],"instr":257950611,"pc":{"pc":2147485088,"pc_next":2147485092}},{"csr_staged":[],"dec":{"has_imm":true,"imm":30,"is_compressed":false,"opt":32,"rd":0,"rs1":8,"rs2":6,"tgt":1,"use_pc":false},"gpr_staged":[],"instr":6565667,"pc":{"pc":2147485092,"pc_next":2147485096}},{"csr_staged":[],"dec":{"has_imm":true,"imm":32,"is_compressed":false,"opt":44,"rd":28,"rs1":8,"rs2":0,"tgt":0,"use_pc":false},"gpr_staged":[{"index":28,"next":246,"prev":4294967280}],"instr":33836547,"pc":{"pc":2147485096,"pc_next":2147485100}},{"csr_staged":[],"dec":{"has_imm":true,"imm":300,"is_compressed":false,"opt":21,"rd":0,"rs1":7,"rs2":28,"tgt":3,"use_pc":false},"gpr_staged":[],"instr":331585123,"pc":{"pc":2147485100,"pc_next":2147485104}},{"csr_staged":[],"dec":{"has_imm":true,"imm":112,"is_compressed":false,"opt":53,"rd":3,"rs1":0,"rs2":0,"tgt":2,"use_pc":false},"gpr_staged":[{"index":3,"next":112,"prev":111}],"instr":117440915,"pc":{"pc":2147485104,"pc_next":2147485108}},{"csr_staged":[],"dec":{"has_imm":true,"imm":4227530752,"is_compressed":false,"opt":53,"rd":6,"rs1":0,"rs2":0,"tgt":2,"use_pc":false},"gpr_staged":[{"index":6,"next":4227530752,"prev":4160157172}],"instr":4227531575,"pc":{"pc":2147485108,"pc_next":2147485112}},{"csr_staged":[],"dec":{"has_imm":true,"imm":4294965752,"is_compressed":false,"opt":53,"rd":6,"rs1":6,"rs2":0,"tgt":2,"use_pc":false},"gpr_staged":[{"index":6,"next":4227529208,"prev":4227530752}],"instr":2676163347,"pc":{"pc":2147485112,"pc_next":2147485116}},{"csr_staged":[],"dec":{"has_imm":true,"imm":4294966266,"is_compressed":false,"opt":53,"rd":7,"rs1":0,"rs2":0,"tgt":2,"use_pc":false},"gpr_staged":[{"index":7,"next":4294966266,"prev":246}],"instr":3214934931,"pc":{"pc":2147485116,"pc_next":2147485120}},{"csr_staged":[],"dec":{"has_imm":true,"imm":29,"is_compressed":false,"opt":32,"rd":0,"rs1":8,"rs2":6,"tgt":1,"use_pc":false},"gpr_staged":[],"instr":6565539,"pc":{"pc":2147485120,"pc_next":2147485124}},{"csr_staged":[],"dec":{"has_imm":true,"imm":31,"is_compressed":false,"opt":41,"rd":28,"rs1":8,"rs2":0,"tgt":0,"use_pc":false},"gpr_staged":[{"index":28,"next":4294966266,"prev":246}],"instr":32775683,"pc":{"pc":2147485124,"pc_next":2147485128}},{"csr_staged":[],"dec":{"has_imm":true,"imm":272,"is_compressed":false,"opt":21,"rd":0,"rs1":7,"rs2":28,"tgt":3,"use_pc":false},"gpr_staged":[],"instr":298031203,"pc":{"pc":2147485128,"pc_next":2147485132}},{"csr_staged":[],"dec":{"has_imm":true,"imm":113,"is_compressed":false,"opt":53,"rd":3,"rs1":0,"rs2":0,"tgt":2,"use_pc":false},"gpr_staged":[{"index":3,"next":113,"prev":112}],"instr":118489491,"pc":{"pc":2147485132,"pc_next":2147485136}},{"csr_staged":[],"dec":{"has_imm":true,"imm":4294901760,"is_compressed":false,"opt":53,"rd":6,"rs1":0,"rs2":0,"tgt":2,"use_pc":false},"gpr_staged":[{"index":6,"next":4294901760,"prev":4227529208}],"instr":4294902583,"pc":{"pc":2147485136,"pc_next":2147485140}},{"csr_staged":[],"dec":{"has_imm":true,"imm":4294966780,"is_compressed":false,"opt":53,"rd":6,"rs1":6,"rs2":0,"tgt":2,"use_pc":false},"gpr_staged":[{"index":6,"next":4294901244,"prev":4294901760}],"instr":3754099475,"pc":{"pc":2147485140,"pc_next":2147485144}},{"csr_staged":[],"dec":{"has_imm":true,"imm":65536,"is_compressed":false,"opt":53,"rd":7,"rs1":0,"rs2":0,"tgt":2,"use_pc":false},"gpr_staged":[{"index":7,"next":65536,"prev":4294966266}],"instr":66487,"pc":{"pc":2147485144,"pc_next":2147485148}},{"csr_staged":[],"dec":{"has_imm":true,"imm":4294966780,"is_compressed":false,"opt":53,"rd":7,"rs1":7,"rs2":0,"tgt":2,"use_pc":false},"gpr_staged":[{"index":7,"next":65020,"prev":65536}],"instr":3754132371,"pc":{"pc":2147485148,"pc_next":2147485152}},{"csr_staged":[],"dec":{"has_imm":true,"imm":31,"is_compressed":false,"opt":32,"rd":0,"rs1":8,"rs2":6,"tgt":1,"use_pc":false},"gpr_staged":[],"instr":6565795,"pc":{"pc":2147485152,"pc_next":2147485156}},{"csr_staged":[],"dec":{"has_imm":true,"imm":31,"is_compressed":false,"opt":45,"rd":28,"rs1":8,"rs2":0,"tgt":0,"use_pc":false},"gpr_staged":[{"index":28,"next":65020,"prev":4294966266}],"instr":32792067,"pc":{"pc":2147485156,"pc_next":2147485160}},{"csr_staged":[],"dec":{"has_imm":true,"imm":240,"is_compressed":false,"opt":21,"rd":0,"rs1":7,"rs2":28,"tgt":3,"use_pc":false},"gpr_staged":[],"instr":264476771,"pc":{"pc":2147485160,"pc_next":2147485164}},{"csr_staged":[],"dec":{"has_imm":true,"imm":121,"is_compressed":false,"opt":53,"rd":3,"rs1":0,"rs2":0,"tgt":2,"use_pc":false},"gpr_staged":[{"index":3,"next":121,"prev":113}],"instr":126878099,"pc":{"pc":2147485164,"pc_next":2147485168}},{"csr_staged":[],"dec":{"has_imm":true,"imm":20480,"is_compressed":false,"opt":53,"rd":6,"rs1":0,"rs2":0,"tgt":2,"use_pc":false},"gpr_staged":[{"index":6,"next":20480,"prev":4294901244}],"instr":21303,"pc":{"pc":2147485168,"pc_next":2147485172}},{"csr_staged":[],"dec":{"has_imm":true,"imm":4294965576,"is_compressed":false,"opt":53,"rd":6,"rs1":6,"rs2":0,"tgt":2,"use_pc":false},"gpr_staged":[{"index":6,"next":18760,"prev":20480}],"instr":2491613971,"pc":{"pc":2147485172,"pc_next":2147485176}},{"csr_staged":[],"dec":{"has_imm":true,"imm":72,"is_compressed":false,"opt":53,"rd":7,"rs1":0,"rs2":0,"tgt":2,"use_pc":false},"gpr_staged":[{"index":7,"next":72,"prev":65020}],"instr":75498387,"pc":{"pc":2147485176,"pc_next":2147485180}},{"csr_staged":[],"dec":{"has_imm":true,"imm":63,"is_compressed":false,"opt":31,"rd":0,"rs1":8,"rs2":6,"tgt":1,"use_pc":false},"gpr_staged":[],"instr":40116131,"pc":{"pc":2147485180,"pc_next":2147485184}},{"csr_staged":[],"dec":{"has_imm":true,"imm":63,"is_compressed":false,"opt":40,"rd":28,"rs1":8,"rs2":0,"tgt":0,"use_pc":false},"gpr_staged":[{"index":28,"next":72,"prev":65020}],"instr":66326019,"pc":{"pc":2147485184,"pc_next":2147485188}},{"csr_staged":[],"dec":{"has_imm":true,"imm":212,"is_compressed":false,"opt":21,"rd":0,"rs1":7,"rs2":28,"tgt":3,"use_pc":false},"gpr_staged":[],"instr":230922851,"pc":{"pc":2147485188,"pc_next":2147485192}},{"csr_staged":[],"dec":{"has_imm":true,"imm":122,"is_compressed":false,"opt":53,"rd":3,"rs1":0,"rs2":0,"tgt":2,"use_pc":false},"gpr_staged":[{"index":3,"next":122,"prev":121}],"instr":127926675,"pc":{"pc":2147485192,"pc_next":2147485196}},{"csr_staged":[],"dec":{"has_imm":true,"imm":20480,"is_compressed":false,"opt":53,"rd":6,"rs1":0,"rs2":0,"tgt":2,"use_pc":false},"gpr_staged":[{"index":6,"next":20480,"prev":18760}],"instr":21303,"pc":{"pc":2147485196,"pc_next":2147485200}},{"csr_staged":[],"dec":{"has_imm":true,"imm":4294966090,"is_compressed":false,"opt":53,"rd":6,"rs1":6,"rs2":0,"tgt":2,"use_pc":false},"gpr_staged":[{"index":6,"next":19274,"prev":20480}],"instr":3030582035,"pc":{"pc":2147485200,"pc_next":2147485204}},{"csr_staged":[],"dec":{"has_imm":true,"imm":75,"is_compressed":false,"opt":53,"rd":7,"rs1":0,"rs2":0,"tgt":2,"use_pc":false},"gpr_staged":[{"index":7,"next":75,"prev":72}],"instr":78644115,"pc":{"pc":2147485204,"pc_next":2147485208}},{"csr_staged":[],"dec":{"has_imm":true,"imm":63,"is_compressed":false,"opt":31,"rd":0,"rs1":8,"rs2":6,"tgt":1,"use_pc":false},"gpr_staged":[],"instr":40116131,"pc":{"pc":2147485208,"pc_next":2147485212}},{"csr_staged":[],"dec":{"has_imm":true,"imm":64,"is_compressed":false,"opt":40,"rd":28,"rs1":8,"rs2":0,"tgt":0,"use_pc":false},"gpr_staged":[{"index":28,"next":75,"prev":72}],"instr":67374595,"pc":{"pc":2147485212,"pc_next":2147485216}},{"csr_staged":[],"dec":{"has_imm":true,"imm":184,"is_compressed":false,"opt":21,"rd":0,"rs1":7,"rs2":28,"tgt":3,"use_pc":false},"gpr_staged":[],"instr":197368931,"pc":{"pc":2147485216,"pc_next":2147485220}},{"csr_staged":[],"dec":{"has_imm":true,"imm":123,"is_compressed":false,"opt":53,"rd":3,"rs1":0,"rs2":0,"tgt":2,"use_pc":false},"gpr_staged":[{"index":3,"next":123,"prev":122}],"instr":128975251,"pc":{"pc":2147485220,"pc_next":2147485224}},{"csr_staged":[],"dec":{"has_imm":true,"imm":20480,"is_compressed":false,"opt":53,"rd":6,"rs1":0,"rs2":0,"tgt":2,"use_pc":false},"gpr_staged":[{"index":6,"next":20480,"prev":19274}],"instr":21303,"pc":{"pc":2147485224,"pc_next":2147485228}},{"csr_staged":[],"dec":{"has_imm":true,"imm":4294966604,"is_compressed":false,"opt":53,"rd":6,"rs1":6,"rs2":0,"tgt":2,"use_pc":false},"gpr_staged":[{"index":6,"next":19788,"prev":20480}],"instr":3569550099,"pc":{"pc":2147485228,"pc_next":2147485232}},{"csr_staged":[],"dec":{"has_imm":true,"imm":76,"is_compressed":false,"opt":53,"rd":7,"rs1":0,"rs2":0,"tgt":2,"use_pc":false},"gpr_staged":[{"index":7,"next":76,"prev":75}],"instr":79692691,"pc":{"pc":2147485232,"pc_next":2147485236}},{"csr_staged":[],"dec":{"has_imm":true,"imm":63,"is_compressed":false,"opt":31,"rd":0,"rs1":8,"rs2":6,"tgt":1,"use_pc":false},"gpr_staged":[],"instr":40116131,"pc":{"pc":2147485236,"pc_next":2147485240}},{"csr_staged":[],"dec":{"has_imm":true,"imm":63,"is_compressed":false,"opt":44,"rd":28,"rs1":8,"rs2":0,"tgt":0,"use_pc":false},"gpr_staged":[{"index":28,"next":76,"prev":75}],"instr":66342403,"pc":{"pc":2147485240,"pc_next":2147485244}},{"csr_staged":[],"dec":{"has_imm":true,"imm":156,"is_compressed":false,"opt":21,"rd":0,"rs1":7,"rs2":28,"tgt":3,"use_pc":false},"gpr_staged":[],"instr":163815011,"pc":{"pc":2147485244,"pc_next":2147485248}},{"csr_staged":[],"dec":{"has_imm":true,"imm":124,"is_compressed":false,"opt":53,"rd":3,"rs1":0,"rs2":0,"tgt":2,"use_pc":false},"gpr_staged":[{"index":3,"next":124,"prev":123}],"instr":130023827,"pc":{"pc":2147485248,"pc_next":2147485252}},{"csr_staged":[],"dec":{"has_imm":true,"imm":20480,"is_compressed":false,"opt":53,"rd":6,"rs1":0,"rs2":0,"tgt":2,"use_pc":false},"gpr_staged":[{"index":6,"next":20480,"prev":19788}],"instr":21303,"pc":{"pc":2147485252,"pc_next":2147485256}},{"csr_staged":[],"dec":{"has_imm":true,"imm":4294967118,"is_compressed":false,"opt":53,"rd":6,"rs1":6,"rs2":0,"tgt":2,"use_pc":false},"gpr_staged":[{"index":6,"next":20302,"prev":20480}],"instr":4108518163,"pc":{"pc":2147485256,"pc_next":2147485260}},{"csr_staged":[],"dec":{"has_imm":true,"imm":79,"is_compressed":false,"opt":53,"rd":7,"rs1":0,"rs2":0,"tgt":2,"use_pc":false},"gpr_staged":[{"index":7,"next":79,"prev":76}],"instr":82838419,"pc":{"pc":2147485260,"pc_next":2147485264}},{"csr_staged":[],"dec":{"has_imm":true,"imm":63,"is_compressed":false,"opt":31,"rd":0,"rs1":8,"rs2":6,"tgt":1,"use_pc":false},"gpr_staged":[],"instr":40116131,"pc":{"pc":2147485264,"pc_next":2147485268}},{"csr_staged":[],"dec":{"has_imm":true,"imm":64,"is_compressed":false,"opt":44,"rd":28,"rs1":8,"rs2":0,"tgt":0,"use_pc":false},"gpr_staged":[{"index":28,"next":79,"prev":76}],"instr":67390979,"pc":{"pc":2147485268,"pc_next":2147485272}},{"csr_staged":[],"dec":{"has_imm":true,"imm":128,"is_compressed":false,"opt":21,"rd":0,"rs1":7,"rs2":28,"tgt":3,"use_pc":false},"gpr_staged":[],"instr":163811427,"pc":{"pc":2147485272,"pc_next":2147485276}},{"csr_staged":[],"dec":{"has_imm":true,"imm":125,"is_compressed":false,"opt":53,"rd":3,"rs1":0,"rs2":0,"tgt":2,"use_pc":false},"gpr_staged":[{"index":3,"next":125,"prev":124}],"instr":131072403,"pc":{"pc":2147485276,"pc_next":2147485280}},{"csr_staged":[],"dec":{"has_imm":true,"imm":1397903360,"is_compressed":false,"opt":53,"rd":6,"rs1":0,"rs2":0,"tgt":2,"use_pc":false},"gpr_staged":[{"index":6,"next":1397903360,"prev":20302}],"instr":1397904183,"pc":{"pc":2147485280,"pc_next":2147485284}},{"csr_staged":[],"dec":{"has_imm":true,"imm":336,"is_compressed":false,"opt":53,"rd":6,"rs1":6,"rs2":0,"tgt":2,"use_pc":false},"gpr_staged":[{"index":6,"next":1397903696,"prev":1397903360}],"instr":352518931,"pc":{"pc":2147485284,"pc_next":2147485288}},{"csr_staged":[],"dec":{"has_imm":true,"imm":80,"is_compressed":false,"opt":53,"rd":7,"rs1":0,"rs2":0,"tgt":2,"use_pc":false},"gpr_staged":[{"index":7,"next":80,"prev":79}],"instr":83886995,"pc":{"pc":2147485288,"pc_next":2147485292}},{"csr_staged":[],"dec":{"has_imm":true,"imm":61,"is_compressed":false,"opt":32,"rd":0,"rs1":8,"rs2":6,"tgt":1,"use_pc":false},"gpr_staged":[],"instr":40119971,"pc":{"pc":2147485292,"pc_next":2147485296}},{"csr_staged":[],"dec":{"has_imm":true,"imm":61,"is_compressed":false,"opt":40,"rd":28,"rs1":8,"rs2":0,"tgt":0,"use_pc":false},"gpr_staged":[{"index":28,"next":80,"prev":79}],"instr":64228867,"pc":{"pc":2147485296,"pc_next":2147485300}},{"csr_staged":[],"dec":{"has_imm":true,"imm":100,"is_compressed":false,"opt":21,"rd":0,"rs1":7,"rs2":28,"tgt":3,"use_pc":false},"gpr_staged":[],"instr":130257507,"pc":{"pc":2147485300,"pc_next":2147485304}},{"csr_staged":[],"dec":{"has_imm":true,"imm":126,"is_compressed":false,"opt":53,"rd":3,"rs1":0,"rs2":0,"tgt":2,"use_pc":false},"gpr_staged":[{"index":3,"next":126,"prev":125}],"instr":132120979,"pc":{"pc":2147485304,"pc_next":2147485308}},{"csr_staged":[],"dec":{"has_imm":true,"imm":1465274368,"is_compressed":false,"opt":53,"rd":6,"rs1":0,"rs2":0,"tgt":2,"use_pc":false},"gpr_staged":[{"index":6,"next":1465274368,"prev":1397903696}],"instr":1465275191,"pc":{"pc":2147485308,"pc_next":2147485312}},{"csr_staged":[],"dec":{"has_imm":true,"imm":1364,"is_compressed":false,"opt":53,"rd":6,"rs1":6,"rs2":0,"tgt":2,"use_pc":false},"gpr_staged":[{"index":6,"next":1465275732,"prev":1465274368}],"instr":1430455059,"pc":{"pc":2147485312,"pc_next":2147485316}},{"csr_staged":[],"dec":{"has_imm":true,"imm":86,"is_compressed":false,"opt":53,"rd":7,"rs1":0,"rs2":0,"tgt":2,"use_pc":false},"gpr_staged":[{"index":7,"next":86,"prev":80}],"instr":90178451,"pc":{"pc":2147485316,"pc_next":2147485320}},{"csr_staged":[],"dec":{"has_imm":true,"imm":62,"is_compressed":false,"opt":32,"rd":0,"rs1":8,"rs2":6,"tgt":1,"use_pc":false},"gpr_staged":[],"instr":40120099,"pc":{"pc":2147485320,"pc_next":2147485324}},{"csr_staged":[],"dec":{"has_imm":true,"imm":64,"is_compressed":false,"opt":44,"rd":28,"rs1":8,"rs2":0,"tgt":0,"use_pc":false},"gpr_staged":[{"index":28,"next":86,"prev":80}],"instr":67390979,"pc":{"pc":2147485324,"pc_next":2147485328}},{"csr_staged":[],"dec":{"has_imm":true,"imm":72,"is_compressed":false,"opt":21,"rd":0,"rs1":7,"rs2":28,"tgt":3,"use_pc":false},"gpr_staged":[],"instr":96703587,"pc":{"pc":2147485328,"pc_next":2147485332}},{"csr_staged":[],"dec":{"has_imm":true,"imm":127,"is_compressed":false,"opt":53,"rd":3,"rs1":0,"rs2":0,"tgt":2,"use_pc":false},"gpr_staged":[{"index":3,"next":127,"prev":126}],"instr":133169555,"pc":{"pc":2147485332,"pc_next":2147485336}},{"csr_staged":[],"dec":{"has_imm":true,"imm":1532649472,"is_compressed":false,"opt":53,"rd":6,"rs1":0,"rs2":0,"tgt":2,"use_pc":false},"gpr_staged":[{"index":6,"next":1532649472,"prev":1465275732}],"instr":1532650295,"pc":{"pc":2147485336,"pc_next":2147485340}},{"csr_staged":[],"dec":{"has_imm":true,"imm":4294965592,"is_compressed":false,"opt":53,"rd":6,"rs1":6,"rs2":0,"tgt":2,"use_pc":false},"gpr_staged":[{"index":6,"next":1532647768,"prev":1532649472}],"instr":2508391187,"pc":{"pc":2147485340,"pc_next":2147485344}},{"csr_staged":[],"dec":{"has_imm":true,"imm":24576,"is_compressed":false,"opt":53,"rd":7,"rs1":0,"rs2":0,"tgt":2,"use_pc":false},"gpr_staged":[{"index":7,"next":24576,"prev":86}],"instr":25527,"pc":{"pc":2147485344,"pc_next":2147485348}},{"csr_staged":[],"dec":{"has_imm":true,"imm":4294966106,"is_compressed":false,"opt":53,"rd":7,"rs1":7,"rs2":0,"tgt":2,"use_pc":false},"gpr_staged":[{"index":7,"next":23386,"prev":24576}],"instr":3047392147,"pc":{"pc":2147485348,"pc_next":2147485352}},{"csr_staged":[],"dec":{"has_imm":true,"imm":61,"is_compressed":false,"opt":32,"rd":0,"rs1":8,"rs2":6,"tgt":1,"use_pc":false},"gpr_staged":[],"instr":40119971,"pc":{"pc":2147485352,"pc_next":2147485356}},{"csr_staged":[],"dec":{"has_imm":true,"imm":63,"is_compressed":false,"opt":41,"rd":28,"rs1":8,"rs2":0,"tgt":0,"use_pc":false},"gpr_staged":[{"index":28,"next":23386,"prev":86}],"instr":66330115,"pc":{"pc":2147485356,"pc_next":2147485360}},{"csr_staged":[],"dec":{"has_imm":true,"imm":40,"is_compressed":false,"opt":21,"rd":0,"rs1":7,"rs2":28,"tgt":3,"use_pc":false},"gpr_staged":[],"instr":63149155,"pc":{"pc":2147485360,"pc_next":2147485364}},{"csr_staged":[],"dec":{"has_imm":true,"imm":128,"is_compressed":false,"opt":53,"rd":3,"rs1":0,"rs2":0,"tgt":2,"use_pc":false},"gpr_staged":[{"index":3,"next":128,"prev":127}],"instr":134218131,"pc":{"pc":2147485364,"pc_next":2147485368}},{"csr_staged":[],"dec":{"has_imm":true,"imm":1600020480,"is_compressed":false,"opt":53,"rd":6,"rs1":0,"rs2":0,"tgt":2,"use_pc":false},"gpr_staged":[{"index":6,"next":1600020480,"prev":1532647768}],"instr":1600021303,"pc":{"pc":2147485368,"pc_next":2147485372}},{"csr_staged":[],"dec":{"has_imm":true,"imm":4294966620,"is_compressed":false,"opt":53,"rd":6,"rs1":6,"rs2":0,"tgt":2,"use_pc":false},"gpr_staged":[{"index":6,"next":1600019804,"prev":1600020480}],"instr":3586327315,"pc":{"pc":2147485372,"pc_next":2147485376}},{"csr_staged":[],"dec":{"has_imm":true,"imm":24576,"is_compressed":false,"opt":53,"rd":7,"rs1":0,"rs2":0,"tgt":2,"use_pc":false},"gpr_staged":[{"index":7,"next":24576,"prev":23386}],"instr":25527,"pc":{"pc":2147485376,"pc_next":2147485380}},{"csr_staged":[],"dec":{"has_imm":true,"imm":4294966620,"is_compressed":false,"opt":53,"rd":7,"rs1":7,"rs2":0,"tgt":2,"use_pc":false},"gpr_staged":[{"index":7,"next":23900,"prev":24576}],"instr":3586360211,"pc":{"pc":2147485380,"pc_next":2147485384}},{"csr_staged":[],"dec":{"has_imm":true,"imm":63,"is_compressed":false,"opt":32,"rd":0,"rs1":8,"rs2":6,"tgt":1,"use_pc":false},"gpr_staged":[],"instr":40120227,"pc":{"pc":2147485384,"pc_next":2147485388}},{"csr_staged":[],"dec":{"has_imm":true,"imm":63,"is_compressed":false,"opt":45,"rd":28,"rs1":8,"rs2":0,"tgt":0,"use_pc":false},"gpr_staged":[{"index":28,"next":23900,"prev":23386}],"instr":66346499,"pc":{"pc":2147485388,"pc_next":2147485392}},{"csr_staged":[],"dec":{"has_imm":true,"imm":8,"is_compressed":false,"opt":21,"rd":0,"rs1":7,"rs2":28,"tgt":3,"use_pc":false},"gpr_staged":[],"instr":29594723,"pc":{"pc":2147485392,"pc_next":2147485396}},{"csr_staged":[],"dec":{"has_imm":true,"imm":32,"is_compressed":false,"opt":21,"rd":0,"rs1":0,"rs2":3,"tgt":3,"use_pc":false},"gpr_staged":[],"instr":36704355,"pc":{"pc":2147485396,"pc_next":2147485428}},{"csr_staged":[],"dec":{"has_imm":true,"imm":0,"is_compressed":false,"opt":53,"rd":0,"rs1":0,"rs2":0,"tgt":2,"use_pc":false},"gpr_staged":[{"index":0,"next":0,"prev":0}],"instr":267386895,"pc":{"pc":2147485428,"pc_next":2147485432}},{"csr_staged":[],"dec":{"has_imm":true,"imm":1,"is_compressed":false,"opt":53,"rd":3,"rs1":0,"rs2":0,"tgt":2,"use_pc":false},"gpr_staged":[{"index":3,"next":1,"prev":128}],"instr":1048979,"pc":{"pc":2147485432,"pc_next":2147485436}},{"csr_staged":[],"dec":{"has_imm":true,"imm":93,"is_compressed":false,"opt":53,"rd":17,"rs1":0,"rs2":0,"tgt":2,"use_pc":false},"gpr_staged":[{"index":17,"next":93,"prev":0}],"instr":97519763,"pc":{"pc":2147485436,"pc_next":2147485440}},{"csr_staged":[],"dec":{"has_imm":true,"imm":0,"is_compressed":false,"opt":53,"rd":10,"rs1":0,"rs2":0,"tgt":2,"use_pc":false},"gpr_staged":[{"index":10,"next":0,"prev":0}],"instr":1299,"pc":{"pc":2147485440,"pc_next":2147485444}},{"csr_staged":[{"index":66,"next":8,"prev":0},{"index":67,"next":0,"prev":0},{"index":65,"next":2147485444,"prev":0}],"dec":{"has_imm":false,"imm":0,"is_compressed":false,"opt":0,"rd":0,"rs1":0,"rs2":0,"tgt":8,"use_pc":false},"gpr_staged":[],"instr":115,"pc":{"pc":2147485444,"pc_next":0}}]