[{"csr_staged":[],"dec":{"has_imm":true,"imm":80,"is_compressed":false,"opt":69,"rd":0,"rs1":0,"rs2":0,"tgt":2,"use_pc":true},"gpr_staged":[{"index":0,"next":2147483652,"prev":0}],"instr":83886191,"pc":{"pc":2147483648,"pc_next":2147483728}},{"csr_staged":[],"dec":{"has_imm":true,"imm":0,"is_compressed":false,"opt":53,"rd":1,"rs1":0,"rs2":0,"tgt":2,"use_pc":false},"gpr_staged":[{"index":1,"next":0,"prev":0}],"instr":147,"pc":{"pc":2147483728,"pc_next":2147483732}},{"csr_staged":[],"dec":{"has_imm":true,"imm":0,"is_compressed":false,"opt":53,"rd":2,"rs1":0,"rs2":0,"tgt":2,"use_pc":false},"gpr_staged":[{"index":2,"next":0,"prev":0}],"instr":275,"pc":{"pc":2147483732,"pc_next":2147483736}},{"csr_staged":[],"dec":{"has_imm":true,"imm":0,"is_compressed":false,"opt":53,"rd":3,"rs1":0,"rs2":0,"tgt":2,"use_pc":false},"gpr_staged":[{"index":3,"next":0,"prev":0}],"instr":403,"pc":{"pc":2147483736,"pc_next":2147483740}},{"csr_staged":[],"dec":{"has_imm":true,"imm":0,"is_compressed":false,"opt":53,"rd":4,"rs1":0,"rs2":0,"tgt":2,"use_pc":false},"gpr_staged":[{"index":4,"next":0,"prev":0}],"instr":531,"pc":{"pc":2147483740,"pc_next":2147483744}},{"csr_staged":[],"dec":{"has_imm":true,"imm":0,"is_compressed":false,"opt":53,"rd":5,"rs1":0,"rs2":0,"tgt":2,"use_pc":false},"gpr_staged":[{"index":5,"next":0,"prev":0}],"instr":659,"pc":{"pc":2147483744,"pc_next":2147483748}},{"csr_staged":[],"dec":{"has_imm":true,"imm":0,"is_compressed":false,"opt":53,"rd":6,"rs1":0,"rs2":0,"tgt":2,"use_pc":false},"gpr_staged":[{"index":6,"next":0,"prev":0}],"instr":787,"pc":{"pc":2147483748,"pc_next":2147483752}},{"csr_staged":[],"dec":{"has_imm":true,"imm":0,"is_compressed":false,"opt":53,"rd":7,"rs1":0,"rs2":0,"tgt":2,"use_pc":false},"gpr_staged":[{"index":7,"next":0,"prev":0}],"instr":915,"pc":{"pc":2147483752,"pc_next":2147483756}},{"csr_staged":[],"dec":{"has_imm":true,"imm":0,"is_compressed":false,"opt":53,"rd":8,"rs1":0,"rs2":0,"tgt":2,"use_pc":false},"gpr_staged":[{"index":8,"next":0,"prev":0}],"instr":1043,"pc":{"pc":2147483756,"pc_next":2147483760}},{"csr_staged":[],"dec":{"has_imm":true,"imm":0,"is_compressed":false,"opt":53,"rd":9,"rs1":0,"rs2":0,"tgt":2,"use_pc":false},"gpr_staged":[{"index":9,"next":0,"prev":0}],"instr":1171,"pc":{"pc":2147483760,"pc_next":2147483764}},{"csr_staged":[],"dec":{"has_imm":true,"imm":0,"is_compressed":false,"opt":53,"rd":10,"rs1":0,"rs2":0,"tgt":2,"use_pc":false},"gpr_staged":[{"index":10,"next":0,"prev":0}],"instr":1299,"pc":{"pc":2147483764,"pc_next":2147483768}},{"csr_staged":[],"dec":{"has_imm":true,"imm":0,"is_compressed":false,"opt":53,"rd":11,"rs1":0,"rs2":0,"tgt":2,"use_pc":false},"gpr_staged":[{"index":11,"next":0,"prev":0}],"instr":1427,"pc":{"pc":2147483768,"pc_next":2147483772}},{"csr_staged":[],"dec":{"has_imm":true,"imm":0,"is_compressed":false,"opt":53,"rd":12,"rs1":0,"rs2":0,"tgt":2,"use_pc":false},"gpr_staged":[{"index":12,"next":0,"prev":0}],"instr":1555,"pc":{"pc":2147483772,"pc_next":2147483776}},{"csr_staged":[],"dec":{"has_imm":true,"imm":0,"is_compressed":false,"opt":53,"rd":13,"rs1":0,"rs2":0,"tgt":2,"use_pc":false},"gpr_staged":[{"index":13,"next":0,"prev":0}],"instr":1683,"pc":{"pc":2147483776,"pc_next":2147483780}},{"csr_staged":[],"dec":{"has_imm":true,"imm":0,"is_compressed":false,"opt":53,"rd":14,"rs1":0,"rs2":0,"tgt":2,"use_pc":false},"gpr_staged":[{"index":14,"next":0,"prev":0}],"instr":1811,"pc":{"pc":2147483780,"pc_next":2147483784}},{"csr_staged":[],"dec":{"has_imm":true,"imm":0,"is_compressed":false,"opt":53,"rd":15,"rs1":0,"rs2":0,"tgt":2,"use_pc":false},"gpr_staged":[{"index":15,"next":0,"prev":0}],"instr":1939,"pc":{"pc":2147483784,"pc_next":2147483788}},{"csr_staged":[],"dec":{"has_imm":true,"imm":0,"is_compressed":false,"opt":53,"rd":16,"rs1":0,"rs2":0,"tgt":2,"use_pc":false},"gpr_staged":[{"index":16,"next":0,"prev":0}],"instr":2067,"pc":{"pc":2147483788,"pc_next":2147483792}},{"csr_staged":[],"dec":{"has_imm":true,"imm":0,"is_compressed":false,"opt":53,"rd":17,"rs1":0,"rs2":0,"tgt":2,"use_pc":false},"gpr_staged":[{"index":17,"next":0,"prev":0}],"instr":2195,"pc":{"pc":2147483792,"pc_next":2147483796}},{"csr_staged":[],"dec":{"has_imm":true,"imm":0,"is_compressed":false,"opt":53,"rd":18,"rs1":0,"rs2":0,"tgt":2,"use_pc":false},"gpr_staged":[{"index":18,"next":0,"prev":0}],"instr":2323,"pc":{"pc":2147483796,"pc_next":2147483800}},{"csr_staged":[],"dec":{"has_imm":true,"imm":0,"is_compressed":false,"opt":53,"rd":19,"rs1":0,"rs2":0,"tgt":2,"use_pc":false},"gpr_staged":[{"index":19,"next":0,"prev":0}],"instr":2451,"pc":{"pc":2147483800,"pc_next":2147483804}},{"csr_staged":[],"dec":{"has_imm":true,"imm":0,"is_compressed":false,"opt":53,"rd":20,"rs1":0,"rs2":0,"tgt":2,"use_pc":false},"gpr_staged":[{"index":20,"next":0,"prev":0}],"instr":2579,"pc":{"pc":2147483804,"pc_next":2147483808}},{"csr_staged":[],"dec":{"has_imm":true,"imm":0,"is_compressed":false,"opt":53,"rd":21,"rs1":0,"rs2":0,"tgt":2,"use_pc":false},"gpr_staged":[{"index":21,"next":0,"prev":0}],"instr":2707,"pc":{"pc":2147483808,"pc_next":2147483812}},{"csr_staged":[],"dec":{"has_imm":true,"imm":0,"is_compressed":false,"opt":53,"rd":22,"rs1":0,"rs2":0,"tgt":2,"use_pc":false},"gpr_staged":[{"index":22,"next":0,"prev":0}],"instr":2835,"pc":{"pc":2147483812,"pc_next":2147483816}},{"csr_staged":[],"dec":{"has_imm":true,"imm":0,"is_compressed":false,"opt":53,"rd":23,"rs1":0,"rs2":0,"tgt":2,"use_pc":false},"gpr_staged":[{"index":23,"next":0,"prev":0}],"instr":2963,"pc":{"pc":2147483816,"pc_next":2147483820}},{"csr_staged":[],"dec":{"has_imm":true,"imm":0,"is_compressed":false,"opt":53,"rd":24,"rs1":0,"rs2":0,"tgt":2,"use_pc":false},"gpr_staged":[{"index":24,"next":0,"prev":0}],"instr":3091,"pc":{"pc":2147483820,"pc_next":2147483824}},{"csr_staged":[],"dec":{"has_imm":true,"imm":0,"is_compressed":false,"opt":53,"rd":25,"rs1":0,"rs2":0,"tgt":2,"use_pc":false},"gpr_staged":[{"index":25,"next":0,"prev":0}],"instr":3219,"pc":{"pc":2147483824,"pc_next":2147483828}},{"csr_staged":[],"dec":{"has_imm":true,"imm":0,"is_compressed":false,"opt":53,"rd":26,"rs1":0,"rs2":0,"tgt":2,"use_pc":false},"gpr_staged":[{"index":26,"next":0,"prev":0}],"instr":3347,"pc":{"pc":2147483828,"pc_next":2147483832}},{"csr_staged":[],"dec":{"has_imm":true,"imm":0,"is_compressed":false,"opt":53,"rd":27,"rs1":0,"rs2":0,"tgt":2,"use_pc":false},"gpr_staged":[{"index":27,"next":0,"prev":0}],"instr":3475,"pc":{"pc":2147483832,"pc_next":2147483836}},{"csr_staged":[],"dec":{"has_imm":true,"imm":0,"is_compressed":false,"opt":53,"rd":28,"rs1":0,"rs2":0,"tgt":2,"use_pc":false},"gpr_staged":[{"index":28,"next":0,"prev":0}],"instr":3603,"pc":{"pc":2147483836,"pc_next":2147483840}},{"csr_staged":[],"dec":{"has_imm":true,"imm":0,"is_compressed":false,"opt":53,"rd":29,"rs1":0,"rs2":0,"tgt":2,"use_pc":false},"gpr_staged":[{"index":29,"next":0,"prev":0}],"instr":3731,"pc":{"pc":2147483840,"pc_next":2147483844}},{"csr_staged":[],"dec":{"has_imm":true,"imm":0,"is_compressed":false,"opt":53,"rd":30,"rs1":0,"rs2":0,"tgt":2,"use_pc":false},"gpr_staged":[{"index":30,"next":0,"prev":0}],"instr":3859,"pc":{"pc":2147483844,"pc_next":2147483848}},{"csr_staged":[],"dec":{"has_imm":true,"imm":0,"is_compressed":false,"opt":53,"rd":31,"rs1":0,"rs2":0,"tgt":2,"use_pc":false},"gpr_staged":[{"index":31,"next":0,"prev":0}],"instr":3987,"pc":{"pc":2147483848,"pc_next":2147483852}},{"csr_staged":[],"dec":{"has_imm":true,"imm":3860,"is_compressed":false,"opt":3,"rd":10,"rs1":0,"rs2":0,"tgt":4,"use_pc":false},"gpr_staged":[{"index":10,"next":0,"prev":0}],"instr":4047512947,"pc":{"pc":2147483852,"pc_next":2147483856}},{"csr_staged":[],"dec":{"has_imm":true,"imm":0,"is_compressed":false,"opt":21,"rd":0,"rs1":10,"rs2":0,"tgt":3,"use_pc":false},"gpr_staged":[],"instr":331875,"pc":{"pc":2147483856,"pc_next":2147483860}},{"csr_staged":[],"dec":{"has_imm":true,"imm":0,"is_compressed":false,"opt":68,"rd":5,"rs1":0,"rs2":0,"tgt":2,"use_pc":true},"gpr_staged":[{"index":5,"next":2147483860,"prev":0}],"instr":663,"pc":{"pc":2147483860,"pc_next":2147483864}},{"csr_staged":[],"dec":{"has_imm":true,"imm":16,"is_compressed":false,"opt":53,"rd":5,"rs1":5,"rs2":0,"tgt":2,"use_pc":false},"gpr_staged":[{"index":5,"next":2147483876,"prev":2147483860}],"instr":16941715,"pc":{"pc":2147483864,"pc_next":2147483868}},{"csr_staged":[{"index":773,"next":2147483876,"prev":0}],"dec":{"has_imm":true,"imm":773,"is_compressed":false,"opt":2,"rd":0,"rs1":5,"rs2":0,"tgt":4,"use_pc":false},"gpr_staged":[{"index":0,"next":0,"prev":0}],"instr":810717299,"pc":{"pc":2147483868,"pc_next":2147483872}},{"csr_staged":[{"index":1860,"next":8,"prev":0}],"dec":{"has_imm":true,"imm":1860,"is_compressed":false,"opt":6,"rd":0,"rs1":8,"rs2":0,"tgt":4,"use_pc":false},"gpr_staged":[{"index":0,"next":0,"prev":0}],"instr":1950634099,"pc":{"pc":2147483872,"pc_next":2147483876}},{"csr_staged":[],"dec":{"has_imm":true,"imm":0,"is_compressed":false,"opt":68,"rd":5,"rs1":0,"rs2":0,"tgt":2,"use_pc":true},"gpr_staged":[{"index":5,"next":2147483876,"prev":2147483876}],"instr":663,"pc":{"pc":2147483876,"pc_next":2147483880}},{"csr_staged":[],"dec":{"has_imm":true,"imm":16,"is_compressed":false,"opt":53,"rd":5,"rs1":5,"rs2":0,"tgt":2,"use_pc":false},"gpr_staged":[{"index":5,"next":2147483892,"prev":2147483876}],"instr":16941715,"pc":{"pc":2147483880,"pc_next":2147483884}},{"csr_staged":[{"index":773,"next":2147483892,"prev":2147483876}],"dec":{"has_imm":true,"imm":773,"is_compressed":false,"opt":2,"rd":0,"rs1":5,"rs2":0,"tgt":4,"use_pc":false},"gpr_staged":[{"index":0,"next":2147483876,"prev":0}],"instr":810717299,"pc":{"pc":2147483884,"pc_next":2147483888}},{"csr_staged":[{"index":384,"next":0,"prev":0}],"dec":{"has_imm":true,"imm":384,"is_compressed":false,"opt":6,"rd":0,"rs1":0,"rs2":0,"tgt":4,"use_pc":false},"gpr_staged":[{"index":0,"next":0,"prev":0}],"instr":402673779,"pc":{"pc":2147483888,"pc_next":2147483892}},{"csr_staged":[],"dec":{"has_imm":true,"imm":0,"is_compressed":false,"opt":68,"rd":5,"rs1":0,"rs2":0,"tgt":2,"use_pc":true},"gpr_staged":[{"index":5,"next":2147483892,"prev":2147483892}],"instr":663,"pc":{"pc":2147483892,"pc_next":2147483896}},{"csr_staged":[],"dec":{"has_imm":true,"imm":32,"is_compressed":false,"opt":53,"rd":5,"rs1":5,"rs2":0,"tgt":2,"use_pc":false},"gpr_staged":[{"index":5,"next":2147483924,"prev":2147483892}],"instr":33718931,"pc":{"pc":2147483896,"pc_next":2147483900}},{"csr_staged":[{"index":773,"next":2147483924,"prev":2147483892}],"dec":{"has_imm":true,"imm":773,"is_compressed":false,"opt":2,"rd":0,"rs1":5,"rs2":0,"tgt":4,"use_pc":false},"gpr_staged":[{"index":0,"next":2147483892,"prev":0}],"instr":810717299,"pc":{"pc":2147483900,"pc_next":2147483904}},{"csr_staged":[],"dec":{"has_imm":true,"imm":2147483648,"is_compressed":false,"opt":53,"rd":5,"rs1":0,"rs2":0,"tgt":2,"use_pc":false},"gpr_staged":[{"index":5,"next":2147483648,"prev":2147483924}],"instr":2147484343,"pc":{"pc":2147483904,"pc_next":2147483908}},{"csr_staged":[],"dec":{"has_imm":true,"imm":4294967295,"is_compressed":false,"opt":53,"rd":5,"rs1":5,"rs2":0,"tgt":2,"use_pc":false},"gpr_staged":[{"index":5,"next":2147483647,"prev":2147483648}],"instr":4294083219,"pc":{"pc":2147483908,"pc_next":2147483912}},{"csr_staged":[{"index":944,"next":2147483647,"prev":0}],"dec":{"has_imm":true,"imm":944,"is_compressed":false,"opt":2,"rd":0,"rs1":5,"rs2":0,"tgt":4,"use_pc":false},"gpr_staged":[{"index":0,"next":0,"prev":0}],"instr":990023795,"pc":{"pc":2147483912,"pc_next":2147483916}},{"csr_staged":[],"dec":{"has_imm":true,"imm":31,"is_compressed":false,"opt":53,"rd":5,"rs1":0,"rs2":0,"tgt":2,"use_pc":false},"gpr_staged":[{"index":5,"next":31,"prev":2147483647}],"instr":32506515,"pc":{"pc":2147483916,"pc_next":2147483920}},{"csr_staged":[{"index":928,"next":31,"prev":0}],"dec":{"has_imm":true,"imm":928,"is_compressed":false,"opt":2,"rd":0,"rs1":5,"rs2":0,"tgt":4,"use_pc":false},"gpr_staged":[{"index":0,"next":0,"prev":0}],"instr":973246579,"pc":{"pc":2147483920,"pc_next":2147483924}},{"csr_staged":[{"index":772,"next":0,"prev":0}],"dec":{"has_imm":true,"imm":772,"is_compressed":false,"opt":6,"rd":0,"rs1":0,"rs2":0,"tgt":4,"use_pc":false},"gpr_staged":[{"index":0,"next":0,"prev":0}],"instr":809521267,"pc":{"pc":2147483924,"pc_next":2147483928}},{"csr_staged":[],"dec":{"has_imm":true,"imm":0,"is_compressed":false,"opt":68,"rd":5,"rs1":0,"rs2":0,"tgt":2,"use_pc":true},"gpr_staged":[{"index":5,"next":2147483928,"prev":31}],"instr":663,"pc":{"pc":2147483928,"pc_next":2147483932}},{"csr_staged":[],"dec":{"has_imm":true,"imm":20,"is_compressed":false,"opt":53,"rd":5,"rs1":5,"rs2":0,"tgt":2,"use_pc":false},"gpr_staged":[{"index":5,"next":2147483948,"prev":2147483928}],"instr":21136019,"pc":{"pc":2147483932,"pc_next":2147483936}},{"csr_staged":[{"index":773,"next":2147483948,"prev":2147483924}],"dec":{"has_imm":true,"imm":773,"is_compressed":false,"opt":2,"rd":0,"rs1":5,"rs2":0,"tgt":4,"use_pc":false},"gpr_staged":[{"index":0,"next":2147483924,"prev":0}],"instr":810717299,"pc":{"pc":2147483936,"pc_next":2147483940}},{"csr_staged":[{"index":770,"next":0,"prev":0}],"dec":{"has_imm":true,"imm":770,"is_compressed":false,"opt":6,"rd":0,"rs1":0,"rs2":0,"tgt":4,"use_pc":false},"gpr_staged":[{"index":0,"next":0,"prev":0}],"instr":807424115,"pc":{"pc":2147483940,"pc_next":2147483944}},{"csr_staged":[{"index":771,"next":0,"prev":0}],"dec":{"has_imm":true,"imm":771,"is_compressed":false,"opt":6,"rd":0,"rs1":0,"rs2":0,"tgt":4,"use_pc":false},"gpr_staged":[{"index":0,"next":0,"prev":0}],"instr":808472691,"pc":{"pc":2147483944,"pc_next":2147483948}},{"csr_staged":[],"dec":{"has_imm":true,"imm":0,"is_compressed":false,"opt":53,"rd":3,"rs1":0,"rs2":0,"tgt":2,"use_pc":false},"gpr_staged":[{"index":3,"next":0,"prev":0}],"instr":403,"pc":{"pc":2147483948,"pc_next":2147483952}},{"csr_staged":[],"dec":{"has_imm":true,"imm":0,"is_compressed":false,"opt":68,"rd":5,"rs1":0,"rs2":0,"tgt":2,"use_pc":true},"gpr_staged":[{"index":5,"next":2147483952,"prev":2147483948}],"instr":663,"pc":{"pc":2147483952,"pc_next":2147483956}},{"csr_staged":[],"dec":{"has_imm":true,"imm":4294966996,"is_compressed":false,"opt":53,"rd":5,"rs1":5,"rs2":0,"tgt":2,"use_pc":false},"gpr_staged":[{"index":5,"next":2147483652,"prev":2147483952}],"instr":3980558995,"pc":{"pc":2147483956,"pc_next":2147483960}},{"csr_staged":[{"index":773,"next":2147483652,"prev":2147483948}],"dec":{"has_imm":true,"imm":773,"is_compressed":false,"opt":2,"rd":0,"rs1":5,"rs2":0,"tgt":4,"use_pc":false},"gpr_staged":[{"index":0,"next":2147483948,"prev":0}],"instr":810717299,"pc":{"pc":2147483960,"pc_next":2147483964}},{"csr_staged":[],"dec":{"has_imm":true,"imm":1,"is_compressed":false,"opt":53,"rd":10,"rs1":0,"rs2":0,"tgt":2,"use_pc":false},"gpr_staged":[{"index":10,"next":1,"prev":0}],"instr":1049875,"pc":{"pc":2147483964,"pc_next":2147483968}},{"csr_staged":[],"dec":{"has_imm":true,"imm":31,"is_compressed":false,"opt":55,"rd":10,"rs1":10,"rs2":0,"tgt":2,"use_pc":false},"gpr_staged":[{"index":10,"next":2147483648,"prev":1}],"instr":32838931,"pc":{"pc":2147483968,"pc_next":2147483972}},{"csr_staged":[],"dec":{"has_imm":true,"imm":24,"is_compressed":false,"opt":24,"rd":0,"rs1":10,"rs2":0,"tgt":3,"use_pc":false},"gpr_staged":[],"instr":347235,"pc":{"pc":2147483972,"pc_next":2147483996}},{"csr_staged":[],"dec":{"has_imm":true,"imm":0,"is_compressed":false,"opt":53,"rd":5,"rs1":0,"rs2":0,"tgt":2,"use_pc":false},"gpr_staged":[{"index":5,"next":0,"prev":2147483652}],"instr":659,"pc":{"pc":2147483996,"pc_next":2147484000}},{"csr_staged":[],"dec":{"has_imm":true,"imm":20,"is_compressed":false,"opt":20,"rd":0,"rs1":5,"rs2":0,"tgt":3,"use_pc":false},"gpr_staged":[],"instr":166499,"pc":{"pc":2147484000,"pc_next":2147484020}},{"csr_staged":[{"index":768,"next":0,"prev":0}],"dec":{"has_imm":true,"imm":768,"is_compressed":false,"opt":6,"rd":0,"rs1":0,"rs2":0,"tgt":4,"use_pc":false},"gpr_staged":[{"index":0,"next":0,"prev":0}],"instr":805326963,"pc":{"pc":2147484020,"pc_next":2147484024}},{"csr_staged":[],"dec":{"has_imm":true,"imm":0,"is_compressed":false,"opt":68,"rd":5,"rs1":0,"rs2":0,"tgt":2,"use_pc":true},"gpr_staged":[{"index":5,"next":2147484024,"prev":0}],"instr":663,"pc":{"pc":2147484024,"pc_next":2147484028}},{"csr_staged":[],"dec":{"has_imm":true,"imm":20,"is_compressed":false,"opt":53,"rd":5,"rs1":5,"rs2":0,"tgt":2,"use_pc":false},"gpr_staged":[{"index":5,"next":2147484044,"prev":2147484024}],"instr":21136019,"pc":{"pc":2147484028,"pc_next":2147484032}},{"csr_staged":[{"index":833,"next":2147484044,"prev":0}],"dec":{"has_imm":true,"imm":833,"is_compressed":false,"opt":2,"rd":0,"rs1":5,"rs2":0,"tgt":4,"use_pc":false},"gpr_staged":[{"index":0,"next":0,"prev":0}],"instr":873631859,"pc":{"pc":2147484032,"pc_next":2147484036}},{"csr_staged":[],"dec":{"has_imm":true,"imm":3860,"is_compressed":false,"opt":3,"rd":10,"rs1":0,"rs2":0,"tgt":4,"use_pc":false},"gpr_staged":[{"index":10,"next":0,"prev":2147483648}],"instr":4047512947,"pc":{"pc":2147484036,"pc_next":2147484040}},{"csr_staged":[{"index":768,"next":6272,"prev":0}],"dec":{"has_imm":false,"imm":0,"is_compressed":false,"opt":0,"rd":0,"rs1":0,"rs2":0,"tgt":5,"use_pc":false},"gpr_staged":[],"instr":807403635,"pc":{"pc":2147484040,"pc_next":2147484044}},{"csr_staged":[],"dec":{"has_imm":true,"imm":111,"is_compressed":false,"opt":53,"rd":13,"rs1":0,"rs2":0,"tgt":2,"use_pc":false},"gpr_staged":[{"index":13,"next":111,"prev":0}],"instr":116393619,"pc":{"pc":2147484044,"pc_next":2147484048}},{"csr_staged":[],"dec":{"has_imm":true,"imm":8192,"is_compressed":false,"opt":68,"rd":10,"rs1":0,"rs2":0,"tgt":2,"use_pc":true},"gpr_staged":[{"index":10,"next":2147492240,"prev":0}],"instr":9495,"pc":{"pc":2147484048,"pc_next":2147484052}},{"csr_staged":[],"dec":{"has_imm":true,"imm":4294966896,"is_compressed":false,"opt":41,"rd":10,"rs1":10,"rs2":0,"tgt":0,"use_pc":false},"gpr_staged":[{"index":10,"next":4294936211,"prev":2147492240}],"instr":3875869955,"pc":{"pc":2147484052,"pc_next":2147484056}},{"csr_staged":[],"dec":{"has_imm":true,"imm":8192,"is_compressed":false,"opt":68,"rd":11,"rs1":0,"rs2":0,"tgt":2,"use_pc":true},"gpr_staged":[{"index":11,"next":2147492248,"prev":0}],"instr":9623,"pc":{"pc":2147484056,"pc_next":2147484060}},{"csr_staged":[],"dec":{"has_imm":true,"imm":4294966890,"is_compressed":false,"opt":41,"rd":11,"rs1":11,"rs2":0,"tgt":0,"use_pc":false},"gpr_staged":[{"index":11,"next":5334,"prev":2147492248}],"instr":3869611395,"pc":{"pc":2147484060,"pc_next":2147484064}},{"csr_staged":[],"dec":{"has_imm":true,"imm":0,"is_compressed":false,"opt":53,"rd":0,"rs1":0,"rs2":0,"tgt":2,"use_pc":false},"gpr_staged":[{"index":0,"next":0,"prev":0}],"instr":19,"pc":{"pc":2147484064,"pc_next":2147484068}},{"csr_staged":[],"dec":{"has_imm":true,"imm":0,"is_compressed":false,"opt":53,"rd":0,"rs1":0,"rs2":0,"tgt":2,"use_pc":false},"gpr_staged":[{"index":0,"next":0,"prev":0}],"instr":19,"pc":{"pc":2147484068,"pc_next":2147484072}},{"csr_staged":[],"dec":{"has_imm":true,"imm":0,"is_compressed":false,"opt":53,"rd":0,"rs1":0,"rs2":0,"tgt":2,"use_pc":false},"gpr_staged":[{"index":0,"next":0,"prev":0}],"instr":19,"pc":{"pc":2147484072,"pc_next":2147484076}},{"csr_staged":[],"dec":{"has_imm":true,"imm":0,"is_compressed":false,"opt":53,"rd":0,"rs1":0,"rs2":0,"tgt":2,"use_pc":false},"gpr_staged":[{"index":0,"next":0,"prev":0}],"instr":19,"pc":{"pc":2147484076,"pc_next":2147484080}},{"csr_staged":[],"dec":{"has_imm":true,"imm":0,"is_compressed":false,"opt":53,"rd":0,"rs1":0,"rs2":0,"tgt":2,"use_pc":false},"gpr_staged":[{"index":0,"next":0,"prev":0}],"instr":19,"pc":{"pc":2147484080,"pc_next":2147484084}},{"csr_staged":[],"dec":{"has_imm":true,"imm":0,"is_compressed":false,"opt":53,"rd":0,"rs1":0,"rs2":0,"tgt":2,"use_pc":false},"gpr_staged":[{"index":0,"next":0,"prev":0}],"instr":19,"pc":{"pc":2147484084,"pc_next":2147484088}},{"csr_staged":[],"dec":{"has_imm":true,"imm":0,"is_compressed":false,"opt":53,"rd":0,"rs1":0,"rs2":0,"tgt":2,"use_pc":false},"gpr_staged":[{"index":0,"next":0,"prev":0}],"instr":19,"pc":{"pc":2147484088,"pc_next":2147484092}},{"csr_staged":[],"dec":{"has_imm":true,"imm":0,"is_compressed":false,"opt":53,"rd":0,"rs1":0,"rs2":0,"tgt":2,"use_pc":false},"gpr_staged":[{"index":0,"next":0,"prev":0}],"instr":19,"pc":{"pc":2147484092,"pc_next":2147484096}},{"csr_staged":[],"dec":{"has_imm":true,"imm":8192,"is_compressed":false,"opt":68,"rd":5,"rs1":0,"rs2":0,"tgt":2,"use_pc":true},"gpr_staged":[{"index":5,"next":2147492288,"prev":2147484044}],"instr":8855,"pc":{"pc":2147484096,"pc_next":2147484100}},{"csr_staged":[],"dec":{"has_imm":true,"imm":4294966852,"is_compressed":false,"opt":31,"rd":0,"rs1":5,"rs2":10,"tgt":1,"use_pc":false},"gpr_staged":[],"instr":3835859491,"pc":{"pc":2147484100,"pc_next":2147484104}},{"csr_staged":[],"dec":{"has_imm":true,"imm":8192,"is_compressed":false,"opt":68,"rd":5,"rs1":0,"rs2":0,"tgt":2,"use_pc":true},"gpr_staged":[{"index":5,"next":2147492296,"prev":2147492288}],"instr":8855,"pc":{"pc":2147484104,"pc_next":2147484108}},{"csr_staged":[],"dec":{"has_imm":true,"imm":4294966846,"is_compressed":false,"opt":31,"rd":0,"rs1":5,"rs2":11,"tgt":1,"use_pc":false},"gpr_staged":[],"instr":3803356963,"pc":{"pc":2147484108,"pc_next":2147484112}},{"csr_staged":[],"dec":{"has_imm":true,"imm":0,"is_compressed":false,"opt":53,"rd":0,"rs1":0,"rs2":0,"tgt":2,"use_pc":false},"gpr_staged":[{"index":0,"next":0,"prev":0}],"instr":4111,"pc":{"pc":2147484112,"pc_next":2147484116}},{"csr_staged":[],"dec":{"has_imm":true,"imm":8192,"is_compressed":false,"opt":68,"rd":15,"rs1":0,"rs2":0,"tgt":2,"use_pc":true},"gpr_staged":[{"index":15,"next":2147492308,"prev":0}],"instr":10135,"pc":{"pc":2147484116,"pc_next":2147484120}},{"csr_staged":[],"dec":{"has_imm":true,"imm":4294966832,"is_compressed":false,"opt":53,"rd":15,"rs1":15,"rs2":0,"tgt":2,"use_pc":false},"gpr_staged":[{"index":15,"next":2147491844,"prev":2147492308}],"instr":3808921491,"pc":{"pc":2147484120,"pc_next":2147484124}},{"csr_staged":[],"dec":{"has_imm":true,"imm":0,"is_compressed":false,"opt":70,"rd":6,"rs1":15,"rs2":0,"tgt":2,"use_pc":false},"gpr_staged":[{"index":6,"next":2147484128,"prev":0}],"instr":492391,"pc":{"pc":2147484124,"pc_next":2147491844}},{"csr_staged":[],"dec":{"has_imm":true,"imm":333,"is_compressed":false,"opt":53,"rd":13,"rs1":13,"rs2":0,"tgt":2,"use_pc":false},"gpr_staged":[{"index":13,"next":444,"prev":111}],"instr":349603475,"pc":{"pc":2147491844,"pc_next":2147491848}},{"csr_staged":[],"dec":{"has_imm":true,"imm":0,"is_compressed":false,"opt":70,"rd":15,"rs1":6,"rs2":0,"tgt":2,"use_pc":false},"gpr_staged":[{"index":15,"next":2147491852,"prev":2147491844}],"instr":198631,"pc":{"pc":2147491848,"pc_next":2147484128}},{"csr_staged":[],"dec":{"has_imm":true,"imm":2,"is_compressed":false,"opt":53,"rd":3,"rs1":0,"rs2":0,"tgt":2,"use_pc":false},"gpr_staged":[{"index":3,"next":2,"prev":0}],"instr":2097555,"pc":{"pc":2147484128,"pc_next":2147484132}},{"csr_staged":[],"dec":{"has_imm":true,"imm":0,"is_compressed":false,"opt":53,"rd":0,"rs1":0,"rs2":0,"tgt":2,"use_pc":false},"gpr_staged":[{"index":0,"next":0,"prev":0}],"instr":19,"pc":{"pc":2147484132,"pc_next":2147484136}},{"csr_staged":[],"dec":{"has_imm":true,"imm":444,"is_compressed":false,"opt":53,"rd":7,"rs1":0,"rs2":0,"tgt":2,"use_pc":false},"gpr_staged":[{"index":7,"next":444,"prev":0}],"instr":465568659,"pc":{"pc":2147484136,"pc_next":2147484140}},{"csr_staged":[],"dec":{"has_imm":true,"imm":116,"is_compressed":false,"opt":21,"rd":0,"rs1":13,"rs2":7,"tgt":3,"use_pc":false},"gpr_staged":[],"instr":108436067,"pc":{"pc":2147484140,"pc_next":2147484144}},{"csr_staged":[],"dec":{"has_imm":true,"imm":100,"is_compressed":false,"opt":53,"rd":14,"rs1":0,"rs2":0,"tgt":2,"use_pc":false},"gpr_staged":[{"index":14,"next":100,"prev":0}],"instr":104859411,"pc":{"pc":2147484144,"pc_next":2147484148}},{"csr_staged":[],"dec":{"has_imm":true,"imm":4294967295,"is_compressed":false,"opt":53,"rd":14,"rs1":14,"rs2":0,"tgt":2,"use_pc":false},"gpr_staged":[{"index":14,"next":99,"prev":100}],"instr":4294379283,"pc":{"pc":2147484148,"pc_next":2147484152}},{"csr_staged":[],"dec":{"has_imm":true,"imm":4294967292,"is_compressed":false,"opt":21,"rd":0,"rs1":14,"rs2":0,"tgt":3,"use_pc":false},"gpr_staged":[],"instr":4261879523,"pc":{"pc":2147484152,"pc_next":2147484148}},{"csr_staged":[],"dec":{"has_imm":true,"imm":4294967295,"is_compressed":false,"opt":53,"rd":14,"rs1":14,"rs2":0,"tgt":2,"use_pc":false},"gpr_staged":[{"index":14,"next":98,"prev":99}],"instr":4294379283,"pc":{"pc":2147484148,"pc_next":2147484152}},{"csr_staged":[],"dec":{"has_imm":true,"imm":4294967292,"is_compressed":false,"opt":21,"rd":0,"rs1":14,"rs2":0,"tgt":3,"use_pc":false},"gpr_staged":[],"instr":4261879523,"pc":{"pc":2147484152,"pc_next":2147484148}},{"csr_staged":[],"dec":{"has_imm":true,"imm":4294967295,"is_compressed":false,"opt":53,"rd":14,"rs1":14,"rs2":0,"tgt":2,"use_pc":false},"gpr_staged":[{"index":14,"next":97,"prev":98}],"instr":4294379283,"pc":{"pc":2147484148,"pc_next":2147484152}},{"csr_staged":[],"dec":{"has_imm":true,"imm":4294967292,"is_compressed":false,"opt":21,"rd":0,"rs1":14,"rs2":0,"tgt":3,"use_pc":false},"gpr_staged":[],"instr":4261879523,"pc":{"pc":2147484152,"pc_next":2147484148}},{"csr_staged":[],"dec":{"has_imm":true,"imm":4294967295,"is_compressed":false,"opt":53,"rd":14,"rs1":14,"rs2":0,"tgt":2,"use_pc":false},"gpr_staged":[{"index":14,"next":96,"prev":97}],"instr":4294379283,"pc":{"pc":2147484148,"pc_next":2147484152}},{"csr_staged":[],"dec":{"has_imm":true,"imm":4294967292,"is_compressed":false,"opt":21,"rd":0,"rs1":14,"rs2":0,"tgt":3,"use_pc":false},"gpr_staged":[],"instr":4261879523,"pc":{"pc":2147484152,"pc_next":2147484148}},{"csr_staged":[],"dec":{"has_imm":true,"imm":4294967295,"is_compressed":false,"opt":53,"rd":14,"rs1":14,"rs2":0,"tgt":2,"use_pc":false},"gpr_staged":[{"index":14,"next":95,"prev":96}],"instr":4294379283,"pc":{"pc":2147484148,"pc_next":2147484152}},{"csr_staged":[],"dec":{"has_imm":true,"imm":4294967292,"is_compressed":false,"opt":21,"rd":0,"rs1":14,"rs2":0,"tgt":3,"use_pc":false},"gpr_staged":[],"instr":4261879523,"pc":{"pc":2147484152,"pc_next":2147484148}},{"csr_staged":[],"dec":{"has_imm":true,"imm":4294967295,"is_compressed":false,"opt":53,"rd":14,"rs1":14,"rs2":0,"tgt":2,"use_pc":false},"gpr_staged":[{"index":14,"next":94,"prev":95}],"instr":4294379283,"pc":{"pc":2147484148,"pc_next":2147484152}},{"csr_staged":[],"dec":{"has_imm":true,"imm":4294967292,"is_compressed":false,"opt":21,"rd":0,"rs1":14,"rs2":0,"tgt":3,"use_pc":false},"gpr_staged":[],"instr":4261879523,"pc":{"pc":2147484152,"pc_next":2147484148}},{"csr_staged":[],"dec":{"has_imm":true,"imm":4294967295,"is_compressed":false,"opt":53,"rd":14,"rs1":14,"rs2":0,"tgt":2,"use_pc":false},"gpr_staged":[{"index":14,"next":93,"prev":94}],"instr":4294379283,"pc":{"pc":2147484148,"pc_next":2147484152}},{"csr_staged":[],"dec":{"has_imm":true,"imm":4294967292,"is_compressed":false,"opt":21,"rd":0,"rs1":14,"rs2":0,"tgt":3,"use_pc":false},"gpr_staged":[],"instr":4261879523,"pc":{"pc":2147484152,"pc_next":2147484148}},{"csr_staged":[],"dec":{"has_imm":true,"imm":4294967295,"is_compressed":false,"opt":53,"rd":14,"rs1":14,"rs2":0,"tgt":2,"use_pc":false},"gpr_staged":[{"index":14,"next":92,"prev":93}],"instr":4294379283,"pc":{"pc":2147484148,"pc_next":2147484152}},{"csr_staged":[],"dec":{"has_imm":true,"imm":4294967292,"is_compressed":false,"opt":21,"rd":0,"rs1":14,"rs2":0,"tgt":3,"use_pc":false},"gpr_staged":[],"instr":4261879523,"pc":{"pc":2147484152,"pc_next":2147484148}},{"csr_staged":[],"dec":{"has_imm":true,"imm":4294967295,"is_compressed":false,"opt":53,"rd":14,"rs1":14,"rs2":0,"tgt":2,"use_pc":false},"gpr_staged":[{"index":14,"next":91,"prev":92}],"instr":4294379283,"pc":{"pc":2147484148,"pc_next":2147484152}},{"csr_staged":[],"dec":{"has_imm":true,"imm":4294967292,"is_compressed":false,"opt":21,"rd":0,"rs1":14,"rs2":0,"tgt":3,"use_pc":false},"gpr_staged":[],"instr":4261879523,"pc":{"pc":2147484152,"pc_next":2147484148}},{"csr_staged":[],"dec":{"has_imm":true,"imm":4294967295,"is_compressed":false,"opt":53,"rd":14,"rs1":14,"rs2":0,"tgt":2,"use_pc":false},"gpr_staged":[{"index":14,"next":90,"prev":91}],"instr":4294379283,"pc":{"pc":2147484148,"pc_next":2147484152}},{"csr_staged":[],"dec":{"has_imm":true,"imm":4294967292,"is_compressed":false,"opt":21,"rd":0,"rs1":14,"rs2":0,"tgt":3,"use_pc":false},"gpr_staged":[],"instr":4261879523,"pc":{"pc":2147484152,"pc_next":2147484148}},{"csr_staged":[],"dec":{"has_imm":true,"imm":4294967295,"is_compressed":false,"opt":53,"rd":14,"rs1":14,"rs2":0,"tgt":2,"use_pc":false},"gpr_staged":[{"index":14,"next":89,"prev":90}],"instr":4294379283,"pc":{"pc":2147484148,"pc_next":2147484152}},{"csr_staged":[],"dec":{"has_imm":true,"imm":4294967292,"is_compressed":false,"opt":21,"rd":0,"rs1":14,"rs2":0,"tgt":3,"use_pc":false},"gpr_staged":[],"instr":4261879523,"pc":{"pc":2147484152,"pc_next":2147484148}},{"csr_staged":[],"dec":{"has_imm":true,"imm":4294967295,"is_compressed":false,"opt":53,"rd":14,"rs1":14,"rs2":0,"tgt":2,"use_pc":false},"gpr_staged":[{"index":14,"next":88,"prev":89}],"instr":4294379283,"pc":{"pc":2147484148,"pc_next":2147484152}},{"csr_staged":[],"dec":{"has_imm":true,"imm":4294967292,"is_compressed":false,"opt":21,"rd":0,"rs1":14,"rs2":0,"tgt":3,"use_pc":false},"gpr_staged":[],"instr":4261879523,"pc":{"pc":2147484152,"pc_next":2147484148}},{"csr_staged":[],"dec":{"has_imm":true,"imm":4294967295,"is_compressed":false,"opt":53,"rd":14,"rs1":14,"rs2":0,"tgt":2,"use_pc":false},"gpr_staged":[{"index":14,"next":87,"prev":88}],"instr":4294379283,"pc":{"pc":2147484148,"pc_next":2147484152}},{"csr_staged":[],"dec":{"has_imm":true,"imm":4294967292,"is_compressed":false,"opt":21,"rd":0,"rs1":14,"rs2":0,"tgt":3,"use_pc":false},"gpr_staged":[],"instr":4261879523,"pc":{"pc":2147484152,"pc_next":2147484148}},{"csr_staged":[],"dec":{"has_imm":true,"imm":4294967295,"is_compressed":false,"opt":53,"rd":14,"rs1":14,"rs2":0,"tgt":2,"use_pc":false},"gpr_staged":[{"index":14,"next":86,"prev":87}],"instr":4294379283,"pc":{"pc":2147484148,"pc_next":2147484152}},{"csr_staged":[],"dec":{"has_imm":true,"imm":4294967292,"is_compressed":false,"opt":21,"rd":0,"rs1":14,"rs2":0,"tgt":3,"use_pc":false},"gpr_staged":[],"instr":4261879523,"pc":{"pc":2147484152,"pc_next":2147484148}},{"csr_staged":[],"dec":{"has_imm":true,"imm":4294967295,"is_compressed":false,"opt":53,"rd":14,"rs1":14,"rs2":0,"tgt":2,"use_pc":false},"gpr_staged":[{"index":14,"next":85,"prev":86}],"instr":4294379283,"pc":{"pc":2147484148,"pc_next":2147484152}},{"csr_staged":[],"dec":{"has_imm":true,"imm":4294967292,"is_compressed":false,"opt":21,"rd":0,"rs1":14,"rs2":0,"tgt":3,"use_pc":false},"gpr_staged":[],"instr":4261879523,"pc":{"pc":2147484152,"pc_next":2147484148}},{"csr_staged":[],"dec":{"has_imm":true,"imm":4294967295,"is_compressed":false,"opt":53,"rd":14,"rs1":14,"rs2":0,"tgt":2,"use_pc":false},"gpr_staged":[{"index":14,"next":84,"prev":85}],"instr":4294379283,"pc":{"pc":2147484148,"pc_next":2147484152}},{"csr_staged":[],"dec":{"has_imm":true,"imm":4294967292,"is_compressed":false,"opt":21,"rd":0,"rs1":14,"rs2":0,"tgt":3,"use_pc":false},"gpr_staged":[],"instr":4261879523,"pc":{"pc":2147484152,"pc_next":2147484148}},{"csr_staged":[],"dec":{"has_imm":true,"imm":4294967295,"is_compressed":false,"opt":53,"rd":14,"rs1":14,"rs2":0,"tgt":2,"use_pc":false},"gpr_staged":[{"index":14,"next":83,"prev":84}],"instr":4294379283,"pc":{"pc":2147484148,"pc_next":2147484152}},{"csr_staged":[],"dec":{"has_imm":true,"imm":4294967292,"is_compressed":false,"opt":21,"rd":0,"rs1":14,"rs2":0,"tgt":3,"use_pc":false},"gpr_staged":[],"instr":4261879523,"pc":{"pc":2147484152,"pc_next":2147484148}},{"csr_staged":[],"dec":{"has_imm":true,"imm":4294967295,"is_compressed":false,"opt":53,"rd":14,"rs1":14,"rs2":0,"tgt":2,"use_pc":false},"gpr_staged":[{"index":14,"next":82,"prev":83}],"instr":4294379283,"pc":{"pc":2147484148,"pc_next":2147484152}},{"csr_staged":[],"dec":{"has_imm":true,"imm":4294967292,"is_compressed":false,"opt":21,"rd":0,"rs1":14,"rs2":0,"tgt":3,"use_pc":false},"gpr_staged":[],"instr":4261879523,"pc":{"pc":2147484152,"pc_next":2147484148}},{"csr_staged":[],"dec":{"has_imm":true,"imm":4294967295,"is_compressed":false,"opt":53,"rd":14,"rs1":14,"rs2":0,"tgt":2,"use_pc":false},"gpr_staged":[{"index":14,"next":81,"prev":82}],"instr":4294379283,"pc":{"pc":2147484148,"pc_next":2147484152}},{"csr_staged":[],"dec":{"has_imm":true,"imm":4294967292,"is_compressed":false,"opt":21,"rd":0,"rs1":14,"rs2":0,"tgt":3,"use_pc":false},"gpr_staged":[],"instr":4261879523,"pc":{"pc":2147484152,"pc_next":2147484148}},{"csr_staged":[],"dec":{"has_imm":true,"imm":4294967295,"is_compressed":false,"opt":53,"rd":14,"rs1":14,"rs2":0,"tgt":2,"use_pc":false},"gpr_staged":[{"index":14,"next":80,"prev":81}],"instr":4294379283,"pc":{"pc":2147484148,"pc_next":2147484152}},{"csr_staged":[],"dec":{"has_imm":true,"imm":4294967292,"is_compressed":false,"opt":21,"rd":0,"rs1":14,"rs2":0,"tgt":3,"use_pc":false},"gpr_staged":[],"instr":4261879523,"pc":{"pc":2147484152,"pc_next":2147484148}},{"csr_staged":[],"dec":{"has_imm":true,"imm":4294967295,"is_compressed":false,"opt":53,"rd":14,"rs1":14,"rs2":0,"tgt":2,"use_pc":false},"gpr_staged":[{"index":14,"next":79,"prev":80}],"instr":4294379283,"pc":{"pc":2147484148,"pc_next":2147484152}},{"csr_staged":[],"dec":{"has_imm":true,"imm":4294967292,"is_compressed":false,"opt":21,"rd":0,"rs1":14,"rs2":0,"tgt":3,"use_pc":false},"gpr_staged":[],"instr":4261879523,"pc":{"pc":2147484152,"pc_next":2147484148}},{"csr_staged":[],"dec":{"has_imm":true,"imm":4294967295,"is_compressed":false,"opt":53,"rd":14,"rs1":14,"rs2":0,"tgt":2,"use_pc":false},"gpr_staged":[{"index":14,"next":78,"prev":79}],"instr":4294379283,"pc":{"pc":2147484148,"pc_next":2147484152}},{"csr_staged":[],"dec":{"has_imm":true,"imm":4294967292,"is_compressed":false,"opt":21,"rd":0,"rs1":14,"rs2":0,"tgt":3,"use_pc":false},"gpr_staged":[],"instr":4261879523,"pc":{"pc":2147484152,"pc_next":2147484148}},{"csr_staged":[],"dec":{"has_imm":true,"imm":4294967295,"is_compressed":false,"opt":53,"rd":14,"rs1":14,"rs2":0,"tgt":2,"use_pc":false},"gpr_staged":[{"index":14,"next":77,"prev":78}],"instr":4294379283,"pc":{"pc":2147484148,"pc_next":2147484152}},{"csr_staged":[],"dec":{"has_imm":true,"imm":4294967292,"is_compressed":false,"opt":21,"rd":0,"rs1":14,"rs2":0,"tgt":3,"use_pc":false},"gpr_staged":[],"instr":4261879523,"pc":{"pc":2147484152,"pc_next":2147484148}},{"csr_staged":[],"dec":{"has_imm":true,"imm":4294967295,"is_compressed":false,"opt":53,"rd":14,"rs1":14,"rs2":0,"tgt":2,"use_pc":false},"gpr_staged":[{"index":14,"next":76,"prev":77}],"instr":4294379283,"pc":{"pc":2147484148,"pc_next":2147484152}},{"csr_staged":[],"dec":{"has_imm":true,"imm":4294967292,"is_compressed":false,"opt":21,"rd":0,"rs1":14,"rs2":0,"tgt":3,"use_pc":false},"gpr_staged":[],"instr":4261879523,"pc":{"pc":2147484152,"pc_next":2147484148}},{"csr_staged":[],"dec":{"has_imm":true,"imm":4294967295,"is_compressed":false,"opt":53,"rd":14,"rs1":14,"rs2":0,"tgt":2,"use_pc":false},"gpr_staged":[{"index":14,"next":75,"prev":76}],"instr":4294379283,"pc":{"pc":2147484148,"pc_next":2147484152}},{"csr_staged":[],"dec":{"has_imm":true,"imm":4294967292,"is_compressed":false,"opt":21,"rd":0,"rs1":14,"rs2":0,"tgt":3,"use_pc":false},"gpr_staged":[],"instr":4261879523,"pc":{"pc":2147484152,"pc_next":2147484148}},{"csr_staged":[],"dec":{"has_imm":true,"imm":4294967295,"is_compressed":false,"opt":53,"rd":14,"rs1":14,"rs2":0,"tgt":2,"use_pc":false},"gpr_staged":[{"index":14,"next":74,"prev":75}],"instr":4294379283,"pc":{"pc":2147484148,"pc_next":2147484152}},{"csr_staged":[],"dec":{"has_imm":true,"imm":4294967292,"is_compressed":false,"opt":21,"rd":0,"rs1":14,"rs2":0,"tgt":3,"use_pc":false},"gpr_staged":[],"instr":4261879523,"pc":{"pc":2147484152,"pc_next":2147484148}},{"csr_staged":[],"dec":{"has_imm":true,"imm":4294967295,"is_compressed":false,"opt":53,"rd":14,"rs1":14,"rs2":0,"tgt":2,"use_pc":false},"gpr_staged":[{"index":14,"next":73,"prev":74}],"instr":4294379283,"pc":{"pc":2147484148,"pc_next":2147484152}},{"csr_staged":[],"dec":{"has_imm":true,"imm":4294967292,"is_compressed":false,"opt":21,"rd":0,"rs1":14,"rs2":0,"tgt":3,"use_pc":false},"gpr_staged":[],"instr":4261879523,"pc":{"pc":2147484152,"pc_next":2147484148}},{"csr_staged":[],"dec":{"has_imm":true,"imm":4294967295,"is_compressed":false,"opt":53,"rd":14,"rs1":14,"rs2":0,"tgt":2,"use_pc":false},"gpr_staged":[{"index":14,"next":72,"prev":73}],"instr":4294379283,"pc":{"pc":2147484148,"pc_next":2147484152}},{"csr_staged":[],"dec":{"has_imm":true,"imm":4294967292,"is_compressed":false,"opt":21,"rd":0,"rs1":14,"rs2":0,"tgt":3,"use_pc":false},"gpr_staged":[],"instr":4261879523,"pc":{"pc":2147484152,"pc_next":2147484148}},{"csr_staged":[],"dec":{"has_imm":true,"imm":4294967295,"is_compressed":false,"opt":53,"rd":14,"rs1":14,"rs2":0,"tgt":2,"use_pc":false},"gpr_staged":[{"index":14,"next":71,"prev":72}],"instr":4294379283,"pc":{"pc":2147484148,"pc_next":2147484152}},{"csr_staged":[],"dec":{"has_imm":true,"imm":4294967292,"is_compressed":false,"opt":21,"rd":0,"rs1":14,"rs2":0,"tgt":3,"use_pc":false},"gpr_staged":[],"instr":4261879523,"pc":{"pc":2147484152,"pc_next":2147484148}},{"csr_staged":[],"dec":{"has_imm":true,"imm":4294967295,"is_compressed":false,"opt":53,"rd":14,"rs1":14,"rs2":0,"tgt":2,"use_pc":false},"gpr_staged":[{"index":14,"next":70,"prev":71}],"instr":4294379283,"pc":{"pc":2147484148,"pc_next":2147484152}},{"csr_staged":[],"dec":{"has_imm":true,"imm":4294967292,"is_compressed":false,"opt":21,"rd":0,"rs1":14,"rs2":0,"tgt":3,"use_pc":false},"gpr_staged":[],"instr":4261879523,"pc":{"pc":2147484152,"pc_next":2147484148}},{"csr_staged":[],"dec":{"has_imm":true,"imm":4294967295,"is_compressed":false,"opt":53,"rd":14,"rs1":14,"rs2":0,"tgt":2,"use_pc":false},"gpr_staged":[{"index":14,"next":69,"prev":70}],"instr":4294379283,"pc":{"pc":2147484148,"pc_next":2147484152}},{"csr_staged":[],"dec":{"has_imm":true,"imm":4294967292,"is_compressed":false,"opt":21,"rd":0,"rs1":14,"rs2":0,"tgt":3,"use_pc":false},"gpr_staged":[],"instr":4261879523,"pc":{"pc":2147484152,"pc_next":2147484148}},{"csr_staged":[],"dec":{"has_imm":true,"imm":4294967295,"is_compressed":false,"opt":53,"rd":14,"rs1":14,"rs2":0,"tgt":2,"use_pc":false},"gpr_staged":[{"index":14,"next":68,"prev":69}],"instr":4294379283,"pc":{"pc":2147484148,"pc_next":2147484152}},{"csr_staged":[],"dec":{"has_imm":true,"imm":4294967292,"is_compressed":false,"opt":21,"rd":0,"rs1":14,"rs2":0,"tgt":3,"use_pc":false},"gpr_staged":[],"instr":4261879523,"pc":{"pc":2147484152,"pc_next":2147484148}},{"csr_staged":[],"dec":{"has_imm":true,"imm":4294967295,"is_compressed":false,"opt":53,"rd":14,"rs1":14,"rs2":0,"tgt":2,"use_pc":false},"gpr_staged":[{"index":14,"next":67,"prev":68}],"instr":4294379283,"pc":{"pc":2147484148,"pc_next":2147484152}},{"csr_staged":[],"dec":{"has_imm":true,"imm":4294967292,"is_compressed":false,"opt":21,"rd":0,"rs1":14,"rs2":0,"tgt":3,"use_pc":false},"gpr_staged":[],"instr":4261879523,"pc":{"pc":2147484152,"pc_next":2147484148}},{"csr_staged":[],"dec":{"has_imm":true,"imm":4294967295,"is_compressed":false,"opt":53,"rd":14,"rs1":14,"rs2":0,"tgt":2,"use_pc":false},"gpr_staged":[{"index":14,"next":66,"prev":67}],"instr":4294379283,"pc":{"pc":2147484148,"pc_next":2147484152}},{"csr_staged":[],"dec":{"has_imm":true,"imm":4294967292,"is_compressed":false,"opt":21,"rd":0,"rs1":14,"rs2":0,"tgt":3,"use_pc":false},"gpr_staged":[],"instr":4261879523,"pc":{"pc":2147484152,"pc_next":2147484148}},{"csr_staged":[],"dec":{"has_imm":true,"imm":4294967295,"is_compressed":false,"opt":53,"rd":14,"rs1":14,"rs2":0,"tgt":2,"use_pc":false},"gpr_staged":[{"index":14,"next":65,"prev":66}],"instr":4294379283,"pc":{"pc":2147484148,"pc_next":2147484152}},{"csr_staged":[],"dec":{"has_imm":true,"imm":4294967292,"is_compressed":false,"opt":21,"rd":0,"rs1":14,"rs2":0,"tgt":3,"use_pc":false},"gpr_staged":[],"instr":4261879523,"pc":{"pc":2147484152,"pc_next":2147484148}},{"csr_staged":[],"dec":{"has_imm":true,"imm":4294967295,"is_compressed":false,"opt":53,"rd":14,"rs1":14,"rs2":0,"tgt":2,"use_pc":false},"gpr_staged":[{"index":14,"next":64,"prev":65}],"instr":4294379283,"pc":{"pc":2147484148,"pc_next":2147484152}},{"csr_staged":[],"dec":{"has_imm":true,"imm":4294967292,"is_compressed":false,"opt":21,"rd":0,"rs1":14,"rs2":0,"tgt":3,"use_pc":false},"gpr_staged":[],"instr":4261879523,"pc":{"pc":2147484152,"pc_next":2147484148}},{"csr_staged":[],"dec":{"has_imm":true,"imm":4294967295,"is_compressed":false,"opt":53,"rd":14,"rs1":14,"rs2":0,"tgt":2,"use_pc":false},"gpr_staged":[{"index":14,"next":63,"prev":64}],"instr":4294379283,"pc":{"pc":2147484148,"pc_next":2147484152}},{"csr_staged":[],"dec":{"has_imm":true,"imm":4294967292,"is_compressed":false,"opt":21,"rd":0,"rs1":14,"rs2":0,"tgt":3,"use_pc":false},"gpr_staged":[],"instr":4261879523,"pc":{"pc":2147484152,"pc_next":2147484148}},{"csr_staged":[],"dec":{"has_imm":true,"imm":4294967295,"is_compressed":false,"opt":53,"rd":14,"rs1":14,"rs2":0,"tgt":2,"use_pc":false},"gpr_staged":[{"index":14,"next":62,"prev":63}],"instr":4294379283,"pc":{"pc":2147484148,"pc_next":2147484152}},{"csr_staged":[],"dec":{"has_imm":true,"imm":4294967292,"is_compressed":false,"opt":21,"rd":0,"rs1":14,"rs2":0,"tgt":3,"use_pc":false},"gpr_staged":[],"instr":4261879523,"pc":{"pc":2147484152,"pc_next":2147484148}},{"csr_staged":[],"dec":{"has_imm":true,"imm":4294967295,"is_compressed":false,"opt":53,"rd":14,"rs1":14,"rs2":0,"tgt":2,"use_pc":false},"gpr_staged":[{"index":14,"next":61,"prev":62}],"instr":4294379283,"pc":{"pc":2147484148,"pc_next":2147484152}},{"csr_staged":[],"dec":{"has_imm":true,"imm":4294967292,"is_compressed":false,"opt":21,"rd":0,"rs1":14,"rs2":0,"tgt":3,"use_pc":false},"gpr_staged":[],"instr":4261879523,"pc":{"pc":2147484152,"pc_next":2147484148}},{"csr_staged":[],"dec":{"has_imm":true,"imm":4294967295,"is_compressed":false,"opt":53,"rd":14,"rs1":14,"rs2":0,"tgt":2,"use_pc":false},"gpr_staged":[{"index":14,"next":60,"prev":61}],"instr":4294379283,"pc":{"pc":2147484148,"pc_next":2147484152}},{"csr_staged":[],"dec":{"has_imm":true,"imm":4294967292,"is_compressed":false,"opt":21,"rd":0,"rs1":14,"rs2":0,"tgt":3,"use_pc":false},"gpr_staged":[],"instr":4261879523,"pc":{"pc":2147484152,"pc_next":2147484148}},{"csr_staged":[],"dec":{"has_imm":true,"imm":4294967295,"is_compressed":false,"opt":53,"rd":14,"rs1":14,"rs2":0,"tgt":2,"use_pc":false},"gpr_staged":[{"index":14,"next":59,"prev":60}],"instr":4294379283,"pc":{"pc":2147484148,"pc_next":2147484152}},{"csr_staged":[],"dec":{"has_imm":true,"imm":4294967292,"is_compressed":false,"opt":21,"rd":0,"rs1":14,"rs2":0,"tgt":3,"use_pc":false},"gpr_staged":[],"instr":4261879523,"pc":{"pc":2147484152,"pc_next":2147484148}},{"csr_staged":[],"dec":{"has_imm":true,"imm":4294967295,"is_compressed":false,"opt":53,"rd":14,"rs1":14,"rs2":0,"tgt":2,"use_pc":false},"gpr_staged":[{"index":14,"next":58,"prev":59}],"instr":4294379283,"pc":{"pc":2147484148,"pc_next":2147484152}},{"csr_staged":[],"dec":{"has_imm":true,"imm":4294967292,"is_compressed":false,"opt":21,"rd":0,"rs1":14,"rs2":0,"tgt":3,"use_pc":false},"gpr_staged":[],"instr":4261879523,"pc":{"pc":2147484152,"pc_next":2147484148}},{"csr_staged":[],"dec":{"has_imm":true,"imm":4294967295,"is_compressed":false,"opt":53,"rd":14,"rs1":14,"rs2":0,"tgt":2,"use_pc":false},"gpr_staged":[{"index":14,"next":57,"prev":58}],"instr":4294379283,"pc":{"pc":2147484148,"pc_next":2147484152}},{"csr_staged":[],"dec":{"has_imm":true,"imm":4294967292,"is_compressed":false,"opt":21,"rd":0,"rs1":14,"rs2":0,"tgt":3,"use_pc":false},"gpr_staged":[],"instr":4261879523,"pc":{"pc":2147484152,"pc_next":2147484148}},{"csr_staged":[],"dec":{"has_imm":true,"imm":4294967295,"is_compressed":false,"opt":53,"rd":14,"rs1":14,"rs2":0,"tgt":2,"use_pc":false},"gpr_staged":[{"index":14,"next":56,"prev":57}],"instr":4294379283,"pc":{"pc":2147484148,"pc_next":2147484152}},{"csr_staged":[],"dec":{"has_imm":true,"imm":4294967292,"is_compressed":false,"opt":21,"rd":0,"rs1":14,"rs2":0,"tgt":3,"use_pc":false},"gpr_staged":[],"instr":4261879523,"pc":{"pc":2147484152,"pc_next":2147484148}},{"csr_staged":[],"dec":{"has_imm":true,"imm":4294967295,"is_compressed":false,"opt":53,"rd":14,"rs1":14,"rs2":0,"tgt":2,"use_pc":false},"gpr_staged":[{"index":14,"next":55,"prev":56}],"instr":4294379283,"pc":{"pc":2147484148,"pc_next":2147484152}},{"csr_staged":[],"dec":{"has_imm":true,"imm":4294967292,"is_compressed":false,"opt":21,"rd":0,"rs1":14,"rs2":0,"tgt":3,"use_pc":false},"gpr_staged":[],"instr":4261879523,"pc":{"pc":2147484152,"pc_next":2147484148}},{"csr_staged":[],"dec":{"has_imm":true,"imm":4294967295,"is_compressed":false,"opt":53,"rd":14,"rs1":14,"rs2":0,"tgt":2,"use_pc":false},"gpr_staged":[{"index":14,"next":54,"prev":55}],"instr":4294379283,"pc":{"pc":2147484148,"pc_next":2147484152}},{"csr_staged":[],"dec":{"has_imm":true,"imm":4294967292,"is_compressed":false,"opt":21,"rd":0,"rs1":14,"rs2":0,"tgt":3,"use_pc":false},"gpr_staged":[],"instr":4261879523,"pc":{"pc":2147484152,"pc_next":2147484148}},{"csr_staged":[],"dec":{"has_imm":true,"imm":4294967295,"is_compressed":false,"opt":53,"rd":14,"rs1":14,"rs2":0,"tgt":2,"use_pc":false},"gpr_staged":[{"index":14,"next":53,"prev":54}],"instr":4294379283,"pc":{"pc":2147484148,"pc_next":2147484152}},{"csr_staged":[],"dec":{"has_imm":true,"imm":4294967292,"is_compressed":false,"opt":21,"rd":0,"rs1":14,"rs2":0,"tgt":3,"use_pc":false},"gpr_staged":[],"instr":4261879523,"pc":{"pc":2147484152,"pc_next":2147484148}},{"csr_staged":[],"dec":{"has_imm":true,"imm":4294967295,"is_compressed":false,"opt":53,"rd":14,"rs1":14,"rs2":0,"tgt":2,"use_pc":false},"gpr_staged":[{"index":14,"next":52,"prev":53}],"instr":4294379283,"pc":{"pc":2147484148,"pc_next":2147484152}},{"csr_staged":[],"dec":{"has_imm":true,"imm":4294967292,"is_compressed":false,"opt":21,"rd":0,"rs1":14,"rs2":0,"tgt":3,"use_pc":false},"gpr_staged":[],"instr":4261879523,"pc":{"pc":2147484152,"pc_next":2147484148}},{"csr_staged":[],"dec":{"has_imm":true,"imm":4294967295,"is_compressed":false,"opt":53,"rd":14,"rs1":14,"rs2":0,"tgt":2,"use_pc":false},"gpr_staged":[{"index":14,"next":51,"prev":52}],"instr":4294379283,"pc":{"pc":2147484148,"pc_next":2147484152}},{"csr_staged":[],"dec":{"has_imm":true,"imm":4294967292,"is_compressed":false,"opt":21,"rd":0,"rs1":14,"rs2":0,"tgt":3,"use_pc":false},"gpr_staged":[],"instr":4261879523,"pc":{"pc":2147484152,"pc_next":2147484148}},{"csr_staged":[],"dec":{"has_imm":true,"imm":4294967295,"is_compressed":false,"opt":53,"rd":14,"rs1":14,"rs2":0,"tgt":2,"use_pc":false},"gpr_staged":[{"index":14,"next":50,"prev":51}],"instr":4294379283,"pc":{"pc":2147484148,"pc_next":2147484152}},{"csr_staged":[],"dec":{"has_imm":true,"imm":4294967292,"is_compressed":false,"opt":21,"rd":0,"rs1":14,"rs2":0,"tgt":3,"use_pc":false},"gpr_staged":[],"instr":4261879523,"pc":{"pc":2147484152,"pc_next":2147484148}},{"csr_staged":[],"dec":{"has_imm":true,"imm":4294967295,"is_compressed":false,"opt":53,"rd":14,"rs1":14,"rs2":0,"tgt":2,"use_pc":false},"gpr_staged":[{"index":14,"next":49,"prev":50}],"instr":4294379283,"pc":{"pc":2147484148,"pc_next":2147484152}},{"csr_staged":[],"dec":{"has_imm":true,"imm":4294967292,"is_compressed":false,"opt":21,"rd":0,"rs1":14,"rs2":0,"tgt":3,"use_pc":false},"gpr_staged":[],"instr":4261879523,"pc":{"pc":2147484152,"pc_next":2147484148}},{"csr_staged":[],"dec":{"has_imm":true,"imm":4294967295,"is_compressed":false,"opt":53,"rd":14,"rs1":14,"rs2":0,"tgt":2,"use_pc":false},"gpr_staged":[{"index":14,"next":48,"prev":49}],"instr":4294379283,"pc":{"pc":2147484148,"pc_next":2147484152}},{"csr_staged":[],"dec":{"has_imm":true,"imm":4294967292,"is_compressed":false,"opt":21,"rd":0,"rs1":14,"rs2":0,"tgt":3,"use_pc":false},"gpr_staged":[],"instr":4261879523,"pc":{"pc":2147484152,"pc_next":2147484148}},{"csr_staged":[],"dec":{"has_imm":true,"imm":4294967295,"is_compressed":false,"opt":53,"rd":14,"rs1":14,"rs2":0,"tgt":2,"use_pc":false},"gpr_staged":[{"index":14,"next":47,"prev":48}],"instr":4294379283,"pc":{"pc":2147484148,"pc_next":2147484152}},{"csr_staged":[],"dec":{"has_imm":true,"imm":4294967292,"is_compressed":false,"opt":21,"rd":0,"rs1":14,"rs2":0,"tgt":3,"use_pc":false},"gpr_staged":[],"instr":4261879523,"pc":{"pc":2147484152,"pc_next":2147484148}},{"csr_staged":[],"dec":{"has_imm":true,"imm":4294967295,"is_compressed":false,"opt":53,"rd":14,"rs1":14,"rs2":0,"tgt":2,"use_pc":false},"gpr_staged":[{"index":14,"next":46,"prev":47}],"instr":4294379283,"pc":{"pc":2147484148,"pc_next":2147484152}},{"csr_staged":[],"dec":{"has_imm":true,"imm":4294967292,"is_compressed":false,"opt":21,"rd":0,"rs1":14,"rs2":0,"tgt":3,"use_pc":false},"gpr_staged":[],"instr":4261879523,"pc":{"pc":2147484152,"pc_next":2147484148}},{"csr_staged":[],"dec":{"has_imm":true,"imm":4294967295,"is_compressed":false,"opt":53,"rd":14,"rs1":14,"rs2":0,"tgt":2,"use_pc":false},"gpr_staged":[{"index":14,"next":45,"prev":46}],"instr":4294379283,"pc":{"pc":2147484148,"pc_next":2147484152}},{"csr_staged":[],"dec":{"has_imm":true,"imm":4294967292,"is_compressed":false,"opt":21,"rd":0,"rs1":14,"rs2":0,"tgt":3,"use_pc":false},"gpr_staged":[],"instr":4261879523,"pc":{"pc":2147484152,"pc_next":2147484148}},{"csr_staged":[],"dec":{"has_imm":true,"imm":4294967295,"is_compressed":false,"opt":53,"rd":14,"rs1":14,"rs2":0,"tgt":2,"use_pc":false},"gpr_staged":[{"index":14,"next":44,"prev":45}],"instr":4294379283,"pc":{"pc":2147484148,"pc_next":2147484152}},{"csr_staged":[],"dec":{"has_imm":true,"imm":4294967292,"is_compressed":false,"opt":21,"rd":0,"rs1":14,"rs2":0,"tgt":3,"use_pc":false},"gpr_staged":[],"instr":4261879523,"pc":{"pc":2147484152,"pc_next":2147484148}},{"csr_staged":[],"dec":{"has_imm":true,"imm":4294967295,"is_compressed":false,"opt":53,"rd":14,"rs1":14,"rs2":0,"tgt":2,"use_pc":false},"gpr_staged":[{"index":14,"next":43,"prev":44}],"instr":4294379283,"pc":{"pc":2147484148,"pc_next":2147484152}},{"csr_staged":[],"dec":{"has_imm":true,"imm":4294967292,"is_compressed":false,"opt":21,"rd":0,"rs1":14,"rs2":0,"tgt":3,"use_pc":false},"gpr_staged":[],"instr":4261879523,"pc":{"pc":2147484152,"pc_next":2147484148}},{"csr_staged":[],"dec":{"has_imm":true,"imm":4294967295,"is_compressed":false,"opt":53,"rd":14,"rs1":14,"rs2":0,"tgt":2,"use_pc":false},"gpr_staged":[{"index":14,"next":42,"prev":43}],"instr":4294379283,"pc":{"pc":2147484148,"pc_next":2147484152}},{"csr_staged":[],"dec":{"has_imm":true,"imm":4294967292,"is_compressed":false,"opt":21,"rd":0,"rs1":14,"rs2":0,"tgt":3,"use_pc":false},"gpr_staged":[],"instr":4261879523,"pc":{"pc":2147484152,"pc_next":2147484148}},{"csr_staged":[],"dec":{"has_imm":true,"imm":4294967295,"is_compressed":false,"opt":53,"rd":14,"rs1":14,"rs2":0,"tgt":2,"use_pc":false},"gpr_staged":[{"index":14,"next":41,"prev":42}],"instr":4294379283,"pc":{"pc":2147484148,"pc_next":2147484152}},{"csr_staged":[],"dec":{"has_imm":true,"imm":4294967292,"is_compressed":false,"opt":21,"rd":0,"rs1":14,"rs2":0,"tgt":3,"use_pc":false},"gpr_staged":[],"instr":4261879523,"pc":{"pc":2147484152,"pc_next":2147484148}},{"csr_staged":[],"dec":{"has_imm":true,"imm":4294967295,"is_compressed":false,"opt":53,"rd":14,"rs1":14,"rs2":0,"tgt":2,"use_pc":false},"gpr_staged":[{"index":14,"next":40,"prev":41}],"instr":4294379283,"pc":{"pc":2147484148,"pc_next":2147484152}},{"csr_staged":[],"dec":{"has_imm":true,"imm":4294967292,"is_compressed":false,"opt":21,"rd":0,"rs1":14,"rs2":0,"tgt":3,"use_pc":false},"gpr_staged":[],"instr":4261879523,"pc":{"pc":2147484152,"pc_next":2147484148}},{"csr_staged":[],"dec":{"has_imm":true,"imm":4294967295,"is_compressed":false,"opt":53,"rd":14,"rs1":14,"rs2":0,"tgt":2,"use_pc":false},"gpr_staged":[{"index":14,"next":39,"prev":40}],"instr":4294379283,"pc":{"pc":2147484148,"pc_next":2147484152}},{"csr_staged":[],"dec":{"has_imm":true,"imm":4294967292,"is_compressed":false,"opt":21,"rd":0,"rs1":14,"rs2":0,"tgt":3,"use_pc":false},"gpr_staged":[],"instr":4261879523,"pc":{"pc":2147484152,"pc_next":2147484148}},{"csr_staged":[],"dec":{"has_imm":true,"imm":4294967295,"is_compressed":false,"opt":53,"rd":14,"rs1":14,"rs2":0,"tgt":2,"use_pc":false},"gpr_staged":[{"index":14,"next":38,"prev":39}],"instr":4294379283,"pc":{"pc":2147484148,"pc_next":2147484152}},{"csr_staged":[],"dec":{"has_imm":true,"imm":4294967292,"is_compressed":false,"opt":21,"rd":0,"rs1":14,"rs2":0,"tgt":3,"use_pc":false},"gpr_staged":[],"instr":4261879523,"pc":{"pc":2147484152,"pc_next":2147484148}},{"csr_staged":[],"dec":{"has_imm":true,"imm":4294967295,"is_compressed":false,"opt":53,"rd":14,"rs1":14,"rs2":0,"tgt":2,"use_pc":false},"gpr_staged":[{"index":14,"next":37,"prev":38}],"instr":4294379283,"pc":{"pc":2147484148,"pc_next":2147484152}},{"csr_staged":[],"dec":{"has_imm":true,"imm":4294967292,"is_compressed":false,"opt":21,"rd":0,"rs1":14,"rs2":0,"tgt":3,"use_pc":false},"gpr_staged":[],"instr":4261879523,"pc":{"pc":2147484152,"pc_next":2147484148}},{"csr_staged":[],"dec":{"has_imm":true,"imm":4294967295,"is_compressed":false,"opt":53,"rd":14,"rs1":14,"rs2":0,"tgt":2,"use_pc":false},"gpr_staged":[{"index":14,"next":36,"prev":37}],"instr":4294379283,"pc":{"pc":2147484148,"pc_next":2147484152}},{"csr_staged":[],"dec":{"has_imm":true,"imm":4294967292,"is_compressed":false,"opt":21,"rd":0,"rs1":14,"rs2":0,"tgt":3,"use_pc":false},"gpr_staged":[],"instr":4261879523,"pc":{"pc":2147484152,"pc_next":2147484148}},{"csr_staged":[],"dec":{"has_imm":true,"imm":4294967295,"is_compressed":false,"opt":53,"rd":14,"rs1":14,"rs2":0,"tgt":2,"use_pc":false},"gpr_staged":[{"index":14,"next":35,"prev":36}],"instr":4294379283,"pc":{"pc":2147484148,"pc_next":2147484152}},{"csr_staged":[],"dec":{"has_imm":true,"imm":4294967292,"is_compressed":false,"opt":21,"rd":0,"rs1":14,"rs2":0,"tgt":3,"use_pc":false},"gpr_staged":[],"instr":4261879523,"pc":{"pc":2147484152,"pc_next":2147484148}},{"csr_staged":[],"dec":{"has_imm":true,"imm":4294967295,"is_compressed":false,"opt":53,"rd":14,"rs1":14,"rs2":0,"tgt":2,"use_pc":false},"gpr_staged":[{"index":14,"next":34,"prev":35}],"instr":4294379283,"pc":{"pc":2147484148,"pc_next":2147484152}},{"csr_staged":[],"dec":{"has_imm":true,"imm":4294967292,"is_compressed":false,"opt":21,"rd":0,"rs1":14,"rs2":0,"tgt":3,"use_pc":false},"gpr_staged":[],"instr":4261879523,"pc":{"pc":2147484152,"pc_next":2147484148}},{"csr_staged":[],"dec":{"has_imm":true,"imm":4294967295,"is_compressed":false,"opt":53,"rd":14,"rs1":14,"rs2":0,"tgt":2,"use_pc":false},"gpr_staged":[{"index":14,"next":33,"prev":34}],"instr":4294379283,"pc":{"pc":2147484148,"pc_next":2147484152}},{"csr_staged":[],"dec":{"has_imm":true,"imm":4294967292,"is_compressed":false,"opt":21,"rd":0,"rs1":14,"rs2":0,"tgt":3,"use_pc":false},"gpr_staged":[],"instr":4261879523,"pc":{"pc":2147484152,"pc_next":2147484148}},{"csr_staged":[],"dec":{"has_imm":true,"imm":4294967295,"is_compressed":false,"opt":53,"rd":14,"rs1":14,"rs2":0,"tgt":2,"use_pc":false},"gpr_staged":[{"index":14,"next":32,"prev":33}],"instr":4294379283,"pc":{"pc":2147484148,"pc_next":2147484152}},{"csr_staged":[],"dec":{"has_imm":true,"imm":4294967292,"is_compressed":false,"opt":21,"rd":0,"rs1":14,"rs2":0,"tgt":3,"use_pc":false},"gpr_staged":[],"instr":4261879523,"pc":{"pc":2147484152,"pc_next":2147484148}},{"csr_staged":[],"dec":{"has_imm":true,"imm":4294967295,"is_compressed":false,"opt":53,"rd":14,"rs1":14,"rs2":0,"tgt":2,"use_pc":false},"gpr_staged":[{"index":14,"next":31,"prev":32}],"instr":4294379283,"pc":{"pc":2147484148,"pc_next":2147484152}},{"csr_staged":[],"dec":{"has_imm":true,"imm":4294967292,"is_compressed":false,"opt":21,"rd":0,"rs1":14,"rs2":0,"tgt":3,"use_pc":false},"gpr_staged":[],"instr":4261879523,"pc":{"pc":2147484152,"pc_next":2147484148}},{"csr_staged":[],"dec":{"has_imm":true,"imm":4294967295,"is_compressed":false,"opt":53,"rd":14,"rs1":14,"rs2":0,"tgt":2,"use_pc":false},"gpr_staged":[{"index":14,"next":30,"prev":31}],"instr":4294379283,"pc":{"pc":2147484148,"pc_next":2147484152}},{"csr_staged":[],"dec":{"has_imm":true,"imm":4294967292,"is_compressed":false,"opt":21,"rd":0,"rs1":14,"rs2":0,"tgt":3,"use_pc":false},"gpr_staged":[],"instr":4261879523,"pc":{"pc":2147484152,"pc_next":2147484148}},{"csr_staged":[],"dec":{"has_imm":true,"imm":4294967295,"is_compressed":false,"opt":53,"rd":14,"rs1":14,"rs2":0,"tgt":2,"use_pc":false},"gpr_staged":[{"index":14,"next":29,"prev":30}],"instr":4294379283,"pc":{"pc":2147484148,"pc_next":2147484152}},{"csr_staged":[],"dec":{"has_imm":true,"imm":4294967292,"is_compressed":false,"opt":21,"rd":0,"rs1":14,"rs2":0,"tgt":3,"use_pc":false},"gpr_staged":[],"instr":4261879523,"pc":{"pc":2147484152,"pc_next":2147484148}},{"csr_staged":[],"dec":{"has_imm":true,"imm":4294967295,"is_compressed":false,"opt":53,"rd":14,"rs1":14,"rs2":0,"tgt":2,"use_pc":false},"gpr_staged":[{"index":14,"next":28,"prev":29}],"instr":4294379283,"pc":{"pc":2147484148,"pc_next":2147484152}},{"csr_staged":[],"dec":{"has_imm":true,"imm":4294967292,"is_compressed":false,"opt":21,"rd":0,"rs1":14,"rs2":0,"tgt":3,"use_pc":false},"gpr_staged":[],"instr":4261879523,"pc":{"pc":2147484152,"pc_next":2147484148}},{"csr_staged":[],"dec":{"has_imm":true,"imm":4294967295,"is_compressed":false,"opt":53,"rd":14,"rs1":14,"rs2":0,"tgt":2,"use_pc":false},"gpr_staged":[{"index":14,"next":27,"prev":28}],"instr":4294379283,"pc":{"pc":2147484148,"pc_next":2147484152}},{"csr_staged":[],"dec":{"has_imm":true,"imm":4294967292,"is_compressed":false,"opt":21,"rd":0,"rs1":14,"rs2":0,"tgt":3,"use_pc":false},"gpr_staged":[],"instr":4261879523,"pc":{"pc":2147484152,"pc_next":2147484148}},{"csr_staged":[],"dec":{"has_imm":true,"imm":4294967295,"is_compressed":false,"opt":53,"rd":14,"rs1":14,"rs2":0,"tgt":2,"use_pc":false},"gpr_staged":[{"index":14,"next":26,"prev":27}],"instr":4294379283,"pc":{"pc":2147484148,"pc_next":2147484152}},{"csr_staged":[],"dec":{"has_imm":true,"imm":4294967292,"is_compressed":false,"opt":21,"rd":0,"rs1":14,"rs2":0,"tgt":3,"use_pc":false},"gpr_staged":[],"instr":4261879523,"pc":{"pc":2147484152,"pc_next":2147484148}},{"csr_staged":[],"dec":{"has_imm":true,"imm":4294967295,"is_compressed":false,"opt":53,"rd":14,"rs1":14,"rs2":0,"tgt":2,"use_pc":false},"gpr_staged":[{"index":14,"next":25,"prev":26}],"instr":4294379283,"pc":{"pc":2147484148,"pc_next":2147484152}},{"csr_staged":[],"dec":{"has_imm":true,"imm":4294967292,"is_compressed":false,"opt":21,"rd":0,"rs1":14,"rs2":0,"tgt":3,"use_pc":false},"gpr_staged":[],"instr":4261879523,"pc":{"pc":2147484152,"pc_next":2147484148}},{"csr_staged":[],"dec":{"has_imm":true,"imm":4294967295,"is_compressed":false,"opt":53,"rd":14,"rs1":14,"rs2":0,"tgt":2,"use_pc":false},"gpr_staged":[{"index":14,"next":24,"prev":25}],"instr":4294379283,"pc":{"pc":2147484148,"pc_next":2147484152}},{"csr_staged":[],"dec":{"has_imm":true,"imm":4294967292,"is_compressed":false,"opt":21,"rd":0,"rs1":14,"rs2":0,"tgt":3,"use_pc":false},"gpr_staged":[],"instr":4261879523,"pc":{"pc":2147484152,"pc_next":2147484148}},{"csr_staged":[],"dec":{"has_imm":true,"imm":4294967295,"is_compressed":false,"opt":53,"rd":14,"rs1":14,"rs2":0,"tgt":2,"use_pc":false},"gpr_staged":[{"index":14,"next":23,"prev":24}],"instr":4294379283,"pc":{"pc":2147484148,"pc_next":2147484152}},{"csr_staged":[],"dec":{"has_imm":true,"imm":4294967292,"is_compressed":false,"opt":21,"rd":0,"rs1":14,"rs2":0,"tgt":3,"use_pc":false},"gpr_staged":[],"instr":4261879523,"pc":{"pc":2147484152,"pc_next":2147484148}},{"csr_staged":[],"dec":{"has_imm":true,"imm":4294967295,"is_compressed":false,"opt":53,"rd":14,"rs1":14,"rs2":0,"tgt":2,"use_pc":false},"gpr_staged":[{"index":14,"next":22,"prev":23}],"instr":4294379283,"pc":{"pc":2147484148,"pc_next":2147484152}},{"csr_staged":[],"dec":{"has_imm":true,"imm":4294967292,"is_compressed":false,"opt":21,"rd":0,"rs1":14,"rs2":0,"tgt":3,"use_pc":false},"gpr_staged":[],"instr":4261879523,"pc":{"pc":2147484152,"pc_next":2147484148}},{"csr_staged":[],"dec":{"has_imm":true,"imm":4294967295,"is_compressed":false,"opt":53,"rd":14,"rs1":14,"rs2":0,"tgt":2,"use_pc":false},"gpr_staged":[{"index":14,"next":21,"prev":22}],"instr":4294379283,"pc":{"pc":2147484148,"pc_next":2147484152}},{"csr_staged":[],"dec":{"has_imm":true,"imm":4294967292,"is_compressed":false,"opt":21,"rd":0,"rs1":14,"rs2":0,"tgt":3,"use_pc":false},"gpr_staged":[],"instr":4261879523,"pc":{"pc":2147484152,"pc_next":2147484148}},{"csr_staged":[],"dec":{"has_imm":true,"imm":4294967295,"is_compressed":false,"opt":53,"rd":14,"rs1":14,"rs2":0,"tgt":2,"use_pc":false},"gpr_staged":[{"index":14,"next":20,"prev":21}],"instr":4294379283,"pc":{"pc":2147484148,"pc_next":2147484152}},{"csr_staged":[],"dec":{"has_imm":true,"imm":4294967292,"is_compressed":false,"opt":21,"rd":0,"rs1":14,"rs2":0,"tgt":3,"use_pc":false},"gpr_staged":[],"instr":4261879523,"pc":{"pc":2147484152,"pc_next":2147484148}},{"csr_staged":[],"dec":{"has_imm":true,"imm":4294967295,"is_compressed":false,"opt":53,"rd":14,"rs1":14,"rs2":0,"tgt":2,"use_pc":false},"gpr_staged":[{"index":14,"next":19,"prev":20}],"instr":4294379283,"pc":{"pc":2147484148,"pc_next":2147484152}},{"csr_staged":[],"dec":{"has_imm":true,"imm":4294967292,"is_compressed":false,"opt":21,"rd":0,"rs1":14,"rs2":0,"tgt":3,"use_pc":false},"gpr_staged":[],"instr":4261879523,"pc":{"pc":2147484152,"pc_next":2147484148}},{"csr_staged":[],"dec":{"has_imm":true,"imm":4294967295,"is_compressed":false,"opt":53,"rd":14,"rs1":14,"rs2":0,"tgt":2,"use_pc":false},"gpr_staged":[{"index":14,"next":18,"prev":19}],"instr":4294379283,"pc":{"pc":2147484148,"pc_next":2147484152}},{"csr_staged":[],"dec":{"has_imm":true,"imm":4294967292,"is_compressed":false,"opt":21,"rd":0,"rs1":14,"rs2":0,"tgt":3,"use_pc":false},"gpr_staged":[],"instr":4261879523,"pc":{"pc":2147484152,"pc_next":2147484148}},{"csr_staged":[],"dec":{"has_imm":true,"imm":4294967295,"is_compressed":false,"opt":53,"rd":14,"rs1":14,"rs2":0,"tgt":2,"use_pc":false},"gpr_staged":[{"index":14,"next":17,"prev":18}],"instr":4294379283,"pc":{"pc":2147484148,"pc_next":2147484152}},{"csr_staged":[],"dec":{"has_imm":true,"imm":4294967292,"is_compressed":false,"opt":21,"rd":0,"rs1":14,"rs2":0,"tgt":3,"use_pc":false},"gpr_staged":[],"instr":4261879523,"pc":{"pc":2147484152,"pc_next":2147484148}},{"csr_staged":[],"dec":{"has_imm":true,"imm":4294967295,"is_compressed":false,"opt":53,"rd":14,"rs1":14,"rs2":0,"tgt":2,"use_pc":false},"gpr_staged":[{"index":14,"next":16,"prev":17}],"instr":4294379283,"pc":{"pc":2147484148,"pc_next":2147484152}},{"csr_staged":[],"dec":{"has_imm":true,"imm":4294967292,"is_compressed":false,"opt":21,"rd":0,"rs1":14,"rs2":0,"tgt":3,"use_pc":false},"gpr_staged":[],"instr":4261879523,"pc":{"pc":2147484152,"pc_next":2147484148}},{"csr_staged":[],"dec":{"has_imm":true,"imm":4294967295,"is_compressed":false,"opt":53,"rd":14,"rs1":14,"rs2":0,"tgt":2,"use_pc":false},"gpr_staged":[{"index":14,"next":15,"prev":16}],"instr":4294379283,"pc":{"pc":2147484148,"pc_next":2147484152}},{"csr_staged":[],"dec":{"has_imm":true,"imm":4294967292,"is_compressed":false,"opt":21,"rd":0,"rs1":14,"rs2":0,"tgt":3,"use_pc":false},"gpr_staged":[],"instr":4261879523,"pc":{"pc":2147484152,"pc_next":2147484148}},{"csr_staged":[],"dec":{"has_imm":true,"imm":4294967295,"is_compressed":false,"opt":53,"rd":14,"rs1":14,"rs2":0,"tgt":2,"use_pc":false},"gpr_staged":[{"index":14,"next":14,"prev":15}],"instr":4294379283,"pc":{"pc":2147484148,"pc_next":2147484152}},{"csr_staged":[],"dec":{"has_imm":true,"imm":4294967292,"is_compressed":false,"opt":21,"rd":0,"rs1":14,"rs2":0,"tgt":3,"use_pc":false},"gpr_staged":[],"instr":4261879523,"pc":{"pc":2147484152,"pc_next":2147484148}},{"csr_staged":[],"dec":{"has_imm":true,"imm":4294967295,"is_compressed":false,"opt":53,"rd":14,"rs1":14,"rs2":0,"tgt":2,"use_pc":false},"gpr_staged":[{"index":14,"next":13,"prev":14}],"instr":4294379283,"pc":{"pc":2147484148,"pc_next":2147484152}},{"csr_staged":[],"dec":{"has_imm":true,"imm":4294967292,"is_compressed":false,"opt":21,"rd":0,"rs1":14,"rs2":0,"tgt":3,"use_pc":false},"gpr_staged":[],"instr":4261879523,"pc":{"pc":2147484152,"pc_next":2147484148}},{"csr_staged":[],"dec":{"has_imm":true,"imm":4294967295,"is_compressed":false,"opt":53,"rd":14,"rs1":14,"rs2":0,"tgt":2,"use_pc":false},"gpr_staged":[{"index":14,"next":12,"prev":13}],"instr":4294379283,"pc":{"pc":2147484148,"pc_next":2147484152}},{"csr_staged":[],"dec":{"has_imm":true,"imm":4294967292,"is_compressed":false,"opt":21,"rd":0,"rs1":14,"rs2":0,"tgt":3,"use_pc":false},"gpr_staged":[],"instr":4261879523,"pc":{"pc":2147484152,"pc_next":2147484148}},{"csr_staged":[],"dec":{"has_imm":true,"imm":4294967295,"is_compressed":false,"opt":53,"rd":14,"rs1":14,"rs2":0,"tgt":2,"use_pc":false},"gpr_staged":[{"index":14,"next":11,"prev":12}],"instr":4294379283,"pc":{"pc":2147484148,"pc_next":2147484152}},{"csr_staged":[],"dec":{"has_imm":true,"imm":4294967292,"is_compressed":false,"opt":21,"rd":0,"rs1":14,"rs2":0,"tgt":3,"use_pc":false},"gpr_staged":[],"instr":4261879523,"pc":{"pc":2147484152,"pc_next":2147484148}},{"csr_staged":[],"dec":{"has_imm":true,"imm":4294967295,"is_compressed":false,"opt":53,"rd":14,"rs1":14,"rs2":0,"tgt":2,"use_pc":false},"gpr_staged":[{"index":14,"next":10,"prev":11}],"instr":4294379283,"pc":{"pc":2147484148,"pc_next":2147484152}},{"csr_staged":[],"dec":{"has_imm":true,"imm":4294967292,"is_compressed":false,"opt":21,"rd":0,"rs1":14,"rs2":0,"tgt":3,"use_pc":false},"gpr_staged":[],"instr":4261879523,"pc":{"pc":2147484152,"pc_next":2147484148}},{"csr_staged":[],"dec":{"has_imm":true,"imm":4294967295,"is_compressed":false,"opt":53,"rd":14,"rs1":14,"rs2":0,"tgt":2,"use_pc":false},"gpr_staged":[{"index":14,"next":9,"prev":10}],"instr":4294379283,"pc":{"pc":2147484148,"pc_next":2147484152}},{"csr_staged":[],"dec":{"has_imm":true,"imm":4294967292,"is_compressed":false,"opt":21,"rd":0,"rs1":14,"rs2":0,"tgt":3,"use_pc":false},"gpr_staged":[],"instr":4261879523,"pc":{"pc":2147484152,"pc_next":2147484148}},{"csr_staged":[],"dec":{"has_imm":true,"imm":4294967295,"is_compressed":false,"opt":53,"rd":14,"rs1":14,"rs2":0,"tgt":2,"use_pc":false},"gpr_staged":[{"index":14,"next":8,"prev":9}],"instr":4294379283,"pc":{"pc":2147484148,"pc_next":2147484152}},{"csr_staged":[],"dec":{"has_imm":true,"imm":4294967292,"is_compressed":false,"opt":21,"rd":0,"rs1":14,"rs2":0,"tgt":3,"use_pc":false},"gpr_staged":[],"instr":4261879523,"pc":{"pc":2147484152,"pc_next":2147484148}},{"csr_staged":[],"dec":{"has_imm":true,"imm":4294967295,"is_compressed":false,"opt":53,"rd":14,"rs1":14,"rs2":0,"tgt":2,"use_pc":false},"gpr_staged":[{"index":14,"next":7,"prev":8}],"instr":4294379283,"pc":{"pc":2147484148,"pc_next":2147484152}},{"csr_staged":[],"dec":{"has_imm":true,"imm":4294967292,"is_compressed":false,"opt":21,"rd":0,"rs1":14,"rs2":0,"tgt":3,"use_pc":false},"gpr_staged":[],"instr":4261879523,"pc":{"pc":2147484152,"pc_next":2147484148}},{"csr_staged":[],"dec":{"has_imm":true,"imm":4294967295,"is_compressed":false,"opt":53,"rd":14,"rs1":14,"rs2":0,"tgt":2,"use_pc":false},"gpr_staged":[{"index":14,"next":6,"prev":7}],"instr":4294379283,"pc":{"pc":2147484148,"pc_next":2147484152}},{"csr_staged":[],"dec":{"has_imm":true,"imm":4294967292,"is_compressed":false,"opt":21,"rd":0,"rs1":14,"rs2":0,"tgt":3,"use_pc":false},"gpr_staged":[],"instr":4261879523,"pc":{"pc":2147484152,"pc_next":2147484148}},{"csr_staged":[],"dec":{"has_imm":true,"imm":4294967295,"is_compressed":false,"opt":53,"rd":14,"rs1":14,"rs2":0,"tgt":2,"use_pc":false},"gpr_staged":[{"index":14,"next":5,"prev":6}],"instr":4294379283,"pc":{"pc":2147484148,"pc_next":2147484152}},{"csr_staged":[],"dec":{"has_imm":true,"imm":4294967292,"is_compressed":false,"opt":21,"rd":0,"rs1":14,"rs2":0,"tgt":3,"use_pc":false},"gpr_staged":[],"instr":4261879523,"pc":{"pc":2147484152,"pc_next":2147484148}},{"csr_staged":[],"dec":{"has_imm":true,"imm":4294967295,"is_compressed":false,"opt":53,"rd":14,"rs1":14,"rs2":0,"tgt":2,"use_pc":false},"gpr_staged":[{"index":14,"next":4,"prev":5}],"instr":4294379283,"pc":{"pc":2147484148,"pc_next":2147484152}},{"csr_staged":[],"dec":{"has_imm":true,"imm":4294967292,"is_compressed":false,"opt":21,"rd":0,"rs1":14,"rs2":0,"tgt":3,"use_pc":false},"gpr_staged":[],"instr":4261879523,"pc":{"pc":2147484152,"pc_next":2147484148}},{"csr_staged":[],"dec":{"has_imm":true,"imm":4294967295,"is_compressed":false,"opt":53,"rd":14,"rs1":14,"rs2":0,"tgt":2,"use_pc":false},"gpr_staged":[{"index":14,"next":3,"prev":4}],"instr":4294379283,"pc":{"pc":2147484148,"pc_next":2147484152}},{"csr_staged":[],"dec":{"has_imm":true,"imm":4294967292,"is_compressed":false,"opt":21,"rd":0,"rs1":14,"rs2":0,"tgt":3,"use_pc":false},"gpr_staged":[],"instr":4261879523,"pc":{"pc":2147484152,"pc_next":2147484148}},{"csr_staged":[],"dec":{"has_imm":true,"imm":4294967295,"is_compressed":false,"opt":53,"rd":14,"rs1":14,"rs2":0,"tgt":2,"use_pc":false},"gpr_staged":[{"index":14,"next":2,"prev":3}],"instr":4294379283,"pc":{"pc":2147484148,"pc_next":2147484152}},{"csr_staged":[],"dec":{"has_imm":true,"imm":4294967292,"is_compressed":false,"opt":21,"rd":0,"rs1":14,"rs2":0,"tgt":3,"use_pc":false},"gpr_staged":[],"instr":4261879523,"pc":{"pc":2147484152,"pc_next":2147484148}},{"csr_staged":[],"dec":{"has_imm":true,"imm":4294967295,"is_compressed":false,"opt":53,"rd":14,"rs1":14,"rs2":0,"tgt":2,"use_pc":false},"gpr_staged":[{"index":14,"next":1,"prev":2}],"instr":4294379283,"pc":{"pc":2147484148,"pc_next":2147484152}},{"csr_staged":[],"dec":{"has_imm":true,"imm":4294967292,"is_compressed":false,"opt":21,"rd":0,"rs1":14,"rs2":0,"tgt":3,"use_pc":false},"gpr_staged":[],"instr":4261879523,"pc":{"pc":2147484152,"pc_next":2147484148}},{"csr_staged":[],"dec":{"has_imm":true,"imm":4294967295,"is_compressed":false,"opt":53,"rd":14,"rs1":14,"rs2":0,"tgt":2,"use_pc":false},"gpr_staged":[{"index":14,"next":0,"prev":1}],"instr":4294379283,"pc":{"pc":2147484148,"pc_next":2147484152}},{"csr_staged":[],"dec":{"has_imm":true,"imm":4294967292,"is_compressed":false,"opt":21,"rd":0,"rs1":14,"rs2":0,"tgt":3,"use_pc":false},"gpr_staged":[],"instr":4261879523,"pc":{"pc":2147484152,"pc_next":2147484156}},{"csr_staged":[],"dec":{"has_imm":true,"imm":8192,"is_compressed":false,"opt":68,"rd":5,"rs1":0,"rs2":0,"tgt":2,"use_pc":true},"gpr_staged":[{"index":5,"next":2147492348,"prev":2147492296}],"instr":8855,"pc":{"pc":2147484156,"pc_next":2147484160}},{"csr_staged":[],"dec":{"has_imm":true,"imm":4294966800,"is_compressed":false,"opt":31,"rd":0,"rs1":5,"rs2":10,"tgt":1,"use_pc":false},"gpr_staged":[],"instr":3768752163,"pc":{"pc":2147484160,"pc_next":2147484164}},{"csr_staged":[],"dec":{"has_imm":true,"imm":8192,"is_compressed":false,"opt":68,"rd":5,"rs1":0,"rs2":0,"tgt":2,"use_pc":true},"gpr_staged":[{"index":5,"next":2147492356,"prev":2147492348}],"instr":8855,"pc":{"pc":2147484164,"pc_next":2147484168}},{"csr_staged":[],"dec":{"has_imm":true,"imm":4294966794,"is_compressed":false,"opt":31,"rd":0,"rs1":5,"rs2":11,"tgt":1,"use_pc":false},"gpr_staged":[],"instr":3769799971,"pc":{"pc":2147484168,"pc_next":2147484172}},{"csr_staged":[],"dec":{"has_imm":true,"imm":0,"is_compressed":false,"opt":53,"rd":0,"rs1":0,"rs2":0,"tgt":2,"use_pc":false},"gpr_staged":[{"index":0,"next":0,"prev":0}],"instr":4111,"pc":{"pc":2147484172,"pc_next":2147484176}},{"csr_staged":[],"dec":{"has_imm":true,"imm":0,"is_compressed":false,"opt":53,"rd":0,"rs1":0,"rs2":0,"tgt":2,"use_pc":false},"gpr_staged":[{"index":0,"next":0,"prev":0}],"instr":19,"pc":{"pc":2147484176,"pc_next":2147484180}},{"csr_staged":[],"dec":{"has_imm":true,"imm":0,"is_compressed":false,"opt":53,"rd":0,"rs1":0,"rs2":0,"tgt":2,"use_pc":false},"gpr_staged":[{"index":0,"next":0,"prev":0}],"instr":19,"pc":{"pc":2147484180,"pc_next":2147484184}},{"csr_staged":[],"dec":{"has_imm":true,"imm":0,"is_compressed":false,"opt":53,"rd":0,"rs1":0,"rs2":0,"tgt":2,"use_pc":false},"gpr_staged":[{"index":0,"next":0,"prev":0}],"instr":19,"pc":{"pc":2147484184,"pc_next":2147484188}},{"csr_staged":[],"dec":{"has_imm":true,"imm":0,"is_compressed":false,"opt":53,"rd":0,"rs1":0,"rs2":0,"tgt":2,"use_pc":false},"gpr_staged":[{"index":0,"next":0,"prev":0}],"instr":19,"pc":{"pc":2147484188,"pc_next":2147484192}},{"csr_staged":[],"dec":{"has_imm":true,"imm":0,"is_compressed":false,"opt":53,"rd":0,"rs1":0,"rs2":0,"tgt":2,"use_pc":false},"gpr_staged":[{"index":0,"next":0,"prev":0}],"instr":19,"pc":{"pc":2147484192,"pc_next":2147484196}},{"csr_staged":[],"dec":{"has_imm":true,"imm":0,"is_compressed":false,"opt":53,"rd":0,"rs1":0,"rs2":0,"tgt":2,"use_pc":false},"gpr_staged":[{"index":0,"next":0,"prev":0}],"instr":19,"pc":{"pc":2147484196,"pc_next":2147484200}},{"csr_staged":[],"dec":{"has_imm":true,"imm":0,"is_compressed":false,"opt":53,"rd":0,"rs1":0,"rs2":0,"tgt":2,"use_pc":false},"gpr_staged":[{"index":0,"next":0,"prev":0}],"instr":19,"pc":{"pc":2147484200,"pc_next":2147484204}},{"csr_staged":[],"dec":{"has_imm":true,"imm":0,"is_compressed":false,"opt":53,"rd":0,"rs1":0,"rs2":0,"tgt":2,"use_pc":false},"gpr_staged":[{"index":0,"next":0,"prev":0}],"instr":19,"pc":{"pc":2147484204,"pc_next":2147484208}},{"csr_staged":[],"dec":{"has_imm":true,"imm":0,"is_compressed":false,"opt":53,"rd":0,"rs1":0,"rs2":0,"tgt":2,"use_pc":false},"gpr_staged":[{"index":0,"next":0,"prev":0}],"instr":19,"pc":{"pc":2147484208,"pc_next":2147484212}},{"csr_staged":[],"dec":{"has_imm":true,"imm":0,"is_compressed":false,"opt":53,"rd":0,"rs1":0,"rs2":0,"tgt":2,"use_pc":false},"gpr_staged":[{"index":0,"next":0,"prev":0}],"instr":19,"pc":{"pc":2147484212,"pc_next":2147484216}},{"csr_staged":[],"dec":{"has_imm":true,"imm":0,"is_compressed":false,"opt":53,"rd":0,"rs1":0,"rs2":0,"tgt":2,"use_pc":false},"gpr_staged":[{"index":0,"next":0,"prev":0}],"instr":19,"pc":{"pc":2147484216,"pc_next":2147484220}},{"csr_staged":[],"dec":{"has_imm":true,"imm":0,"is_compressed":false,"opt":53,"rd":0,"rs1":0,"rs2":0,"tgt":2,"use_pc":false},"gpr_staged":[{"index":0,"next":0,"prev":0}],"instr":19,"pc":{"pc":2147484220,"pc_next":2147484224}},{"csr_staged":[],"dec":{"has_imm":true,"imm":8192,"is_compressed":false,"opt":68,"rd":15,"rs1":0,"rs2":0,"tgt":2,"use_pc":true},"gpr_staged":[{"index":15,"next":2147492416,"prev":2147491852}],"instr":10135,"pc":{"pc":2147484224,"pc_next":2147484228}},{"csr_staged":[],"dec":{"has_imm":true,"imm":4294966732,"is_compressed":false,"opt":53,"rd":15,"rs1":15,"rs2":0,"tgt":2,"use_pc":false},"gpr_staged":[{"index":15,"next":2147491852,"prev":2147492416}],"instr":3704063891,"pc":{"pc":2147484228,"pc_next":2147484232}},{"csr_staged":[],"dec":{"has_imm":true,"imm":0,"is_compressed":false,"opt":70,"rd":6,"rs1":15,"rs2":0,"tgt":2,"use_pc":false},"gpr_staged":[{"index":6,"next":2147484236,"prev":2147484128}],"instr":492391,"pc":{"pc":2147484232,"pc_next":2147491852}},{"csr_staged":[],"dec":{"has_imm":true,"imm":333,"is_compressed":false,"opt":53,"rd":13,"rs1":13,"rs2":0,"tgt":2,"use_pc":false},"gpr_staged":[{"index":13,"next":777,"prev":444}],"instr":349603475,"pc":{"pc":2147491852,"pc_next":2147491856}},{"csr_staged":[],"dec":{"has_imm":true,"imm":0,"is_compressed":false,"opt":70,"rd":15,"rs1":6,"rs2":0,"tgt":2,"use_pc":false},"gpr_staged":[{"index":15,"next":2147491860,"prev":2147491852}],"instr":198631,"pc":{"pc":2147491856,"pc_next":2147484236}},{"csr_staged":[],"dec":{"has_imm":true,"imm":3,"is_compressed":false,"opt":53,"rd":3,"rs1":0,"rs2":0,"tgt":2,"use_pc":false},"gpr_staged":[{"index":3,"next":3,"prev":2}],"instr":3146131,"pc":{"pc":2147484236,"pc_next":2147484240}},{"csr_staged":[],"dec":{"has_imm":true,"imm":0,"is_compressed":false,"opt":53,"rd":0,"rs1":0,"rs2":0,"tgt":2,"use_pc":false},"gpr_staged":[{"index":0,"next":0,"prev":0}],"instr":19,"pc":{"pc":2147484240,"pc_next":2147484244}},{"csr_staged":[],"dec":{"has_imm":true,"imm":777,"is_compressed":false,"opt":53,"rd":7,"rs1":0,"rs2":0,"tgt":2,"use_pc":false},"gpr_staged":[{"index":7,"next":777,"prev":444}],"instr":814744467,"pc":{"pc":2147484244,"pc_next":2147484248}},{"csr_staged":[],"dec":{"has_imm":true,"imm":8,"is_compressed":false,"opt":21,"rd":0,"rs1":13,"rs2":7,"tgt":3,"use_pc":false},"gpr_staged":[],"instr":7771235,"pc":{"pc":2147484248,"pc_next":2147484252}},{"csr_staged":[],"dec":{"has_imm":true,"imm":32,"is_compressed":false,"opt":21,"rd":0,"rs1":0,"rs2":3,"tgt":3,"use_pc":false},"gpr_staged":[],"instr":36704355,"pc":{"pc":2147484252,"pc_next":2147484284}},{"csr_staged":[],"dec":{"has_imm":true,"imm":0,"is_compressed":false,"opt":53,"rd":0,"rs1":0,"rs2":0,"tgt":2,"use_pc":false},"gpr_staged":[{"index":0,"next":0,"prev":0}],"instr":267386895,"pc":{"pc":2147484284,"pc_next":2147484288}},{"csr_staged":[],"dec":{"has_imm":true,"imm":1,"is_compressed":false,"opt":53,"rd":3,"rs1":0,"rs2":0,"tgt":2,"use_pc":false},"gpr_staged":[{"index":3,"next":1,"prev":3}],"instr":1048979,"pc":{"pc":2147484288,"pc_next":2147484292}},{"csr_staged":[],"dec":{"has_imm":true,"imm":93,"is_compressed":false,"opt":53,"rd":17,"rs1":0,"rs2":0,"tgt":2,"use_pc":false},"gpr_staged":[{"index":17,"next":93,"prev":0}],"instr":97519763,"pc":{"pc":2147484292,"pc_next":2147484296}},{"csr_staged":[],"dec":{"has_imm":true,"imm":0,"is_compressed":false,"opt":53,"rd":10,"rs1":0,"rs2":0,"tgt":2,"use_pc":false},"gpr_staged":[{"index":10,"next":0,"prev":4294936211}],"instr":1299,"pc":{"pc":2147484296,"pc_next":2147484300}},{"csr_staged":[{"index":66,"next":8,"prev":0},{"index":67,"next":0,"prev":0},{"index":65,"next":2147484300,"prev":0}],"dec":{"has_imm":false,"imm":0,"is_compressed":false,"opt":0,"rd":0,"rs1":0,"rs2":0,"tgt":8,"use_pc":false},"gpr_staged":[],"instr":115,"pc":{"pc":2147484300,"pc_next":0}}]