[{"csr_staged":[],"dec":{"has_imm":true,"imm":80,"is_compressed":false,"opt":69,"rd":0,"rs1":0,"rs2":0,"tgt":2,"use_pc":true},"gpr_staged":[{"index":0,"next":2147483652,"prev":0}],"instr":83886191,"pc":{"pc":2147483648,"pc_next":2147483728}},{"csr_staged":[],"dec":{"has_imm":true,"imm":0,"is_compressed":false,"opt":53,"rd":1,"rs1":0,"rs2":0,"tgt":2,"use_pc":false},"gpr_staged":[{"index":1,"next":0,"prev":0}],"instr":147,"pc":{"pc":2147483728,"pc_next":2147483732}},{"csr_staged":[],"dec":{"has_imm":true,"imm":0,"is_compressed":false,"opt":53,"rd":2,"rs1":0,"rs2":0,"tgt":2,"use_pc":false},"gpr_staged":[{"index":2,"next":0,"prev":0}],"instr":275,"pc":{"pc":2147483732,"pc_next":2147483736}},{"csr_staged":[],"dec":{"has_imm":true,"imm":0,"is_compressed":false,"opt":53,"rd":3,"rs1":0,"rs2":0,"tgt":2,"use_pc":false},"gpr_staged":[{"index":3,"next":0,"prev":0}],"instr":403,"pc":{"pc":2147483736,"pc_next":2147483740}},{"csr_staged":[],"dec":{"has_imm":true,"imm":0,"is_compressed":false,"opt":53,"rd":4,"rs1":0,"rs2":0,"tgt":2,"use_pc":false},"gpr_staged":[{"index":4,"next":0,"prev":0}],"instr":531,"pc":{"pc":2147483740,"pc_next":2147483744}},{"csr_staged":[],"dec":{"has_imm":true,"imm":0,"is_compressed":false,"opt":53,"rd":5,"rs1":0,"rs2":0,"tgt":2,"use_pc":false},"gpr_staged":[{"index":5,"next":0,"prev":0}],"instr":659,"pc":{"pc":2147483744,"pc_next":2147483748}},{"csr_staged":[],"dec":{"has_imm":true,"imm":0,"is_compressed":false,"opt":53,"rd":6,"rs1":0,"rs2":0,"tgt":2,"use_pc":false},"gpr_staged":[{"index":6,"next":0,"prev":0}],"instr":787,"pc":{"pc":2147483748,"pc_next":2147483752}},{"csr_staged":[],"dec":{"has_imm":true,"imm":0,"is_compressed":false,"opt":53,"rd":7,"rs1":0,"rs2":0,"tgt":2,"use_pc":false},"gpr_staged":[{"index":7,"next":0,"prev":0}],"instr":915,"pc":{"pc":2147483752,"pc_next":2147483756}},{"csr_staged":[],"dec":{"has_imm":true,"imm":0,"is_compressed":false,"opt":53,"rd":8,"rs1":0,"rs2":0,"tgt":2,"use_pc":false},"gpr_staged":[{"index":8,"next":0,"prev":0}],"instr":1043,"pc":{"pc":2147483756,"pc_next":2147483760}},{"csr_staged":[],"dec":{"has_imm":true,"imm":0,"is_compressed":false,"opt":53,"rd":9,"rs1":0,"rs2":0,"tgt":2,"use_pc":false},"gpr_staged":[{"index":9,"next":0,"prev":0}],"instr":1171,"pc":{"pc":2147483760,"pc_next":2147483764}},{"csr_staged":[],"dec":{"has_imm":true,"imm":0,"is_compressed":false,"opt":53,"rd":10,"rs1":0,"rs2":0,"tgt":2,"use_pc":false},"gpr_staged":[{"index":10,"next":0,"prev":0}],"instr":1299,"pc":{"pc":2147483764,"pc_next":2147483768}},{"csr_staged":[],"dec":{"has_imm":true,"imm":0,"is_compressed":false,"opt":53,"rd":11,"rs1":0,"rs2":0,"tgt":2,"use_pc":false},"gpr_staged":[{"index":11,"next":0,"prev":0}],"instr":1427,"pc":{"pc":2147483768,"pc_next":2147483772}},{"csr_staged":[],"dec":{"has_imm":true,"imm":0,"is_compressed":false,"opt":53,"rd":12,"rs1":0,"rs2":0,"tgt":2,"use_pc":false},"gpr_staged":[{"index":12,"next":0,"prev":0}],"instr":1555,"pc":{"pc":2147483772,"pc_next":2147483776}},{"csr_staged":[],"dec":{"has_imm":true,"imm":0,"is_compressed":false,"opt":53,"rd":13,"rs1":0,"rs2":0,"tgt":2,"use_pc":false},"gpr_staged":[{"index":13,"next":0,"prev":0}],"instr":1683,"pc":{"pc":2147483776,"pc_next":2147483780}},{"csr_staged":[],"dec":{"has_imm":true,"imm":0,"is_compressed":false,"opt":53,"rd":14,"rs1":0,"rs2":0,"tgt":2,"use_pc":false},"gpr_staged":[{"index":14,"next":0,"prev":0}],"instr":1811,"pc":{"pc":2147483780,"pc_next":2147483784}},{"csr_staged":[],"dec":{"has_imm":true,"imm":0,"is_compressed":false,"opt":53,"rd":15,"rs1":0,"rs2":0,"tgt":2,"use_pc":false},"gpr_staged":[{"index":15,"next":0,"prev":0}],"instr":1939,"pc":{"pc":2147483784,"pc_next":2147483788}},{"csr_staged":[],"dec":{"has_imm":true,"imm":0,"is_compressed":false,"opt":53,"rd":16,"rs1":0,"rs2":0,"tgt":2,"use_pc":false},"gpr_staged":[{"index":16,"next":0,"prev":0}],"instr":2067,"pc":{"pc":2147483788,"pc_next":2147483792}},{"csr_staged":[],"dec":{"has_imm":true,"imm":0,"is_compressed":false,"opt":53,"rd":17,"rs1":0,"rs2":0,"tgt":2,"use_pc":false},"gpr_staged":[{"index":17,"next":0,"prev":0}],"instr":2195,"pc":{"pc":2147483792,"pc_next":2147483796}},{"csr_staged":[],"dec":{"has_imm":true,"imm":0,"is_compressed":false,"opt":53,"rd":18,"rs1":0,"rs2":0,"tgt":2,"use_pc":false},"gpr_staged":[{"index":18,"next":0,"prev":0}],"instr":2323,"pc":{"pc":2147483796,"pc_next":2147483800}},{"csr_staged":[],"dec":{"has_imm":true,"imm":0,"is_compressed":false,"opt":53,"rd":19,"rs1":0,"rs2":0,"tgt":2,"use_pc":false},"gpr_staged":[{"index":19,"next":0,"prev":0}],"instr":2451,"pc":{"pc":2147483800,"pc_next":2147483804}},{"csr_staged":[],"dec":{"has_imm":true,"imm":0,"is_compressed":false,"opt":53,"rd":20,"rs1":0,"rs2":0,"tgt":2,"use_pc":false},"gpr_staged":[{"index":20,"next":0,"prev":0}],"instr":2579,"pc":{"pc":2147483804,"pc_next":2147483808}},{"csr_staged":[],"dec":{"has_imm":true,"imm":0,"is_compressed":false,"opt":53,"rd":21,"rs1":0,"rs2":0,"tgt":2,"use_pc":false},"gpr_staged":[{"index":21,"next":0,"prev":0}],"instr":2707,"pc":{"pc":2147483808,"pc_next":2147483812}},{"csr_staged":[],"dec":{"has_imm":true,"imm":0,"is_compressed":false,"opt":53,"rd":22,"rs1":0,"rs2":0,"tgt":2,"use_pc":false},"gpr_staged":[{"index":22,"next":0,"prev":0}],"instr":2835,"pc":{"pc":2147483812,"pc_next":2147483816}},{"csr_staged":[],"dec":{"has_imm":true,"imm":0,"is_compressed":false,"opt":53,"rd":23,"rs1":0,"rs2":0,"tgt":2,"use_pc":false},"gpr_staged":[{"index":23,"next":0,"prev":0}],"instr":2963,"pc":{"pc":2147483816,"pc_next":2147483820}},{"csr_staged":[],"dec":{"has_imm":true,"imm":0,"is_compressed":false,"opt":53,"rd":24,"rs1":0,"rs2":0,"tgt":2,"use_pc":false},"gpr_staged":[{"index":24,"next":0,"prev":0}],"instr":3091,"pc":{"pc":2147483820,"pc_next":2147483824}},{"csr_staged":[],"dec":{"has_imm":true,"imm":0,"is_compressed":false,"opt":53,"rd":25,"rs1":0,"rs2":0,"tgt":2,"use_pc":false},"gpr_staged":[{"index":25,"next":0,"prev":0}],"instr":3219,"pc":{"pc":2147483824,"pc_next":2147483828}},{"csr_staged":[],"dec":{"has_imm":true,"imm":0,"is_compressed":false,"opt":53,"rd":26,"rs1":0,"rs2":0,"tgt":2,"use_pc":false},"gpr_staged":[{"index":26,"next":0,"prev":0}],"instr":3347,"pc":{"pc":2147483828,"pc_next":2147483832}},{"csr_staged":[],"dec":{"has_imm":true,"imm":0,"is_compressed":false,"opt":53,"rd":27,"rs1":0,"rs2":0,"tgt":2,"use_pc":false},"gpr_staged":[{"index":27,"next":0,"prev":0}],"instr":3475,"pc":{"pc":2147483832,"pc_next":2147483836}},{"csr_staged":[],"dec":{"has_imm":true,"imm":0,"is_compressed":false,"opt":53,"rd":28,"rs1":0,"rs2":0,"tgt":2,"use_pc":false},"gpr_staged":[{"index":28,"next":0,"prev":0}],"instr":3603,"pc":{"pc":2147483836,"pc_next":2147483840}},{"csr_staged":[],"dec":{"has_imm":true,"imm":0,"is_compressed":false,"opt":53,"rd":29,"rs1":0,"rs2":0,"tgt":2,"use_pc":false},"gpr_staged":[{"index":29,"next":0,"prev":0}],"instr":3731,"pc":{"pc":2147483840,"pc_next":2147483844}},{"csr_staged":[],"dec":{"has_imm":true,"imm":0,"is_compressed":false,"opt":53,"rd":30,"rs1":0,"rs2":0,"tgt":2,"use_pc":false},"gpr_staged":[{"index":30,"next":0,"prev":0}],"instr":3859,"pc":{"pc":2147483844,"pc_next":2147483848}},{"csr_staged":[],"dec":{"has_imm":true,"imm":0,"is_compressed":false,"opt":53,"rd":31,"rs1":0,"rs2":0,"tgt":2,"use_pc":false},"gpr_staged":[{"index":31,"next":0,"prev":0}],"instr":3987,"pc":{"pc":2147483848,"pc_next":2147483852}},{"csr_staged":[],"dec":{"has_imm":true,"imm":3860,"is_compressed":false,"opt":3,"rd":10,"rs1":0,"rs2":0,"tgt":4,"use_pc":false},"gpr_staged":[{"index":10,"next":0,"prev":0}],"instr":4047512947,"pc":{"pc":2147483852,"pc_next":2147483856}},{"csr_staged":[],"dec":{"has_imm":true,"imm":0,"is_compressed":false,"opt":21,"rd":0,"rs1":10,"rs2":0,"tgt":3,"use_pc":false},"gpr_staged":[],"instr":331875,"pc":{"pc":2147483856,"pc_next":2147483860}},{"csr_staged":[],"dec":{"has_imm":true,"imm":0,"is_compressed":false,"opt":68,"rd":5,"rs1":0,"rs2":0,"tgt":2,"use_pc":true},"gpr_staged":[{"index":5,"next":2147483860,"prev":0}],"instr":663,"pc":{"pc":2147483860,"pc_next":2147483864}},{"csr_staged":[],"dec":{"has_imm":true,"imm":16,"is_compressed":false,"opt":53,"rd":5,"rs1":5,"rs2":0,"tgt":2,"use_pc":false},"gpr_staged":[{"index":5,"next":2147483876,"prev":2147483860}],"instr":16941715,"pc":{"pc":2147483864,"pc_next":2147483868}},{"csr_staged":[{"index":773,"next":2147483876,"prev":0}],"dec":{"has_imm":true,"imm":773,"is_compressed":false,"opt":2,"rd":0,"rs1":5,"rs2":0,"tgt":4,"use_pc":false},"gpr_staged":[{"index":0,"next":0,"prev":0}],"instr":810717299,"pc":{"pc":2147483868,"pc_next":2147483872}},{"csr_staged":[{"index":1860,"next":8,"prev":0}],"dec":{"has_imm":true,"imm":1860,"is_compressed":false,"opt":6,"rd":0,"rs1":8,"rs2":0,"tgt":4,"use_pc":false},"gpr_staged":[{"index":0,"next":0,"prev":0}],"instr":1950634099,"pc":{"pc":2147483872,"pc_next":2147483876}},{"csr_staged":[],"dec":{"has_imm":true,"imm":0,"is_compressed":false,"opt":68,"rd":5,"rs1":0,"rs2":0,"tgt":2,"use_pc":true},"gpr_staged":[{"index":5,"next":2147483876,"prev":2147483876}],"instr":663,"pc":{"pc":2147483876,"pc_next":2147483880}},{"csr_staged":[],"dec":{"has_imm":true,"imm":16,"is_compressed":false,"opt":53,"rd":5,"rs1":5,"rs2":0,"tgt":2,"use_pc":false},"gpr_staged":[{"index":5,"next":2147483892,"prev":2147483876}],"instr":16941715,"pc":{"pc":2147483880,"pc_next":2147483884}},{"csr_staged":[{"index":773,"next":2147483892,"prev":2147483876}],"dec":{"has_imm":true,"imm":773,"is_compressed":false,"opt":2,"rd":0,"rs1":5,"rs2":0,"tgt":4,"use_pc":false},"gpr_staged":[{"index":0,"next":2147483876,"prev":0}],"instr":810717299,"pc":{"pc":2147483884,"pc_next":2147483888}},{"csr_staged":[{"index":384,"next":0,"prev":0}],"dec":{"has_imm":true,"imm":384,"is_compressed":false,"opt":6,"rd":0,"rs1":0,"rs2":0,"tgt":4,"use_pc":false},"gpr_staged":[{"index":0,"next":0,"prev":0}],"instr":402673779,"pc":{"pc":2147483888,"pc_next":2147483892}},{"csr_staged":[],"dec":{"has_imm":true,"imm":0,"is_compressed":false,"opt":68,"rd":5,"rs1":0,"rs2":0,"tgt":2,"use_pc":true},"gpr_staged":[{"index":5,"next":2147483892,"prev":2147483892}],"instr":663,"pc":{"pc":2147483892,"pc_next":2147483896}},{"csr_staged":[],"dec":{"has_imm":true,"imm":32,"is_compressed":false,"opt":53,"rd":5,"rs1":5,"rs2":0,"tgt":2,"use_pc":false},"gpr_staged":[{"index":5,"next":2147483924,"prev":2147483892}],"instr":33718931,"pc":{"pc":2147483896,"pc_next":2147483900}},{"csr_staged":[{"index":773,"next":2147483924,"prev":2147483892}],"dec":{"has_imm":true,"imm":773,"is_compressed":false,"opt":2,"rd":0,"rs1":5,"rs2":0,"tgt":4,"use_pc":false},"gpr_staged":[{"index":0,"next":2147483892,"prev":0}],"instr":810717299,"pc":{"pc":2147483900,"pc_next":2147483904}},{"csr_staged":[],"dec":{"has_imm":true,"imm":2147483648,"is_compressed":false,"opt":53,"rd":5,"rs1":0,"rs2":0,"tgt":2,"use_pc":false},"gpr_staged":[{"index":5,"next":2147483648,"prev":2147483924}],"instr":2147484343,"pc":{"pc":2147483904,"pc_next":2147483908}},{"csr_staged":[],"dec":{"has_imm":true,"imm":4294967295,"is_compressed":false,"opt":53,"rd":5,"rs1":5,"rs2":0,"tgt":2,"use_pc":false},"gpr_staged":[{"index":5,"next":2147483647,"prev":2147483648}],"instr":4294083219,"pc":{"pc":2147483908,"pc_next":2147483912}},{"csr_staged":[{"index":944,"next":2147483647,"prev":0}],"dec":{"has_imm":true,"imm":944,"is_compressed":false,"opt":2,"rd":0,"rs1":5,"rs2":0,"tgt":4,"use_pc":false},"gpr_staged":[{"index":0,"next":0,"prev":0}],"instr":990023795,"pc":{"pc":2147483912,"pc_next":2147483916}},{"csr_staged":[],"dec":{"has_imm":true,"imm":31,"is_compressed":false,"opt":53,"rd":5,"rs1":0,"rs2":0,"tgt":2,"use_pc":false},"gpr_staged":[{"index":5,"next":31,"prev":2147483647}],"instr":32506515,"pc":{"pc":2147483916,"pc_next":2147483920}},{"csr_staged":[{"index":928,"next":31,"prev":0}],"dec":{"has_imm":true,"imm":928,"is_compressed":false,"opt":2,"rd":0,"rs1":5,"rs2":0,"tgt":4,"use_pc":false},"gpr_staged":[{"index":0,"next":0,"prev":0}],"instr":973246579,"pc":{"pc":2147483920,"pc_next":2147483924}},{"csr_staged":[{"index":772,"next":0,"prev":0}],"dec":{"has_imm":true,"imm":772,"is_compressed":false,"opt":6,"rd":0,"rs1":0,"rs2":0,"tgt":4,"use_pc":false},"gpr_staged":[{"index":0,"next":0,"prev":0}],"instr":809521267,"pc":{"pc":2147483924,"pc_next":2147483928}},{"csr_staged":[],"dec":{"has_imm":true,"imm":0,"is_compressed":false,"opt":68,"rd":5,"rs1":0,"rs2":0,"tgt":2,"use_pc":true},"gpr_staged":[{"index":5,"next":2147483928,"prev":31}],"instr":663,"pc":{"pc":2147483928,"pc_next":2147483932}},{"csr_staged":[],"dec":{"has_imm":true,"imm":20,"is_compressed":false,"opt":53,"rd":5,"rs1":5,"rs2":0,"tgt":2,"use_pc":false},"gpr_staged":[{"index":5,"next":2147483948,"prev":2147483928}],"instr":21136019,"pc":{"pc":2147483932,"pc_next":2147483936}},{"csr_staged":[{"index":773,"next":2147483948,"prev":2147483924}],"dec":{"has_imm":true,"imm":773,"is_compressed":false,"opt":2,"rd":0,"rs1":5,"rs2":0,"tgt":4,"use_pc":false},"gpr_staged":[{"index":0,"next":2147483924,"prev":0}],"instr":810717299,"pc":{"pc":2147483936,"pc_next":2147483940}},{"csr_staged":[{"index":770,"next":0,"prev":0}],"dec":{"has_imm":true,"imm":770,"is_compressed":false,"opt":6,"rd":0,"rs1":0,"rs2":0,"tgt":4,"use_pc":false},"gpr_staged":[{"index":0,"next":0,"prev":0}],"instr":807424115,"pc":{"pc":2147483940,"pc_next":2147483944}},{"csr_staged":[{"index":771,"next":0,"prev":0}],"dec":{"has_imm":true,"imm":771,"is_compressed":false,"opt":6,"rd":0,"rs1":0,"rs2":0,"tgt":4,"use_pc":false},"gpr_staged":[{"index":0,"next":0,"prev":0}],"instr":808472691,"pc":{"pc":2147483944,"pc_next":2147483948}},{"csr_staged":[],"dec":{"has_imm":true,"imm":0,"is_compressed":false,"opt":53,"rd":3,"rs1":0,"rs2":0,"tgt":2,"use_pc":false},"gpr_staged":[{"index":3,"next":0,"prev":0}],"instr":403,"pc":{"pc":2147483948,"pc_next":2147483952}},{"csr_staged":[],"dec":{"has_imm":true,"imm":0,"is_compressed":false,"opt":68,"rd":5,"rs1":0,"rs2":0,"tgt":2,"use_pc":true},"gpr_staged":[{"index":5,"next":2147483952,"prev":2147483948}],"instr":663,"pc":{"pc":2147483952,"pc_next":2147483956}},{"csr_staged":[],"dec":{"has_imm":true,"imm":4294966996,"is_compressed":false,"opt":53,"rd":5,"rs1":5,"rs2":0,"tgt":2,"use_pc":false},"gpr_staged":[{"index":5,"next":2147483652,"prev":2147483952}],"instr":3980558995,"pc":{"pc":2147483956,"pc_next":2147483960}},{"csr_staged":[{"index":773,"next":2147483652,"prev":2147483948}],"dec":{"has_imm":true,"imm":773,"is_compressed":false,"opt":2,"rd":0,"rs1":5,"rs2":0,"tgt":4,"use_pc":false},"gpr_staged":[{"index":0,"next":2147483948,"prev":0}],"instr":810717299,"pc":{"pc":2147483960,"pc_next":2147483964}},{"csr_staged":[],"dec":{"has_imm":true,"imm":1,"is_compressed":false,"opt":53,"rd":10,"rs1":0,"rs2":0,"tgt":2,"use_pc":false},"gpr_staged":[{"index":10,"next":1,"prev":0}],"instr":1049875,"pc":{"pc":2147483964,"pc_next":2147483968}},{"csr_staged":[],"dec":{"has_imm":true,"imm":31,"is_compressed":false,"opt":55,"rd":10,"rs1":10,"rs2":0,"tgt":2,"use_pc":false},"gpr_staged":[{"index":10,"next":2147483648,"prev":1}],"instr":32838931,"pc":{"pc":2147483968,"pc_next":2147483972}},{"csr_staged":[],"dec":{"has_imm":true,"imm":24,"is_compressed":false,"opt":24,"rd":0,"rs1":10,"rs2":0,"tgt":3,"use_pc":false},"gpr_staged":[],"instr":347235,"pc":{"pc":2147483972,"pc_next":2147483996}},{"csr_staged":[],"dec":{"has_imm":true,"imm":0,"is_compressed":false,"opt":53,"rd":5,"rs1":0,"rs2":0,"tgt":2,"use_pc":false},"gpr_staged":[{"index":5,"next":0,"prev":2147483652}],"instr":659,"pc":{"pc":2147483996,"pc_next":2147484000}},{"csr_staged":[],"dec":{"has_imm":true,"imm":20,"is_compressed":false,"opt":20,"rd":0,"rs1":5,"rs2":0,"tgt":3,"use_pc":false},"gpr_staged":[],"instr":166499,"pc":{"pc":2147484000,"pc_next":2147484020}},{"csr_staged":[{"index":768,"next":0,"prev":0}],"dec":{"has_imm":true,"imm":768,"is_compressed":false,"opt":6,"rd":0,"rs1":0,"rs2":0,"tgt":4,"use_pc":false},"gpr_staged":[{"index":0,"next":0,"prev":0}],"instr":805326963,"pc":{"pc":2147484020,"pc_next":2147484024}},{"csr_staged":[],"dec":{"has_imm":true,"imm":0,"is_compressed":false,"opt":68,"rd":5,"rs1":0,"rs2":0,"tgt":2,"use_pc":true},"gpr_staged":[{"index":5,"next":2147484024,"prev":0}],"instr":663,"pc":{"pc":2147484024,"pc_next":2147484028}},{"csr_staged":[],"dec":{"has_imm":true,"imm":20,"is_compressed":false,"opt":53,"rd":5,"rs1":5,"rs2":0,"tgt":2,"use_pc":false},"gpr_staged":[{"index":5,"next":2147484044,"prev":2147484024}],"instr":21136019,"pc":{"pc":2147484028,"pc_next":2147484032}},{"csr_staged":[{"index":833,"next":2147484044,"prev":0}],"dec":{"has_imm":true,"imm":833,"is_compressed":false,"opt":2,"rd":0,"rs1":5,"rs2":0,"tgt":4,"use_pc":false},"gpr_staged":[{"index":0,"next":0,"prev":0}],"instr":873631859,"pc":{"pc":2147484032,"pc_next":2147484036}},{"csr_staged":[],"dec":{"has_imm":true,"imm":3860,"is_compressed":false,"opt":3,"rd":10,"rs1":0,"rs2":0,"tgt":4,"use_pc":false},"gpr_staged":[{"index":10,"next":0,"prev":2147483648}],"instr":4047512947,"pc":{"pc":2147484036,"pc_next":2147484040}},{"csr_staged":[{"index":768,"next":6272,"prev":0}],"dec":{"has_imm":false,"imm":0,"is_compressed":false,"opt":0,"rd":0,"rs1":0,"rs2":0,"tgt":5,"use_pc":false},"gpr_staged":[],"instr":807403635,"pc":{"pc":2147484040,"pc_next":2147484044}},{"csr_staged":[],"dec":{"has_imm":true,"imm":2,"is_compressed":false,"opt":53,"rd":3,"rs1":0,"rs2":0,"tgt":2,"use_pc":false},"gpr_staged":[{"index":3,"next":2,"prev":0}],"instr":2097555,"pc":{"pc":2147484044,"pc_next":2147484048}},{"csr_staged":[],"dec":{"has_imm":true,"imm":8192,"is_compressed":false,"opt":68,"rd":10,"rs1":0,"rs2":0,"tgt":2,"use_pc":true},"gpr_staged":[{"index":10,"next":2147492240,"prev":0}],"instr":9495,"pc":{"pc":2147484048,"pc_next":2147484052}},{"csr_staged":[],"dec":{"has_imm":true,"imm":1820,"is_compressed":false,"opt":53,"rd":10,"rs1":10,"rs2":0,"tgt":2,"use_pc":false},"gpr_staged":[{"index":10,"next":2147494060,"prev":2147492240}],"instr":1908737299,"pc":{"pc":2147484052,"pc_next":2147484056}},{"csr_staged":[],"dec":{"has_imm":true,"imm":4,"is_compressed":false,"opt":69,"rd":11,"rs1":0,"rs2":0,"tgt":2,"use_pc":true},"gpr_staged":[{"index":11,"next":2147484060,"prev":0}],"instr":4195823,"pc":{"pc":2147484056,"pc_next":2147484060}},{"csr_staged":[],"dec":{"has_imm":false,"imm":0,"is_compressed":false,"opt":54,"rd":10,"rs1":10,"rs2":11,"tgt":2,"use_pc":false},"gpr_staged":[{"index":10,"next":10000,"prev":2147494060}],"instr":1085605171,"pc":{"pc":2147484060,"pc_next":2147484064}},{"csr_staged":[],"dec":{"has_imm":true,"imm":8192,"is_compressed":false,"opt":53,"rd":7,"rs1":0,"rs2":0,"tgt":2,"use_pc":false},"gpr_staged":[{"index":7,"next":8192,"prev":0}],"instr":9143,"pc":{"pc":2147484064,"pc_next":2147484068}},{"csr_staged":[],"dec":{"has_imm":true,"imm":1808,"is_compressed":false,"opt":53,"rd":7,"rs1":7,"rs2":0,"tgt":2,"use_pc":false},"gpr_staged":[{"index":7,"next":10000,"prev":8192}],"instr":1896055699,"pc":{"pc":2147484068,"pc_next":2147484072}},{"csr_staged":[],"dec":{"has_imm":true,"imm":40,"is_compressed":false,"opt":21,"rd":0,"rs1":10,"rs2":7,"tgt":3,"use_pc":false},"gpr_staged":[],"instr":41227363,"pc":{"pc":2147484072,"pc_next":2147484076}},{"csr_staged":[],"dec":{"has_imm":true,"imm":3,"is_compressed":false,"opt":53,"rd":3,"rs1":0,"rs2":0,"tgt":2,"use_pc":false},"gpr_staged":[{"index":3,"next":3,"prev":2}],"instr":3146131,"pc":{"pc":2147484076,"pc_next":2147484080}},{"csr_staged":[],"dec":{"has_imm":true,"imm":4294959104,"is_compressed":false,"opt":68,"rd":10,"rs1":0,"rs2":0,"tgt":2,"use_pc":true},"gpr_staged":[{"index":10,"next":2147475888,"prev":10000}],"instr":4294960407,"pc":{"pc":2147484080,"pc_next":2147484084}},{"csr_staged":[],"dec":{"has_imm":true,"imm":4294965500,"is_compressed":false,"opt":53,"rd":10,"rs1":10,"rs2":0,"tgt":2,"use_pc":false},"gpr_staged":[{"index":10,"next":2147474092,"prev":2147475888}],"instr":2412053779,"pc":{"pc":2147484084,"pc_next":2147484088}},{"csr_staged":[],"dec":{"has_imm":true,"imm":4,"is_compressed":false,"opt":69,"rd":11,"rs1":0,"rs2":0,"tgt":2,"use_pc":true},"gpr_staged":[{"index":11,"next":2147484092,"prev":2147484060}],"instr":4195823,"pc":{"pc":2147484088,"pc_next":2147484092}},{"csr_staged":[],"dec":{"has_imm":false,"imm":0,"is_compressed":false,"opt":54,"rd":10,"rs1":10,"rs2":11,"tgt":2,"use_pc":false},"gpr_staged":[{"index":10,"next":4294957296,"prev":2147474092}],"instr":1085605171,"pc":{"pc":2147484092,"pc_next":2147484096}},{"csr_staged":[],"dec":{"has_imm":true,"imm":4294959104,"is_compressed":false,"opt":53,"rd":7,"rs1":0,"rs2":0,"tgt":2,"use_pc":false},"gpr_staged":[{"index":7,"next":4294959104,"prev":10000}],"instr":4294960055,"pc":{"pc":2147484096,"pc_next":2147484100}},{"csr_staged":[],"dec":{"has_imm":true,"imm":4294965488,"is_compressed":false,"opt":53,"rd":7,"rs1":7,"rs2":0,"tgt":2,"use_pc":false},"gpr_staged":[{"index":7,"next":4294957296,"prev":4294959104}],"instr":2399372179,"pc":{"pc":2147484100,"pc_next":2147484104}},{"csr_staged":[],"dec":{"has_imm":true,"imm":8,"is_compressed":false,"opt":21,"rd":0,"rs1":10,"rs2":7,"tgt":3,"use_pc":false},"gpr_staged":[],"instr":7672931,"pc":{"pc":2147484104,"pc_next":2147484108}},{"csr_staged":[],"dec":{"has_imm":true,"imm":32,"is_compressed":false,"opt":21,"rd":0,"rs1":0,"rs2":3,"tgt":3,"use_pc":false},"gpr_staged":[],"instr":36704355,"pc":{"pc":2147484108,"pc_next":2147484140}},{"csr_staged":[],"dec":{"has_imm":true,"imm":0,"is_compressed":false,"opt":53,"rd":0,"rs1":0,"rs2":0,"tgt":2,"use_pc":false},"gpr_staged":[{"index":0,"next":0,"prev":0}],"instr":267386895,"pc":{"pc":2147484140,"pc_next":2147484144}},{"csr_staged":[],"dec":{"has_imm":true,"imm":1,"is_compressed":false,"opt":53,"rd":3,"rs1":0,"rs2":0,"tgt":2,"use_pc":false},"gpr_staged":[{"index":3,"next":1,"prev":3}],"instr":1048979,"pc":{"pc":2147484144,"pc_next":2147484148}},{"csr_staged":[],"dec":{"has_imm":true,"imm":93,"is_compressed":false,"opt":53,"rd":17,"rs1":0,"rs2":0,"tgt":2,"use_pc":false},"gpr_staged":[{"index":17,"next":93,"prev":0}],"instr":97519763,"pc":{"pc":2147484148,"pc_next":2147484152}},{"csr_staged":[],"dec":{"has_imm":true,"imm":0,"is_compressed":false,"opt":53,"rd":10,"rs1":0,"rs2":0,"tgt":2,"use_pc":false},"gpr_staged":[{"index":10,"next":0,"prev":4294957296}],"instr":1299,"pc":{"pc":2147484152,"pc_next":2147484156}},{"csr_staged":[{"index":66,"next":8,"prev":0},{"index":67,"next":0,"prev":0},{"index":65,"next":2147484156,"prev":0}],"dec":{"has_imm":false,"imm":0,"is_compressed":false,"opt":0,"rd":0,"rs1":0,"rs2":0,"tgt":8,"use_pc":false},"gpr_staged":[],"instr":115,"pc":{"pc":2147484156,"pc_next":0}}]