[{"csr_staged":[],"dec":{"has_imm":true,"imm":80,"is_compressed":false,"opt":69,"rd":0,"rs1":0,"rs2":0,"tgt":2,"use_pc":true},"gpr_staged":[{"index":0,"next":2147483652,"prev":0}],"instr":83886191,"pc":{"pc":2147483648,"pc_next":2147483728}},{"csr_staged":[],"dec":{"has_imm":true,"imm":0,"is_compressed":false,"opt":53,"rd":1,"rs1":0,"rs2":0,"tgt":2,"use_pc":false},"gpr_staged":[{"index":1,"next":0,"prev":0}],"instr":147,"pc":{"pc":2147483728,"pc_next":2147483732}},{"csr_staged":[],"dec":{"has_imm":true,"imm":0,"is_compressed":false,"opt":53,"rd":2,"rs1":0,"rs2":0,"tgt":2,"use_pc":false},"gpr_staged":[{"index":2,"next":0,"prev":0}],"instr":275,"pc":{"pc":2147483732,"pc_next":2147483736}},{"csr_staged":[],"dec":{"has_imm":true,"imm":0,"is_compressed":false,"opt":53,"rd":3,"rs1":0,"rs2":0,"tgt":2,"use_pc":false},"gpr_staged":[{"index":3,"next":0,"prev":0}],"instr":403,"pc":{"pc":2147483736,"pc_next":2147483740}},{"csr_staged":[],"dec":{"has_imm":true,"imm":0,"is_compressed":false,"opt":53,"rd":4,"rs1":0,"rs2":0,"tgt":2,"use_pc":false},"gpr_staged":[{"index":4,"next":0,"prev":0}],"instr":531,"pc":{"pc":2147483740,"pc_next":2147483744}},{"csr_staged":[],"dec":{"has_imm":true,"imm":0,"is_compressed":false,"opt":53,"rd":5,"rs1":0,"rs2":0,"tgt":2,"use_pc":false},"gpr_staged":[{"index":5,"next":0,"prev":0}],"instr":659,"pc":{"pc":2147483744,"pc_next":2147483748}},{"csr_staged":[],"dec":{"has_imm":true,"imm":0,"is_compressed":false,"opt":53,"rd":6,"rs1":0,"rs2":0,"tgt":2,"use_pc":false},"gpr_staged":[{"index":6,"next":0,"prev":0}],"instr":787,"pc":{"pc":2147483748,"pc_next":2147483752}},{"csr_staged":[],"dec":{"has_imm":true,"imm":0,"is_compressed":false,"opt":53,"rd":7,"rs1":0,"rs2":0,"tgt":2,"use_pc":false},"gpr_staged":[{"index":7,"next":0,"prev":0}],"instr":915,"pc":{"pc":2147483752,"pc_next":2147483756}},{"csr_staged":[],"dec":{"has_imm":true,"imm":0,"is_compressed":false,"opt":53,"rd":8,"rs1":0,"rs2":0,"tgt":2,"use_pc":false},"gpr_staged":[{"index":8,"next":0,"prev":0}],"instr":1043,"pc":{"pc":2147483756,"pc_next":2147483760}},{"csr_staged":[],"dec":{"has_imm":true,"imm":0,"is_compressed":false,"opt":53,"rd":9,"rs1":0,"rs2":0,"tgt":2,"use_pc":false},"gpr_staged":[{"index":9,"next":0,"prev":0}],"instr":1171,"pc":{"pc":2147483760,"pc_next":2147483764}},{"csr_staged":[],"dec":{"has_imm":true,"imm":0,"is_compressed":false,"opt":53,"rd":10,"rs1":0,"rs2":0,"tgt":2,"use_pc":false},"gpr_staged":[{"index":10,"next":0,"prev":0}],"instr":1299,"pc":{"pc":2147483764,"pc_next":2147483768}},{"csr_staged":[],"dec":{"has_imm":true,"imm":0,"is_compressed":false,"opt":53,"rd":11,"rs1":0,"rs2":0,"tgt":2,"use_pc":false},"gpr_staged":[{"index":11,"next":0,"prev":0}],"instr":1427,"pc":{"pc":2147483768,"pc_next":2147483772}},{"csr_staged":[],"dec":{"has_imm":true,"imm":0,"is_compressed":false,"opt":53,"rd":12,"rs1":0,"rs2":0,"tgt":2,"use_pc":false},"gpr_staged":[{"index":12,"next":0,"prev":0}],"instr":1555,"pc":{"pc":2147483772,"pc_next":2147483776}},{"csr_staged":[],"dec":{"has_imm":true,"imm":0,"is_compressed":false,"opt":53,"rd":13,"rs1":0,"rs2":0,"tgt":2,"use_pc":false},"gpr_staged":[{"index":13,"next":0,"prev":0}],"instr":1683,"pc":{"pc":2147483776,"pc_next":2147483780}},{"csr_staged":[],"dec":{"has_imm":true,"imm":0,"is_compressed":false,"opt":53,"rd":14,"rs1":0,"rs2":0,"tgt":2,"use_pc":false},"gpr_staged":[{"index":14,"next":0,"prev":0}],"instr":1811,"pc":{"pc":2147483780,"pc_next":2147483784}},{"csr_staged":[],"dec":{"has_imm":true,"imm":0,"is_compressed":false,"opt":53,"rd":15,"rs1":0,"rs2":0,"tgt":2,"use_pc":false},"gpr_staged":[{"index":15,"next":0,"prev":0}],"instr":1939,"pc":{"pc":2147483784,"pc_next":2147483788}},{"csr_staged":[],"dec":{"has_imm":true,"imm":0,"is_compressed":false,"opt":53,"rd":16,"rs1":0,"rs2":0,"tgt":2,"use_pc":false},"gpr_staged":[{"index":16,"next":0,"prev":0}],"instr":2067,"pc":{"pc":2147483788,"pc_next":2147483792}},{"csr_staged":[],"dec":{"has_imm":true,"imm":0,"is_compressed":false,"opt":53,"rd":17,"rs1":0,"rs2":0,"tgt":2,"use_pc":false},"gpr_staged":[{"index":17,"next":0,"prev":0}],"instr":2195,"pc":{"pc":2147483792,"pc_next":2147483796}},{"csr_staged":[],"dec":{"has_imm":true,"imm":0,"is_compressed":false,"opt":53,"rd":18,"rs1":0,"rs2":0,"tgt":2,"use_pc":false},"gpr_staged":[{"index":18,"next":0,"prev":0}],"instr":2323,"pc":{"pc":2147483796,"pc_next":2147483800}},{"csr_staged":[],"dec":{"has_imm":true,"imm":0,"is_compressed":false,"opt":53,"rd":19,"rs1":0,"rs2":0,"tgt":2,"use_pc":false},"gpr_staged":[{"index":19,"next":0,"prev":0}],"instr":2451,"pc":{"pc":2147483800,"pc_next":2147483804}},{"csr_staged":[],"dec":{"has_imm":true,"imm":0,"is_compressed":false,"opt":53,"rd":20,"rs1":0,"rs2":0,"tgt":2,"use_pc":false},"gpr_staged":[{"index":20,"next":0,"prev":0}],"instr":2579,"pc":{"pc":2147483804,"pc_next":2147483808}},{"csr_staged":[],"dec":{"has_imm":true,"imm":0,"is_compressed":false,"opt":53,"rd":21,"rs1":0,"rs2":0,"tgt":2,"use_pc":false},"gpr_staged":[{"index":21,"next":0,"prev":0}],"instr":2707,"pc":{"pc":2147483808,"pc_next":2147483812}},{"csr_staged":[],"dec":{"has_imm":true,"imm":0,"is_compressed":false,"opt":53,"rd":22,"rs1":0,"rs2":0,"tgt":2,"use_pc":false},"gpr_staged":[{"index":22,"next":0,"prev":0}],"instr":2835,"pc":{"pc":2147483812,"pc_next":2147483816}},{"csr_staged":[],"dec":{"has_imm":true,"imm":0,"is_compressed":false,"opt":53,"rd":23,"rs1":0,"rs2":0,"tgt":2,"use_pc":false},"gpr_staged":[{"index":23,"next":0,"prev":0}],"instr":2963,"pc":{"pc":2147483816,"pc_next":2147483820}},{"csr_staged":[],"dec":{"has_imm":true,"imm":0,"is_compressed":false,"opt":53,"rd":24,"rs1":0,"rs2":0,"tgt":2,"use_pc":false},"gpr_staged":[{"index":24,"next":0,"prev":0}],"instr":3091,"pc":{"pc":2147483820,"pc_next":2147483824}},{"csr_staged":[],"dec":{"has_imm":true,"imm":0,"is_compressed":false,"opt":53,"rd":25,"rs1":0,"rs2":0,"tgt":2,"use_pc":false},"gpr_staged":[{"index":25,"next":0,"prev":0}],"instr":3219,"pc":{"pc":2147483824,"pc_next":2147483828}},{"csr_staged":[],"dec":{"has_imm":true,"imm":0,"is_compressed":false,"opt":53,"rd":26,"rs1":0,"rs2":0,"tgt":2,"use_pc":false},"gpr_staged":[{"index":26,"next":0,"prev":0}],"instr":3347,"pc":{"pc":2147483828,"pc_next":2147483832}},{"csr_staged":[],"dec":{"has_imm":true,"imm":0,"is_compressed":false,"opt":53,"rd":27,"rs1":0,"rs2":0,"tgt":2,"use_pc":false},"gpr_staged":[{"index":27,"next":0,"prev":0}],"instr":3475,"pc":{"pc":2147483832,"pc_next":2147483836}},{"csr_staged":[],"dec":{"has_imm":true,"imm":0,"is_compressed":false,"opt":53,"rd":28,"rs1":0,"rs2":0,"tgt":2,"use_pc":false},"gpr_staged":[{"index":28,"next":0,"prev":0}],"instr":3603,"pc":{"pc":2147483836,"pc_next":2147483840}},{"csr_staged":[],"dec":{"has_imm":true,"imm":0,"is_compressed":false,"opt":53,"rd":29,"rs1":0,"rs2":0,"tgt":2,"use_pc":false},"gpr_staged":[{"index":29,"next":0,"prev":0}],"instr":3731,"pc":{"pc":2147483840,"pc_next":2147483844}},{"csr_staged":[],"dec":{"has_imm":true,"imm":0,"is_compressed":false,"opt":53,"rd":30,"rs1":0,"rs2":0,"tgt":2,"use_pc":false},"gpr_staged":[{"index":30,"next":0,"prev":0}],"instr":3859,"pc":{"pc":2147483844,"pc_next":2147483848}},{"csr_staged":[],"dec":{"has_imm":true,"imm":0,"is_compressed":false,"opt":53,"rd":31,"rs1":0,"rs2":0,"tgt":2,"use_pc":false},"gpr_staged":[{"index":31,"next":0,"prev":0}],"instr":3987,"pc":{"pc":2147483848,"pc_next":2147483852}},{"csr_staged":[],"dec":{"has_imm":true,"imm":3860,"is_compressed":false,"opt":3,"rd":10,"rs1":0,"rs2":0,"tgt":4,"use_pc":false},"gpr_staged":[{"index":10,"next":0,"prev":0}],"instr":4047512947,"pc":{"pc":2147483852,"pc_next":2147483856}},{"csr_staged":[],"dec":{"has_imm":true,"imm":0,"is_compressed":false,"opt":21,"rd":0,"rs1":10,"rs2":0,"tgt":3,"use_pc":false},"gpr_staged":[],"instr":331875,"pc":{"pc":2147483856,"pc_next":2147483860}},{"csr_staged":[],"dec":{"has_imm":true,"imm":0,"is_compressed":false,"opt":68,"rd":5,"rs1":0,"rs2":0,"tgt":2,"use_pc":true},"gpr_staged":[{"index":5,"next":2147483860,"prev":0}],"instr":663,"pc":{"pc":2147483860,"pc_next":2147483864}},{"csr_staged":[],"dec":{"has_imm":true,"imm":16,"is_compressed":false,"opt":53,"rd":5,"rs1":5,"rs2":0,"tgt":2,"use_pc":false},"gpr_staged":[{"index":5,"next":2147483876,"prev":2147483860}],"instr":16941715,"pc":{"pc":2147483864,"pc_next":2147483868}},{"csr_staged":[{"index":773,"next":2147483876,"prev":0}],"dec":{"has_imm":true,"imm":773,"is_compressed":false,"opt":2,"rd":0,"rs1":5,"rs2":0,"tgt":4,"use_pc":false},"gpr_staged":[{"index":0,"next":0,"prev":0}],"instr":810717299,"pc":{"pc":2147483868,"pc_next":2147483872}},{"csr_staged":[{"index":1860,"next":8,"prev":0}],"dec":{"has_imm":true,"imm":1860,"is_compressed":false,"opt":6,"rd":0,"rs1":8,"rs2":0,"tgt":4,"use_pc":false},"gpr_staged":[{"index":0,"next":0,"prev":0}],"instr":1950634099,"pc":{"pc":2147483872,"pc_next":2147483876}},{"csr_staged":[],"dec":{"has_imm":true,"imm":0,"is_compressed":false,"opt":68,"rd":5,"rs1":0,"rs2":0,"tgt":2,"use_pc":true},"gpr_staged":[{"index":5,"next":2147483876,"prev":2147483876}],"instr":663,"pc":{"pc":2147483876,"pc_next":2147483880}},{"csr_staged":[],"dec":{"has_imm":true,"imm":16,"is_compressed":false,"opt":53,"rd":5,"rs1":5,"rs2":0,"tgt":2,"use_pc":false},"gpr_staged":[{"index":5,"next":2147483892,"prev":2147483876}],"instr":16941715,"pc":{"pc":2147483880,"pc_next":2147483884}},{"csr_staged":[{"index":773,"next":2147483892,"prev":2147483876}],"dec":{"has_imm":true,"imm":773,"is_compressed":false,"opt":2,"rd":0,"rs1":5,"rs2":0,"tgt":4,"use_pc":false},"gpr_staged":[{"index":0,"next":2147483876,"prev":0}],"instr":810717299,"pc":{"pc":2147483884,"pc_next":2147483888}},{"csr_staged":[{"index":384,"next":0,"prev":0}],"dec":{"has_imm":true,"imm":384,"is_compressed":false,"opt":6,"rd":0,"rs1":0,"rs2":0,"tgt":4,"use_pc":false},"gpr_staged":[{"index":0,"next":0,"prev":0}],"instr":402673779,"pc":{"pc":2147483888,"pc_next":2147483892}},{"csr_staged":[],"dec":{"has_imm":true,"imm":0,"is_compressed":false,"opt":68,"rd":5,"rs1":0,"rs2":0,"tgt":2,"use_pc":true},"gpr_staged":[{"index":5,"next":2147483892,"prev":2147483892}],"instr":663,"pc":{"pc":2147483892,"pc_next":2147483896}},{"csr_staged":[],"dec":{"has_imm":true,"imm":32,"is_compressed":false,"opt":53,"rd":5,"rs1":5,"rs2":0,"tgt":2,"use_pc":false},"gpr_staged":[{"index":5,"next":2147483924,"prev":2147483892}],"instr":33718931,"pc":{"pc":2147483896,"pc_next":2147483900}},{"csr_staged":[{"index":773,"next":2147483924,"prev":2147483892}],"dec":{"has_imm":true,"imm":773,"is_compressed":false,"opt":2,"rd":0,"rs1":5,"rs2":0,"tgt":4,"use_pc":false},"gpr_staged":[{"index":0,"next":2147483892,"prev":0}],"instr":810717299,"pc":{"pc":2147483900,"pc_next":2147483904}},{"csr_staged":[],"dec":{"has_imm":true,"imm":2147483648,"is_compressed":false,"opt":53,"rd":5,"rs1":0,"rs2":0,"tgt":2,"use_pc":false},"gpr_staged":[{"index":5,"next":2147483648,"prev":2147483924}],"instr":2147484343,"pc":{"pc":2147483904,"pc_next":2147483908}},{"csr_staged":[],"dec":{"has_imm":true,"imm":4294967295,"is_compressed":false,"opt":53,"rd":5,"rs1":5,"rs2":0,"tgt":2,"use_pc":false},"gpr_staged":[{"index":5,"next":2147483647,"prev":2147483648}],"instr":4294083219,"pc":{"pc":2147483908,"pc_next":2147483912}},{"csr_staged":[{"index":944,"next":2147483647,"prev":0}],"dec":{"has_imm":true,"imm":944,"is_compressed":false,"opt":2,"rd":0,"rs1":5,"rs2":0,"tgt":4,"use_pc":false},"gpr_staged":[{"index":0,"next":0,"prev":0}],"instr":990023795,"pc":{"pc":2147483912,"pc_next":2147483916}},{"csr_staged":[],"dec":{"has_imm":true,"imm":31,"is_compressed":false,"opt":53,"rd":5,"rs1":0,"rs2":0,"tgt":2,"use_pc":false},"gpr_staged":[{"index":5,"next":31,"prev":2147483647}],"instr":32506515,"pc":{"pc":2147483916,"pc_next":2147483920}},{"csr_staged":[{"index":928,"next":31,"prev":0}],"dec":{"has_imm":true,"imm":928,"is_compressed":false,"opt":2,"rd":0,"rs1":5,"rs2":0,"tgt":4,"use_pc":false},"gpr_staged":[{"index":0,"next":0,"prev":0}],"instr":973246579,"pc":{"pc":2147483920,"pc_next":2147483924}},{"csr_staged":[{"index":772,"next":0,"prev":0}],"dec":{"has_imm":true,"imm":772,"is_compressed":false,"opt":6,"rd":0,"rs1":0,"rs2":0,"tgt":4,"use_pc":false},"gpr_staged":[{"index":0,"next":0,"prev":0}],"instr":809521267,"pc":{"pc":2147483924,"pc_next":2147483928}},{"csr_staged":[],"dec":{"has_imm":true,"imm":0,"is_compressed":false,"opt":68,"rd":5,"rs1":0,"rs2":0,"tgt":2,"use_pc":true},"gpr_staged":[{"index":5,"next":2147483928,"prev":31}],"instr":663,"pc":{"pc":2147483928,"pc_next":2147483932}},{"csr_staged":[],"dec":{"has_imm":true,"imm":20,"is_compressed":false,"opt":53,"rd":5,"rs1":5,"rs2":0,"tgt":2,"use_pc":false},"gpr_staged":[{"index":5,"next":2147483948,"prev":2147483928}],"instr":21136019,"pc":{"pc":2147483932,"pc_next":2147483936}},{"csr_staged":[{"index":773,"next":2147483948,"prev":2147483924}],"dec":{"has_imm":true,"imm":773,"is_compressed":false,"opt":2,"rd":0,"rs1":5,"rs2":0,"tgt":4,"use_pc":false},"gpr_staged":[{"index":0,"next":2147483924,"prev":0}],"instr":810717299,"pc":{"pc":2147483936,"pc_next":2147483940}},{"csr_staged":[{"index":770,"next":0,"prev":0}],"dec":{"has_imm":true,"imm":770,"is_compressed":false,"opt":6,"rd":0,"rs1":0,"rs2":0,"tgt":4,"use_pc":false},"gpr_staged":[{"index":0,"next":0,"prev":0}],"instr":807424115,"pc":{"pc":2147483940,"pc_next":2147483944}},{"csr_staged":[{"index":771,"next":0,"prev":0}],"dec":{"has_imm":true,"imm":771,"is_compressed":false,"opt":6,"rd":0,"rs1":0,"rs2":0,"tgt":4,"use_pc":false},"gpr_staged":[{"index":0,"next":0,"prev":0}],"instr":808472691,"pc":{"pc":2147483944,"pc_next":2147483948}},{"csr_staged":[],"dec":{"has_imm":true,"imm":0,"is_compressed":false,"opt":53,"rd":3,"rs1":0,"rs2":0,"tgt":2,"use_pc":false},"gpr_staged":[{"index":3,"next":0,"prev":0}],"instr":403,"pc":{"pc":2147483948,"pc_next":2147483952}},{"csr_staged":[],"dec":{"has_imm":true,"imm":0,"is_compressed":false,"opt":68,"rd":5,"rs1":0,"rs2":0,"tgt":2,"use_pc":true},"gpr_staged":[{"index":5,"next":2147483952,"prev":2147483948}],"instr":663,"pc":{"pc":2147483952,"pc_next":2147483956}},{"csr_staged":[],"dec":{"has_imm":true,"imm":4294966996,"is_compressed":false,"opt":53,"rd":5,"rs1":5,"rs2":0,"tgt":2,"use_pc":false},"gpr_staged":[{"index":5,"next":2147483652,"prev":2147483952}],"instr":3980558995,"pc":{"pc":2147483956,"pc_next":2147483960}},{"csr_staged":[{"index":773,"next":2147483652,"prev":2147483948}],"dec":{"has_imm":true,"imm":773,"is_compressed":false,"opt":2,"rd":0,"rs1":5,"rs2":0,"tgt":4,"use_pc":false},"gpr_staged":[{"index":0,"next":2147483948,"prev":0}],"instr":810717299,"pc":{"pc":2147483960,"pc_next":2147483964}},{"csr_staged":[],"dec":{"has_imm":true,"imm":1,"is_compressed":false,"opt":53,"rd":10,"rs1":0,"rs2":0,"tgt":2,"use_pc":false},"gpr_staged":[{"index":10,"next":1,"prev":0}],"instr":1049875,"pc":{"pc":2147483964,"pc_next":2147483968}},{"csr_staged":[],"dec":{"has_imm":true,"imm":31,"is_compressed":false,"opt":55,"rd":10,"rs1":10,"rs2":0,"tgt":2,"use_pc":false},"gpr_staged":[{"index":10,"next":2147483648,"prev":1}],"instr":32838931,"pc":{"pc":2147483968,"pc_next":2147483972}},{"csr_staged":[],"dec":{"has_imm":true,"imm":24,"is_compressed":false,"opt":24,"rd":0,"rs1":10,"rs2":0,"tgt":3,"use_pc":false},"gpr_staged":[],"instr":347235,"pc":{"pc":2147483972,"pc_next":2147483996}},{"csr_staged":[],"dec":{"has_imm":true,"imm":0,"is_compressed":false,"opt":53,"rd":5,"rs1":0,"rs2":0,"tgt":2,"use_pc":false},"gpr_staged":[{"index":5,"next":0,"prev":2147483652}],"instr":659,"pc":{"pc":2147483996,"pc_next":2147484000}},{"csr_staged":[],"dec":{"has_imm":true,"imm":20,"is_compressed":false,"opt":20,"rd":0,"rs1":5,"rs2":0,"tgt":3,"use_pc":false},"gpr_staged":[],"instr":166499,"pc":{"pc":2147484000,"pc_next":2147484020}},{"csr_staged":[{"index":768,"next":0,"prev":0}],"dec":{"has_imm":true,"imm":768,"is_compressed":false,"opt":6,"rd":0,"rs1":0,"rs2":0,"tgt":4,"use_pc":false},"gpr_staged":[{"index":0,"next":0,"prev":0}],"instr":805326963,"pc":{"pc":2147484020,"pc_next":2147484024}},{"csr_staged":[],"dec":{"has_imm":true,"imm":0,"is_compressed":false,"opt":68,"rd":5,"rs1":0,"rs2":0,"tgt":2,"use_pc":true},"gpr_staged":[{"index":5,"next":2147484024,"prev":0}],"instr":663,"pc":{"pc":2147484024,"pc_next":2147484028}},{"csr_staged":[],"dec":{"has_imm":true,"imm":20,"is_compressed":false,"opt":53,"rd":5,"rs1":5,"rs2":0,"tgt":2,"use_pc":false},"gpr_staged":[{"index":5,"next":2147484044,"prev":2147484024}],"instr":21136019,"pc":{"pc":2147484028,"pc_next":2147484032}},{"csr_staged":[{"index":833,"next":2147484044,"prev":0}],"dec":{"has_imm":true,"imm":833,"is_compressed":false,"opt":2,"rd":0,"rs1":5,"rs2":0,"tgt":4,"use_pc":false},"gpr_staged":[{"index":0,"next":0,"prev":0}],"instr":873631859,"pc":{"pc":2147484032,"pc_next":2147484036}},{"csr_staged":[],"dec":{"has_imm":true,"imm":3860,"is_compressed":false,"opt":3,"rd":10,"rs1":0,"rs2":0,"tgt":4,"use_pc":false},"gpr_staged":[{"index":10,"next":0,"prev":2147483648}],"instr":4047512947,"pc":{"pc":2147484036,"pc_next":2147484040}},{"csr_staged":[{"index":768,"next":6272,"prev":0}],"dec":{"has_imm":false,"imm":0,"is_compressed":false,"opt":0,"rd":0,"rs1":0,"rs2":0,"tgt":5,"use_pc":false},"gpr_staged":[],"instr":807403635,"pc":{"pc":2147484040,"pc_next":2147484044}},{"csr_staged":[],"dec":{"has_imm":true,"imm":2,"is_compressed":false,"opt":53,"rd":3,"rs1":0,"rs2":0,"tgt":2,"use_pc":false},"gpr_staged":[{"index":3,"next":2,"prev":0}],"instr":2097555,"pc":{"pc":2147484044,"pc_next":2147484048}},{"csr_staged":[],"dec":{"has_imm":true,"imm":666,"is_compressed":false,"opt":53,"rd":11,"rs1":0,"rs2":0,"tgt":2,"use_pc":false},"gpr_staged":[{"index":11,"next":666,"prev":0}],"instr":698353043,"pc":{"pc":2147484048,"pc_next":2147484052}},{"csr_staged":[],"dec":{"has_imm":true,"imm":2,"is_compressed":false,"opt":53,"rd":3,"rs1":0,"rs2":0,"tgt":2,"use_pc":false},"gpr_staged":[{"index":3,"next":2,"prev":2}],"instr":2097555,"pc":{"pc":2147484052,"pc_next":2147484056}},{"csr_staged":[],"dec":{"has_imm":true,"imm":7782,"is_compressed":false,"opt":69,"rd":0,"rs1":0,"rs2":0,"tgt":2,"use_pc":true},"gpr_staged":[{"index":0,"next":2147484060,"prev":0}],"instr":1718620271,"pc":{"pc":2147484056,"pc_next":2147491838}},{"csr_staged":[],"dec":{"has_imm":true,"imm":1,"is_compressed":false,"opt":53,"rd":11,"rs1":11,"rs2":0,"tgt":2,"use_pc":false},"gpr_staged":[{"index":11,"next":667,"prev":666}],"instr":1410451,"pc":{"pc":2147491838,"pc_next":2147491842}},{"csr_staged":[],"dec":{"has_imm":true,"imm":667,"is_compressed":false,"opt":53,"rd":7,"rs1":0,"rs2":0,"tgt":2,"use_pc":false},"gpr_staged":[{"index":7,"next":667,"prev":0}],"instr":699401107,"pc":{"pc":2147491842,"pc_next":2147491846}},{"csr_staged":[],"dec":{"has_imm":true,"imm":570,"is_compressed":false,"opt":21,"rd":0,"rs1":11,"rs2":7,"tgt":3,"use_pc":false},"gpr_staged":[],"instr":578133347,"pc":{"pc":2147491846,"pc_next":2147491850}},{"csr_staged":[],"dec":{"has_imm":true,"imm":4096,"is_compressed":false,"opt":53,"rd":2,"rs1":0,"rs2":0,"tgt":2,"use_pc":false},"gpr_staged":[{"index":2,"next":4096,"prev":0}],"instr":4407,"pc":{"pc":2147491850,"pc_next":2147491854}},{"csr_staged":[],"dec":{"has_imm":true,"imm":564,"is_compressed":false,"opt":53,"rd":2,"rs1":2,"rs2":0,"tgt":2,"use_pc":false},"gpr_staged":[{"index":2,"next":4660,"prev":4096}],"instr":591462675,"pc":{"pc":2147491854,"pc_next":2147491858}},{"csr_staged":[],"dec":{"has_imm":true,"imm":3,"is_compressed":false,"opt":53,"rd":3,"rs1":0,"rs2":0,"tgt":2,"use_pc":false},"gpr_staged":[{"index":3,"next":3,"prev":2}],"instr":3146131,"pc":{"pc":2147491858,"pc_next":2147491862}},{"csr_staged":[],"dec":{"has_imm":true,"imm":1020,"is_compressed":true,"opt":53,"rd":10,"rs1":2,"rs2":0,"tgt":2,"use_pc":false},"gpr_staged":[{"index":10,"next":5680,"prev":0}],"instr":330768360,"pc":{"pc":2147491862,"pc_next":2147491864}},{"csr_staged":[],"dec":{"has_imm":true,"imm":4096,"is_compressed":false,"opt":53,"rd":7,"rs1":0,"rs2":0,"tgt":2,"use_pc":false},"gpr_staged":[{"index":7,"next":4096,"prev":667}],"instr":5047,"pc":{"pc":2147491864,"pc_next":2147491868}},{"csr_staged":[],"dec":{"has_imm":true,"imm":1584,"is_compressed":false,"opt":53,"rd":7,"rs1":7,"rs2":0,"tgt":2,"use_pc":false},"gpr_staged":[{"index":7,"next":5680,"prev":4096}],"instr":1661174675,"pc":{"pc":2147491868,"pc_next":2147491872}},{"csr_staged":[],"dec":{"has_imm":true,"imm":544,"is_compressed":false,"opt":21,"rd":0,"rs1":10,"rs2":7,"tgt":3,"use_pc":false},"gpr_staged":[],"instr":578097251,"pc":{"pc":2147491872,"pc_next":2147491876}},{"csr_staged":[],"dec":{"has_imm":true,"imm":4,"is_compressed":false,"opt":53,"rd":3,"rs1":0,"rs2":0,"tgt":2,"use_pc":false},"gpr_staged":[{"index":3,"next":4,"prev":3}],"instr":4194707,"pc":{"pc":2147491876,"pc_next":2147491880}},{"csr_staged":[],"dec":{"has_imm":true,"imm":496,"is_compressed":true,"opt":53,"rd":2,"rs1":2,"rs2":2,"tgt":2,"use_pc":false},"gpr_staged":[{"index":2,"next":5156,"prev":4660}],"instr":90493,"pc":{"pc":2147491880,"pc_next":2147491882}},{"csr_staged":[],"dec":{"has_imm":true,"imm":0,"is_compressed":true,"opt":53,"rd":0,"rs1":0,"rs2":0,"tgt":2,"use_pc":false},"gpr_staged":[{"index":0,"next":0,"prev":0}],"instr":330760193,"pc":{"pc":2147491882,"pc_next":2147491884}},{"csr_staged":[],"dec":{"has_imm":true,"imm":4096,"is_compressed":false,"opt":53,"rd":7,"rs1":0,"rs2":0,"tgt":2,"use_pc":false},"gpr_staged":[{"index":7,"next":4096,"prev":5680}],"instr":5047,"pc":{"pc":2147491884,"pc_next":2147491888}},{"csr_staged":[],"dec":{"has_imm":true,"imm":1060,"is_compressed":false,"opt":53,"rd":7,"rs1":7,"rs2":0,"tgt":2,"use_pc":false},"gpr_staged":[{"index":7,"next":5156,"prev":4096}],"instr":1111720851,"pc":{"pc":2147491888,"pc_next":2147491892}},{"csr_staged":[],"dec":{"has_imm":true,"imm":524,"is_compressed":false,"opt":21,"rd":0,"rs1":2,"rs2":7,"tgt":3,"use_pc":false},"gpr_staged":[],"instr":544282211,"pc":{"pc":2147491892,"pc_next":2147491896}},{"csr_staged":[],"dec":{"has_imm":true,"imm":5,"is_compressed":false,"opt":53,"rd":3,"rs1":0,"rs2":0,"tgt":2,"use_pc":false},"gpr_staged":[{"index":3,"next":5,"prev":4}],"instr":5243283,"pc":{"pc":2147491896,"pc_next":2147491900}},{"csr_staged":[],"dec":{"has_imm":true,"imm":4294966784,"is_compressed":true,"opt":53,"rd":2,"rs1":2,"rs2":2,"tgt":2,"use_pc":false},"gpr_staged":[{"index":2,"next":4644,"prev":5156}],"instr":94465,"pc":{"pc":2147491900,"pc_next":2147491902}},{"csr_staged":[],"dec":{"has_imm":true,"imm":0,"is_compressed":true,"opt":53,"rd":0,"rs1":0,"rs2":0,"tgt":2,"use_pc":false},"gpr_staged":[{"index":0,"next":0,"prev":0}],"instr":330760193,"pc":{"pc":2147491902,"pc_next":2147491904}},{"csr_staged":[],"dec":{"has_imm":true,"imm":4096,"is_compressed":false,"opt":53,"rd":7,"rs1":0,"rs2":0,"tgt":2,"use_pc":false},"gpr_staged":[{"index":7,"next":4096,"prev":5156}],"instr":5047,"pc":{"pc":2147491904,"pc_next":2147491908}},{"csr_staged":[],"dec":{"has_imm":true,"imm":548,"is_compressed":false,"opt":53,"rd":7,"rs1":7,"rs2":0,"tgt":2,"use_pc":false},"gpr_staged":[{"index":7,"next":4644,"prev":4096}],"instr":574849939,"pc":{"pc":2147491908,"pc_next":2147491912}},{"csr_staged":[],"dec":{"has_imm":true,"imm":504,"is_compressed":false,"opt":21,"rd":0,"rs1":2,"rs2":7,"tgt":3,"use_pc":false},"gpr_staged":[],"instr":510729315,"pc":{"pc":2147491912,"pc_next":2147491916}},{"csr_staged":[],"dec":{"has_imm":true,"imm":4294959104,"is_compressed":false,"opt":68,"rd":11,"rs1":0,"rs2":0,"tgt":2,"use_pc":true},"gpr_staged":[{"index":11,"next":2147483724,"prev":667}],"instr":4294960535,"pc":{"pc":2147491916,"pc_next":2147491920}},{"csr_staged":[],"dec":{"has_imm":true,"imm":340,"is_compressed":false,"opt":53,"rd":11,"rs1":11,"rs2":0,"tgt":2,"use_pc":false},"gpr_staged":[{"index":11,"next":2147484064,"prev":2147483724}],"instr":356877715,"pc":{"pc":2147491920,"pc_next":2147491924}},{"csr_staged":[],"dec":{"has_imm":true,"imm":6,"is_compressed":false,"opt":53,"rd":3,"rs1":0,"rs2":0,"tgt":2,"use_pc":false},"gpr_staged":[{"index":3,"next":6,"prev":5}],"instr":6291859,"pc":{"pc":2147491924,"pc_next":2147491928}},{"csr_staged":[],"dec":{"has_imm":true,"imm":4,"is_compressed":true,"opt":42,"rd":10,"rs1":11,"rs2":0,"tgt":0,"use_pc":false},"gpr_staged":[{"index":10,"next":4275878552,"prev":5680}],"instr":84230600,"pc":{"pc":2147491928,"pc_next":2147491930}},{"csr_staged":[],"dec":{"has_imm":true,"imm":1,"is_compressed":true,"opt":53,"rd":10,"rs1":10,"rs2":0,"tgt":2,"use_pc":false},"gpr_staged":[{"index":10,"next":4275878553,"prev":4275878552}],"instr":3251111173,"pc":{"pc":2147491930,"pc_next":2147491932}},{"csr_staged":[],"dec":{"has_imm":true,"imm":4,"is_compressed":true,"opt":32,"rd":0,"rs1":11,"rs2":10,"tgt":1,"use_pc":false},"gpr_staged":[],"instr":1104200136,"pc":{"pc":2147491932,"pc_next":2147491934}},{"csr_staged":[],"dec":{"has_imm":true,"imm":4,"is_compressed":true,"opt":42,"rd":12,"rs1":11,"rs2":0,"tgt":0,"use_pc":false},"gpr_staged":[{"index":12,"next":4275878553,"prev":0}],"instr":3283567056,"pc":{"pc":2147491934,"pc_next":2147491936}},{"csr_staged":[],"dec":{"has_imm":true,"imm":4275879936,"is_compressed":false,"opt":53,"rd":7,"rs1":0,"rs2":0,"tgt":2,"use_pc":false},"gpr_staged":[{"index":7,"next":4275879936,"prev":4644}],"instr":4275880887,"pc":{"pc":2147491936,"pc_next":2147491940}},{"csr_staged":[],"dec":{"has_imm":true,"imm":4294965913,"is_compressed":false,"opt":53,"rd":7,"rs1":7,"rs2":0,"tgt":2,"use_pc":false},"gpr_staged":[{"index":7,"next":4275878553,"prev":4275879936}],"instr":2845016979,"pc":{"pc":2147491940,"pc_next":2147491944}},{"csr_staged":[],"dec":{"has_imm":true,"imm":472,"is_compressed":false,"opt":21,"rd":0,"rs1":12,"rs2":7,"tgt":3,"use_pc":false},"gpr_staged":[],"instr":477502563,"pc":{"pc":2147491944,"pc_next":2147491948}},{"csr_staged":[],"dec":{"has_imm":true,"imm":8,"is_compressed":false,"opt":53,"rd":3,"rs1":0,"rs2":0,"tgt":2,"use_pc":false},"gpr_staged":[{"index":3,"next":8,"prev":6}],"instr":8389011,"pc":{"pc":2147491948,"pc_next":2147491952}},{"csr_staged":[],"dec":{"has_imm":true,"imm":1,"is_compressed":false,"opt":51,"rd":10,"rs1":0,"rs2":0,"tgt":2,"use_pc":false},"gpr_staged":[{"index":10,"next":1,"prev":4275878553}],"instr":1074451,"pc":{"pc":2147491952,"pc_next":2147491956}},{"csr_staged":[],"dec":{"has_imm":true,"imm":4294967280,"is_compressed":true,"opt":53,"rd":10,"rs1":10,"rs2":0,"tgt":2,"use_pc":false},"gpr_staged":[{"index":10,"next":4294967281,"prev":1}],"instr":70977,"pc":{"pc":2147491956,"pc_next":2147491958}},{"csr_staged":[],"dec":{"has_imm":true,"imm":0,"is_compressed":true,"opt":53,"rd":0,"rs1":0,"rs2":0,"tgt":2,"use_pc":false},"gpr_staged":[{"index":0,"next":0,"prev":0}],"instr":59965441,"pc":{"pc":2147491958,"pc_next":2147491960}},{"csr_staged":[],"dec":{"has_imm":true,"imm":4294967281,"is_compressed":false,"opt":53,"rd":7,"rs1":0,"rs2":0,"tgt":2,"use_pc":false},"gpr_staged":[{"index":7,"next":4294967281,"prev":4275878553}],"instr":4279239571,"pc":{"pc":2147491960,"pc_next":2147491964}},{"csr_staged":[],"dec":{"has_imm":true,"imm":452,"is_compressed":false,"opt":21,"rd":0,"rs1":10,"rs2":7,"tgt":3,"use_pc":false},"gpr_staged":[],"instr":477434467,"pc":{"pc":2147491964,"pc_next":2147491968}},{"csr_staged":[],"dec":{"has_imm":true,"imm":9,"is_compressed":false,"opt":53,"rd":3,"rs1":0,"rs2":0,"tgt":2,"use_pc":false},"gpr_staged":[{"index":3,"next":9,"prev":8}],"instr":9437587,"pc":{"pc":2147491968,"pc_next":2147491972}},{"csr_staged":[],"dec":{"has_imm":true,"imm":1,"is_compressed":false,"opt":51,"rd":15,"rs1":0,"rs2":0,"tgt":2,"use_pc":false},"gpr_staged":[{"index":15,"next":1,"prev":0}],"instr":1075091,"pc":{"pc":2147491972,"pc_next":2147491976}},{"csr_staged":[],"dec":{"has_imm":true,"imm":4294967280,"is_compressed":true,"opt":53,"rd":15,"rs1":0,"rs2":0,"tgt":2,"use_pc":false},"gpr_staged":[{"index":15,"next":4294967280,"prev":1}],"instr":88001,"pc":{"pc":2147491976,"pc_next":2147491978}},{"csr_staged":[],"dec":{"has_imm":true,"imm":0,"is_compressed":true,"opt":53,"rd":0,"rs1":0,"rs2":0,"tgt":2,"use_pc":false},"gpr_staged":[{"index":0,"next":0,"prev":0}],"instr":59965441,"pc":{"pc":2147491978,"pc_next":2147491980}},{"csr_staged":[],"dec":{"has_imm":true,"imm":4294967280,"is_compressed":false,"opt":53,"rd":7,"rs1":0,"rs2":0,"tgt":2,"use_pc":false},"gpr_staged":[{"index":7,"next":4294967280,"prev":4294967281}],"instr":4278190995,"pc":{"pc":2147491980,"pc_next":2147491984}},{"csr_staged":[],"dec":{"has_imm":true,"imm":432,"is_compressed":false,"opt":21,"rd":0,"rs1":15,"rs2":7,"tgt":3,"use_pc":false},"gpr_staged":[],"instr":444045411,"pc":{"pc":2147491984,"pc_next":2147491988}},{"csr_staged":[],"dec":{"has_imm":true,"imm":11,"is_compressed":false,"opt":53,"rd":3,"rs1":0,"rs2":0,"tgt":2,"use_pc":false},"gpr_staged":[{"index":3,"next":11,"prev":9}],"instr":11534739,"pc":{"pc":2147491988,"pc_next":2147491992}},{"csr_staged":[],"dec":{"has_imm":true,"imm":4294840320,"is_compressed":true,"opt":53,"rd":8,"rs1":0,"rs2":0,"tgt":2,"use_pc":false},"gpr_staged":[{"index":8,"next":4294840320,"prev":0}],"instr":2217833477,"pc":{"pc":2147491992,"pc_next":2147491994}},{"csr_staged":[],"dec":{"has_imm":true,"imm":12,"is_compressed":true,"opt":57,"rd":8,"rs1":8,"rs2":0,"tgt":2,"use_pc":false},"gpr_staged":[{"index":8,"next":4294967265,"prev":4294840320}],"instr":59999281,"pc":{"pc":2147491994,"pc_next":2147491996}},{"csr_staged":[],"dec":{"has_imm":true,"imm":4294967265,"is_compressed":false,"opt":53,"rd":7,"rs1":0,"rs2":0,"tgt":2,"use_pc":false},"gpr_staged":[{"index":7,"next":4294967265,"prev":4294967280}],"instr":4262462355,"pc":{"pc":2147491996,"pc_next":2147492000}},{"csr_staged":[],"dec":{"has_imm":true,"imm":416,"is_compressed":false,"opt":21,"rd":0,"rs1":8,"rs2":7,"tgt":3,"use_pc":false},"gpr_staged":[],"instr":443813987,"pc":{"pc":2147492000,"pc_next":2147492004}},{"csr_staged":[],"dec":{"has_imm":true,"imm":12,"is_compressed":false,"opt":53,"rd":3,"rs1":0,"rs2":0,"tgt":2,"use_pc":false},"gpr_staged":[{"index":3,"next":12,"prev":11}],"instr":12583315,"pc":{"pc":2147492004,"pc_next":2147492008}},{"csr_staged":[],"dec":{"has_imm":true,"imm":4294840320,"is_compressed":true,"opt":53,"rd":8,"rs1":0,"rs2":0,"tgt":2,"use_pc":false},"gpr_staged":[{"index":8,"next":4294840320,"prev":4294967265}],"instr":2150724613,"pc":{"pc":2147492008,"pc_next":2147492010}},{"csr_staged":[],"dec":{"has_imm":true,"imm":12,"is_compressed":true,"opt":56,"rd":8,"rs1":8,"rs2":0,"tgt":2,"use_pc":false},"gpr_staged":[{"index":8,"next":1048545,"prev":4294840320}],"instr":62357553,"pc":{"pc":2147492010,"pc_next":2147492012}},{"csr_staged":[],"dec":{"has_imm":true,"imm":1048576,"is_compressed":false,"opt":53,"rd":7,"rs1":0,"rs2":0,"tgt":2,"use_pc":false},"gpr_staged":[{"index":7,"next":1048576,"prev":4294967265}],"instr":1049527,"pc":{"pc":2147492012,"pc_next":2147492016}},{"csr_staged":[],"dec":{"has_imm":true,"imm":4294967265,"is_compressed":false,"opt":53,"rd":7,"rs1":7,"rs2":0,"tgt":2,"use_pc":false},"gpr_staged":[{"index":7,"next":1048545,"prev":1048576}],"instr":4262691731,"pc":{"pc":2147492016,"pc_next":2147492020}},{"csr_staged":[],"dec":{"has_imm":true,"imm":396,"is_compressed":false,"opt":21,"rd":0,"rs1":8,"rs2":7,"tgt":3,"use_pc":false},"gpr_staged":[],"instr":410261091,"pc":{"pc":2147492020,"pc_next":2147492024}},{"csr_staged":[],"dec":{"has_imm":true,"imm":14,"is_compressed":false,"opt":53,"rd":3,"rs1":0,"rs2":0,"tgt":2,"use_pc":false},"gpr_staged":[{"index":3,"next":14,"prev":12}],"instr":14680467,"pc":{"pc":2147492024,"pc_next":2147492028}},{"csr_staged":[],"dec":{"has_imm":true,"imm":4294967294,"is_compressed":true,"opt":53,"rd":8,"rs1":0,"rs2":0,"tgt":2,"use_pc":false},"gpr_staged":[{"index":8,"next":4294967294,"prev":1048545}],"instr":2554156153,"pc":{"pc":2147492028,"pc_next":2147492030}},{"csr_staged":[],"dec":{"has_imm":true,"imm":4294967279,"is_compressed":true,"opt":50,"rd":8,"rs1":8,"rs2":0,"tgt":2,"use_pc":false},"gpr_staged":[{"index":8,"next":4294967278,"prev":4294967294}],"instr":60004413,"pc":{"pc":2147492030,"pc_next":2147492032}},{"csr_staged":[],"dec":{"has_imm":true,"imm":4294967278,"is_compressed":false,"opt":53,"rd":7,"rs1":0,"rs2":0,"tgt":2,"use_pc":false},"gpr_staged":[{"index":7,"next":4294967278,"prev":1048545}],"instr":4276093843,"pc":{"pc":2147492032,"pc_next":2147492036}},{"csr_staged":[],"dec":{"has_imm":true,"imm":380,"is_compressed":false,"opt":21,"rd":0,"rs1":8,"rs2":7,"tgt":3,"use_pc":false},"gpr_staged":[],"instr":376708707,"pc":{"pc":2147492036,"pc_next":2147492040}},{"csr_staged":[],"dec":{"has_imm":true,"imm":15,"is_compressed":false,"opt":53,"rd":3,"rs1":0,"rs2":0,"tgt":2,"use_pc":false},"gpr_staged":[{"index":3,"next":15,"prev":14}],"instr":15729043,"pc":{"pc":2147492040,"pc_next":2147492044}},{"csr_staged":[],"dec":{"has_imm":true,"imm":20,"is_compressed":true,"opt":53,"rd":9,"rs1":0,"rs2":0,"tgt":2,"use_pc":false},"gpr_staged":[{"index":9,"next":20,"prev":0}],"instr":1159283921,"pc":{"pc":2147492044,"pc_next":2147492046}},{"csr_staged":[],"dec":{"has_imm":true,"imm":6,"is_compressed":true,"opt":53,"rd":10,"rs1":0,"rs2":0,"tgt":2,"use_pc":false},"gpr_staged":[{"index":10,"next":6,"prev":4294967281}],"instr":2357806361,"pc":{"pc":2147492046,"pc_next":2147492048}},{"csr_staged":[],"dec":{"has_imm":false,"imm":0,"is_compressed":true,"opt":54,"rd":9,"rs1":9,"rs2":10,"tgt":2,"use_pc":false},"gpr_staged":[{"index":9,"next":14,"prev":20}],"instr":101513,"pc":{"pc":2147492048,"pc_next":2147492050}},{"csr_staged":[],"dec":{"has_imm":true,"imm":0,"is_compressed":true,"opt":53,"rd":0,"rs1":0,"rs2":0,"tgt":2,"use_pc":false},"gpr_staged":[{"index":0,"next":0,"prev":0}],"instr":59965441,"pc":{"pc":2147492050,"pc_next":2147492052}},{"csr_staged":[],"dec":{"has_imm":true,"imm":14,"is_compressed":false,"opt":53,"rd":7,"rs1":0,"rs2":0,"tgt":2,"use_pc":false},"gpr_staged":[{"index":7,"next":14,"prev":4294967278}],"instr":14680979,"pc":{"pc":2147492052,"pc_next":2147492056}},{"csr_staged":[],"dec":{"has_imm":true,"imm":360,"is_compressed":false,"opt":21,"rd":0,"rs1":9,"rs2":7,"tgt":3,"use_pc":false},"gpr_staged":[],"instr":376738915,"pc":{"pc":2147492056,"pc_next":2147492060}},{"csr_staged":[],"dec":{"has_imm":true,"imm":16,"is_compressed":false,"opt":53,"rd":3,"rs1":0,"rs2":0,"tgt":2,"use_pc":false},"gpr_staged":[{"index":3,"next":16,"prev":15}],"instr":16777619,"pc":{"pc":2147492060,"pc_next":2147492064}},{"csr_staged":[],"dec":{"has_imm":true,"imm":20,"is_compressed":true,"opt":53,"rd":9,"rs1":0,"rs2":0,"tgt":2,"use_pc":false},"gpr_staged":[{"index":9,"next":20,"prev":14}],"instr":1159283921,"pc":{"pc":2147492064,"pc_next":2147492066}},{"csr_staged":[],"dec":{"has_imm":true,"imm":6,"is_compressed":true,"opt":53,"rd":10,"rs1":0,"rs2":0,"tgt":2,"use_pc":false},"gpr_staged":[{"index":10,"next":6,"prev":6}],"instr":2359903513,"pc":{"pc":2147492066,"pc_next":2147492068}},{"csr_staged":[],"dec":{"has_imm":false,"imm":0,"is_compressed":true,"opt":52,"rd":9,"rs1":9,"rs2":10,"tgt":2,"use_pc":false},"gpr_staged":[{"index":9,"next":18,"prev":20}],"instr":101545,"pc":{"pc":2147492068,"pc_next":2147492070}},{"csr_staged":[],"dec":{"has_imm":true,"imm":0,"is_compressed":true,"opt":53,"rd":0,"rs1":0,"rs2":0,"tgt":2,"use_pc":false},"gpr_staged":[{"index":0,"next":0,"prev":0}],"instr":59965441,"pc":{"pc":2147492070,"pc_next":2147492072}},{"csr_staged":[],"dec":{"has_imm":true,"imm":18,"is_compressed":false,"opt":53,"rd":7,"rs1":0,"rs2":0,"tgt":2,"use_pc":false},"gpr_staged":[{"index":7,"next":18,"prev":14}],"instr":18875283,"pc":{"pc":2147492072,"pc_next":2147492076}},{"csr_staged":[],"dec":{"has_imm":true,"imm":340,"is_compressed":false,"opt":21,"rd":0,"rs1":9,"rs2":7,"tgt":3,"use_pc":false},"gpr_staged":[],"instr":343186019,"pc":{"pc":2147492076,"pc_next":2147492080}},{"csr_staged":[],"dec":{"has_imm":true,"imm":17,"is_compressed":false,"opt":53,"rd":3,"rs1":0,"rs2":0,"tgt":2,"use_pc":false},"gpr_staged":[{"index":3,"next":17,"prev":16}],"instr":17826195,"pc":{"pc":2147492080,"pc_next":2147492084}},{"csr_staged":[],"dec":{"has_imm":true,"imm":20,"is_compressed":true,"opt":53,"rd":9,"rs1":0,"rs2":0,"tgt":2,"use_pc":false},"gpr_staged":[{"index":9,"next":20,"prev":18}],"instr":1159283921,"pc":{"pc":2147492084,"pc_next":2147492086}},{"csr_staged":[],"dec":{"has_imm":true,"imm":6,"is_compressed":true,"opt":53,"rd":10,"rs1":0,"rs2":0,"tgt":2,"use_pc":false},"gpr_staged":[{"index":10,"next":6,"prev":6}],"instr":2362000665,"pc":{"pc":2147492086,"pc_next":2147492088}},{"csr_staged":[],"dec":{"has_imm":false,"imm":0,"is_compressed":true,"opt":51,"rd":9,"rs1":9,"rs2":10,"tgt":2,"use_pc":false},"gpr_staged":[{"index":9,"next":22,"prev":20}],"instr":101577,"pc":{"pc":2147492088,"pc_next":2147492090}},{"csr_staged":[],"dec":{"has_imm":true,"imm":0,"is_compressed":true,"opt":53,"rd":0,"rs1":0,"rs2":0,"tgt":2,"use_pc":false},"gpr_staged":[{"index":0,"next":0,"prev":0}],"instr":59965441,"pc":{"pc":2147492090,"pc_next":2147492092}},{"csr_staged":[],"dec":{"has_imm":true,"imm":22,"is_compressed":false,"opt":53,"rd":7,"rs1":0,"rs2":0,"tgt":2,"use_pc":false},"gpr_staged":[{"index":7,"next":22,"prev":18}],"instr":23069587,"pc":{"pc":2147492092,"pc_next":2147492096}},{"csr_staged":[],"dec":{"has_imm":true,"imm":320,"is_compressed":false,"opt":21,"rd":0,"rs1":9,"rs2":7,"tgt":3,"use_pc":false},"gpr_staged":[],"instr":343183459,"pc":{"pc":2147492096,"pc_next":2147492100}},{"csr_staged":[],"dec":{"has_imm":true,"imm":18,"is_compressed":false,"opt":53,"rd":3,"rs1":0,"rs2":0,"tgt":2,"use_pc":false},"gpr_staged":[{"index":3,"next":18,"prev":17}],"instr":18874771,"pc":{"pc":2147492100,"pc_next":2147492104}},{"csr_staged":[],"dec":{"has_imm":true,"imm":20,"is_compressed":true,"opt":53,"rd":9,"rs1":0,"rs2":0,"tgt":2,"use_pc":false},"gpr_staged":[{"index":9,"next":20,"prev":22}],"instr":1159283921,"pc":{"pc":2147492104,"pc_next":2147492106}},{"csr_staged":[],"dec":{"has_imm":true,"imm":6,"is_compressed":true,"opt":53,"rd":10,"rs1":0,"rs2":0,"tgt":2,"use_pc":false},"gpr_staged":[{"index":10,"next":6,"prev":6}],"instr":2364097817,"pc":{"pc":2147492106,"pc_next":2147492108}},{"csr_staged":[],"dec":{"has_imm":false,"imm":0,"is_compressed":true,"opt":50,"rd":9,"rs1":9,"rs2":10,"tgt":2,"use_pc":false},"gpr_staged":[{"index":9,"next":4,"prev":20}],"instr":101609,"pc":{"pc":2147492108,"pc_next":2147492110}},{"csr_staged":[],"dec":{"has_imm":true,"imm":0,"is_compressed":true,"opt":53,"rd":0,"rs1":0,"rs2":0,"tgt":2,"use_pc":false},"gpr_staged":[{"index":0,"next":0,"prev":0}],"instr":59965441,"pc":{"pc":2147492110,"pc_next":2147492112}},{"csr_staged":[],"dec":{"has_imm":true,"imm":4,"is_compressed":false,"opt":53,"rd":7,"rs1":0,"rs2":0,"tgt":2,"use_pc":false},"gpr_staged":[{"index":7,"next":4,"prev":22}],"instr":4195219,"pc":{"pc":2147492112,"pc_next":2147492116}},{"csr_staged":[],"dec":{"has_imm":true,"imm":300,"is_compressed":false,"opt":21,"rd":0,"rs1":9,"rs2":7,"tgt":3,"use_pc":false},"gpr_staged":[],"instr":309630563,"pc":{"pc":2147492116,"pc_next":2147492120}},{"csr_staged":[],"dec":{"has_imm":true,"imm":21,"is_compressed":false,"opt":53,"rd":3,"rs1":0,"rs2":0,"tgt":2,"use_pc":false},"gpr_staged":[{"index":3,"next":21,"prev":18}],"instr":22020499,"pc":{"pc":2147492120,"pc_next":2147492124}},{"csr_staged":[],"dec":{"has_imm":true,"imm":4096,"is_compressed":true,"opt":53,"rd":8,"rs1":0,"rs2":0,"tgt":2,"use_pc":false},"gpr_staged":[{"index":8,"next":4096,"prev":4294967278}],"instr":68379653,"pc":{"pc":2147492124,"pc_next":2147492126}},{"csr_staged":[],"dec":{"has_imm":true,"imm":564,"is_compressed":false,"opt":53,"rd":8,"rs1":8,"rs2":0,"tgt":2,"use_pc":false},"gpr_staged":[{"index":8,"next":4660,"prev":4096}],"instr":591660051,"pc":{"pc":2147492126,"pc_next":2147492130}},{"csr_staged":[],"dec":{"has_imm":true,"imm":4,"is_compressed":true,"opt":55,"rd":8,"rs1":8,"rs2":8,"tgt":2,"use_pc":false},"gpr_staged":[{"index":8,"next":74560,"prev":4660}],"instr":599196690,"pc":{"pc":2147492130,"pc_next":2147492132}},{"csr_staged":[],"dec":{"has_imm":true,"imm":73728,"is_compressed":false,"opt":53,"rd":7,"rs1":0,"rs2":0,"tgt":2,"use_pc":false},"gpr_staged":[{"index":7,"next":73728,"prev":4}],"instr":74679,"pc":{"pc":2147492132,"pc_next":2147492136}},{"csr_staged":[],"dec":{"has_imm":true,"imm":832,"is_compressed":false,"opt":53,"rd":7,"rs1":7,"rs2":0,"tgt":2,"use_pc":false},"gpr_staged":[{"index":7,"next":74560,"prev":73728}],"instr":872645523,"pc":{"pc":2147492136,"pc_next":2147492140}},{"csr_staged":[],"dec":{"has_imm":true,"imm":276,"is_compressed":false,"opt":21,"rd":0,"rs1":8,"rs2":7,"tgt":3,"use_pc":false},"gpr_staged":[],"instr":276044387,"pc":{"pc":2147492140,"pc_next":2147492144}},{"csr_staged":[],"dec":{"has_imm":true,"imm":30,"is_compressed":false,"opt":53,"rd":3,"rs1":0,"rs2":0,"tgt":2,"use_pc":false},"gpr_staged":[{"index":3,"next":30,"prev":21}],"instr":31457683,"pc":{"pc":2147492144,"pc_next":2147492148}},{"csr_staged":[],"dec":{"has_imm":true,"imm":0,"is_compressed":true,"opt":53,"rd":1,"rs1":0,"rs2":0,"tgt":2,"use_pc":false},"gpr_staged":[{"index":1,"next":0,"prev":0}],"instr":2685485185,"pc":{"pc":2147492148,"pc_next":2147492150}},{"csr_staged":[],"dec":{"has_imm":true,"imm":4,"is_compressed":false,"opt":69,"rd":0,"rs1":0,"rs2":1,"tgt":2,"use_pc":true},"gpr_staged":[{"index":0,"next":2147492154,"prev":0}],"instr":2685509649,"pc":{"pc":2147492150,"pc_next":2147492154}},{"csr_staged":[],"dec":{"has_imm":true,"imm":4,"is_compressed":false,"opt":69,"rd":0,"rs1":0,"rs2":1,"tgt":2,"use_pc":true},"gpr_staged":[{"index":0,"next":2147492158,"prev":0}],"instr":2719064081,"pc":{"pc":2147492154,"pc_next":2147492158}},{"csr_staged":[],"dec":{"has_imm":true,"imm":0,"is_compressed":true,"opt":53,"rd":0,"rs1":0,"rs2":0,"tgt":2,"use_pc":false},"gpr_staged":[{"index":0,"next":0,"prev":0}],"instr":59965441,"pc":{"pc":2147492158,"pc_next":2147492160}},{"csr_staged":[],"dec":{"has_imm":true,"imm":0,"is_compressed":false,"opt":53,"rd":7,"rs1":0,"rs2":0,"tgt":2,"use_pc":false},"gpr_staged":[{"index":7,"next":0,"prev":74560}],"instr":915,"pc":{"pc":2147492160,"pc_next":2147492164}},{"csr_staged":[],"dec":{"has_imm":true,"imm":252,"is_compressed":false,"opt":21,"rd":0,"rs1":1,"rs2":7,"tgt":3,"use_pc":false},"gpr_staged":[],"instr":242261603,"pc":{"pc":2147492164,"pc_next":2147492168}},{"csr_staged":[],"dec":{"has_imm":true,"imm":31,"is_compressed":false,"opt":53,"rd":3,"rs1":0,"rs2":0,"tgt":2,"use_pc":false},"gpr_staged":[{"index":3,"next":31,"prev":30}],"instr":32506259,"pc":{"pc":2147492168,"pc_next":2147492172}},{"csr_staged":[],"dec":{"has_imm":true,"imm":0,"is_compressed":true,"opt":53,"rd":10,"rs1":0,"rs2":0,"tgt":2,"use_pc":false},"gpr_staged":[{"index":10,"next":0,"prev":6}],"instr":3239134465,"pc":{"pc":2147492172,"pc_next":2147492174}},{"csr_staged":[],"dec":{"has_imm":true,"imm":4,"is_compressed":true,"opt":20,"rd":0,"rs1":10,"rs2":0,"tgt":3,"use_pc":false},"gpr_staged":[],"instr":2685518097,"pc":{"pc":2147492174,"pc_next":2147492178}},{"csr_staged":[],"dec":{"has_imm":true,"imm":4,"is_compressed":false,"opt":69,"rd":0,"rs1":0,"rs2":1,"tgt":2,"use_pc":true},"gpr_staged":[{"index":0,"next":2147492182,"prev":0}],"instr":2700451857,"pc":{"pc":2147492178,"pc_next":2147492182}},{"csr_staged":[],"dec":{"has_imm":true,"imm":0,"is_compressed":true,"opt":53,"rd":0,"rs1":0,"rs2":0,"tgt":2,"use_pc":false},"gpr_staged":[{"index":0,"next":0,"prev":0}],"instr":59965441,"pc":{"pc":2147492182,"pc_next":2147492184}},{"csr_staged":[],"dec":{"has_imm":true,"imm":0,"is_compressed":false,"opt":53,"rd":7,"rs1":0,"rs2":0,"tgt":2,"use_pc":false},"gpr_staged":[{"index":7,"next":0,"prev":0}],"instr":915,"pc":{"pc":2147492184,"pc_next":2147492188}},{"csr_staged":[],"dec":{"has_imm":true,"imm":228,"is_compressed":false,"opt":21,"rd":0,"rs1":0,"rs2":7,"tgt":3,"use_pc":false},"gpr_staged":[],"instr":242225763,"pc":{"pc":2147492188,"pc_next":2147492192}},{"csr_staged":[],"dec":{"has_imm":true,"imm":32,"is_compressed":false,"opt":53,"rd":3,"rs1":0,"rs2":0,"tgt":2,"use_pc":false},"gpr_staged":[{"index":3,"next":32,"prev":31}],"instr":33554835,"pc":{"pc":2147492192,"pc_next":2147492196}},{"csr_staged":[],"dec":{"has_imm":true,"imm":1,"is_compressed":true,"opt":53,"rd":10,"rs1":0,"rs2":0,"tgt":2,"use_pc":false},"gpr_staged":[{"index":10,"next":1,"prev":0}],"instr":3776005381,"pc":{"pc":2147492196,"pc_next":2147492198}},{"csr_staged":[],"dec":{"has_imm":true,"imm":4,"is_compressed":true,"opt":21,"rd":0,"rs1":10,"rs2":0,"tgt":3,"use_pc":false},"gpr_staged":[],"instr":2685526289,"pc":{"pc":2147492198,"pc_next":2147492202}},{"csr_staged":[],"dec":{"has_imm":true,"imm":4,"is_compressed":false,"opt":69,"rd":0,"rs1":0,"rs2":1,"tgt":2,"use_pc":true},"gpr_staged":[{"index":0,"next":2147492206,"prev":0}],"instr":2832310289,"pc":{"pc":2147492202,"pc_next":2147492206}},{"csr_staged":[],"dec":{"has_imm":true,"imm":0,"is_compressed":true,"opt":53,"rd":0,"rs1":0,"rs2":0,"tgt":2,"use_pc":false},"gpr_staged":[{"index":0,"next":0,"prev":0}],"instr":59965441,"pc":{"pc":2147492206,"pc_next":2147492208}},{"csr_staged":[],"dec":{"has_imm":true,"imm":0,"is_compressed":false,"opt":53,"rd":7,"rs1":0,"rs2":0,"tgt":2,"use_pc":false},"gpr_staged":[{"index":7,"next":0,"prev":0}],"instr":915,"pc":{"pc":2147492208,"pc_next":2147492212}},{"csr_staged":[],"dec":{"has_imm":true,"imm":204,"is_compressed":false,"opt":21,"rd":0,"rs1":0,"rs2":7,"tgt":3,"use_pc":false},"gpr_staged":[],"instr":208672355,"pc":{"pc":2147492212,"pc_next":2147492216}},{"csr_staged":[],"dec":{"has_imm":true,"imm":33,"is_compressed":false,"opt":53,"rd":3,"rs1":0,"rs2":0,"tgt":2,"use_pc":false},"gpr_staged":[{"index":3,"next":33,"prev":32}],"instr":34603411,"pc":{"pc":2147492216,"pc_next":2147492220}},{"csr_staged":[],"dec":{"has_imm":true,"imm":1,"is_compressed":true,"opt":53,"rd":10,"rs1":0,"rs2":0,"tgt":2,"use_pc":false},"gpr_staged":[{"index":10,"next":1,"prev":1}],"instr":3239134469,"pc":{"pc":2147492220,"pc_next":2147492222}},{"csr_staged":[],"dec":{"has_imm":true,"imm":4,"is_compressed":true,"opt":20,"rd":0,"rs1":10,"rs2":0,"tgt":3,"use_pc":false},"gpr_staged":[],"instr":2685518097,"pc":{"pc":2147492222,"pc_next":2147492224}},{"csr_staged":[],"dec":{"has_imm":true,"imm":4,"is_compressed":false,"opt":69,"rd":0,"rs1":0,"rs2":1,"tgt":2,"use_pc":true},"gpr_staged":[{"index":0,"next":2147492228,"prev":0}],"instr":2826805265,"pc":{"pc":2147492224,"pc_next":2147492228}},{"csr_staged":[],"dec":{"has_imm":true,"imm":0,"is_compressed":false,"opt":53,"rd":7,"rs1":0,"rs2":0,"tgt":2,"use_pc":false},"gpr_staged":[{"index":7,"next":0,"prev":0}],"instr":915,"pc":{"pc":2147492228,"pc_next":2147492232}},{"csr_staged":[],"dec":{"has_imm":true,"imm":184,"is_compressed":false,"opt":21,"rd":0,"rs1":0,"rs2":7,"tgt":3,"use_pc":false},"gpr_staged":[],"instr":175119459,"pc":{"pc":2147492232,"pc_next":2147492236}},{"csr_staged":[],"dec":{"has_imm":true,"imm":34,"is_compressed":false,"opt":53,"rd":3,"rs1":0,"rs2":0,"tgt":2,"use_pc":false},"gpr_staged":[{"index":3,"next":34,"prev":33}],"instr":35651987,"pc":{"pc":2147492236,"pc_next":2147492240}},{"csr_staged":[],"dec":{"has_imm":true,"imm":0,"is_compressed":true,"opt":53,"rd":10,"rs1":0,"rs2":0,"tgt":2,"use_pc":false},"gpr_staged":[{"index":10,"next":0,"prev":1}],"instr":3776005377,"pc":{"pc":2147492240,"pc_next":2147492242}},{"csr_staged":[],"dec":{"has_imm":true,"imm":4,"is_compressed":true,"opt":21,"rd":0,"rs1":10,"rs2":0,"tgt":3,"use_pc":false},"gpr_staged":[],"instr":2685526289,"pc":{"pc":2147492242,"pc_next":2147492244}},{"csr_staged":[],"dec":{"has_imm":true,"imm":4,"is_compressed":false,"opt":69,"rd":0,"rs1":0,"rs2":1,"tgt":2,"use_pc":true},"gpr_staged":[{"index":0,"next":2147492248,"prev":0}],"instr":2691538961,"pc":{"pc":2147492244,"pc_next":2147492248}},{"csr_staged":[],"dec":{"has_imm":true,"imm":0,"is_compressed":false,"opt":53,"rd":7,"rs1":0,"rs2":0,"tgt":2,"use_pc":false},"gpr_staged":[{"index":7,"next":0,"prev":0}],"instr":915,"pc":{"pc":2147492248,"pc_next":2147492252}},{"csr_staged":[],"dec":{"has_imm":true,"imm":164,"is_compressed":false,"opt":21,"rd":0,"rs1":0,"rs2":7,"tgt":3,"use_pc":false},"gpr_staged":[],"instr":175116899,"pc":{"pc":2147492252,"pc_next":2147492256}},{"csr_staged":[],"dec":{"has_imm":true,"imm":35,"is_compressed":false,"opt":53,"rd":3,"rs1":0,"rs2":0,"tgt":2,"use_pc":false},"gpr_staged":[{"index":3,"next":35,"prev":34}],"instr":36700563,"pc":{"pc":2147492256,"pc_next":2147492260}},{"csr_staged":[],"dec":{"has_imm":true,"imm":0,"is_compressed":false,"opt":68,"rd":5,"rs1":0,"rs2":0,"tgt":2,"use_pc":true},"gpr_staged":[{"index":5,"next":2147492260,"prev":2147484044}],"instr":663,"pc":{"pc":2147492260,"pc_next":2147492264}},{"csr_staged":[],"dec":{"has_imm":true,"imm":14,"is_compressed":false,"opt":53,"rd":5,"rs1":5,"rs2":0,"tgt":2,"use_pc":false},"gpr_staged":[{"index":5,"next":2147492274,"prev":2147492260}],"instr":14844563,"pc":{"pc":2147492264,"pc_next":2147492268}},{"csr_staged":[],"dec":{"has_imm":true,"imm":0,"is_compressed":true,"opt":53,"rd":1,"rs1":0,"rs2":0,"tgt":2,"use_pc":false},"gpr_staged":[{"index":1,"next":0,"prev":0}],"instr":2189574273,"pc":{"pc":2147492268,"pc_next":2147492270}},{"csr_staged":[],"dec":{"has_imm":false,"imm":0,"is_compressed":true,"opt":70,"rd":0,"rs1":5,"rs2":0,"tgt":2,"use_pc":false},"gpr_staged":[{"index":0,"next":2147492272,"prev":0}],"instr":2685502082,"pc":{"pc":2147492270,"pc_next":2147492274}},{"csr_staged":[],"dec":{"has_imm":true,"imm":4,"is_compressed":false,"opt":69,"rd":0,"rs1":0,"rs2":1,"tgt":2,"use_pc":true},"gpr_staged":[{"index":0,"next":2147492278,"prev":0}],"instr":2691801105,"pc":{"pc":2147492274,"pc_next":2147492278}},{"csr_staged":[],"dec":{"has_imm":true,"imm":0,"is_compressed":true,"opt":53,"rd":0,"rs1":0,"rs2":0,"tgt":2,"use_pc":false},"gpr_staged":[{"index":0,"next":0,"prev":0}],"instr":59965441,"pc":{"pc":2147492278,"pc_next":2147492280}},{"csr_staged":[],"dec":{"has_imm":true,"imm":0,"is_compressed":false,"opt":53,"rd":7,"rs1":0,"rs2":0,"tgt":2,"use_pc":false},"gpr_staged":[{"index":7,"next":0,"prev":0}],"instr":915,"pc":{"pc":2147492280,"pc_next":2147492284}},{"csr_staged":[],"dec":{"has_imm":true,"imm":132,"is_compressed":false,"opt":21,"rd":0,"rs1":1,"rs2":7,"tgt":3,"use_pc":false},"gpr_staged":[],"instr":141595235,"pc":{"pc":2147492284,"pc_next":2147492288}},{"csr_staged":[],"dec":{"has_imm":true,"imm":36,"is_compressed":false,"opt":53,"rd":3,"rs1":0,"rs2":0,"tgt":2,"use_pc":false},"gpr_staged":[{"index":3,"next":36,"prev":35}],"instr":37749139,"pc":{"pc":2147492288,"pc_next":2147492292}},{"csr_staged":[],"dec":{"has_imm":true,"imm":0,"is_compressed":false,"opt":68,"rd":5,"rs1":0,"rs2":0,"tgt":2,"use_pc":true},"gpr_staged":[{"index":5,"next":2147492292,"prev":2147492274}],"instr":663,"pc":{"pc":2147492292,"pc_next":2147492296}},{"csr_staged":[],"dec":{"has_imm":true,"imm":14,"is_compressed":false,"opt":53,"rd":5,"rs1":5,"rs2":0,"tgt":2,"use_pc":false},"gpr_staged":[{"index":5,"next":2147492306,"prev":2147492292}],"instr":14844563,"pc":{"pc":2147492296,"pc_next":2147492300}},{"csr_staged":[],"dec":{"has_imm":true,"imm":0,"is_compressed":true,"opt":53,"rd":1,"rs1":0,"rs2":0,"tgt":2,"use_pc":false},"gpr_staged":[{"index":1,"next":0,"prev":0}],"instr":2458009729,"pc":{"pc":2147492300,"pc_next":2147492302}},{"csr_staged":[],"dec":{"has_imm":false,"imm":0,"is_compressed":true,"opt":70,"rd":1,"rs1":5,"rs2":0,"tgt":2,"use_pc":false},"gpr_staged":[{"index":1,"next":2147492304,"prev":0}],"instr":2685506178,"pc":{"pc":2147492302,"pc_next":2147492306}},{"csr_staged":[],"dec":{"has_imm":true,"imm":4,"is_compressed":false,"opt":69,"rd":0,"rs1":0,"rs2":1,"tgt":2,"use_pc":true},"gpr_staged":[{"index":0,"next":2147492310,"prev":0}],"instr":2696257553,"pc":{"pc":2147492306,"pc_next":2147492310}},{"csr_staged":[],"dec":{"has_imm":false,"imm":0,"is_compressed":false,"opt":54,"rd":1,"rs1":1,"rs2":5,"tgt":2,"use_pc":false},"gpr_staged":[{"index":1,"next":4294967294,"prev":2147492304}],"instr":1079017651,"pc":{"pc":2147492310,"pc_next":2147492314}},{"csr_staged":[],"dec":{"has_imm":true,"imm":0,"is_compressed":true,"opt":53,"rd":0,"rs1":0,"rs2":0,"tgt":2,"use_pc":false},"gpr_staged":[{"index":0,"next":0,"prev":0}],"instr":59965441,"pc":{"pc":2147492314,"pc_next":2147492316}},{"csr_staged":[],"dec":{"has_imm":true,"imm":4294967294,"is_compressed":false,"opt":53,"rd":7,"rs1":0,"rs2":0,"tgt":2,"use_pc":false},"gpr_staged":[{"index":7,"next":4294967294,"prev":0}],"instr":4292871059,"pc":{"pc":2147492316,"pc_next":2147492320}},{"csr_staged":[],"dec":{"has_imm":true,"imm":96,"is_compressed":false,"opt":21,"rd":0,"rs1":1,"rs2":7,"tgt":3,"use_pc":false},"gpr_staged":[],"instr":108040291,"pc":{"pc":2147492320,"pc_next":2147492324}},{"csr_staged":[],"dec":{"has_imm":true,"imm":37,"is_compressed":false,"opt":53,"rd":3,"rs1":0,"rs2":0,"tgt":2,"use_pc":false},"gpr_staged":[{"index":3,"next":37,"prev":36}],"instr":38797715,"pc":{"pc":2147492324,"pc_next":2147492328}},{"csr_staged":[],"dec":{"has_imm":true,"imm":0,"is_compressed":false,"opt":68,"rd":5,"rs1":0,"rs2":0,"tgt":2,"use_pc":true},"gpr_staged":[{"index":5,"next":2147492328,"prev":2147492306}],"instr":663,"pc":{"pc":2147492328,"pc_next":2147492332}},{"csr_staged":[],"dec":{"has_imm":true,"imm":14,"is_compressed":false,"opt":53,"rd":5,"rs1":5,"rs2":0,"tgt":2,"use_pc":false},"gpr_staged":[{"index":5,"next":2147492342,"prev":2147492328}],"instr":14844563,"pc":{"pc":2147492332,"pc_next":2147492336}},{"csr_staged":[],"dec":{"has_imm":true,"imm":0,"is_compressed":true,"opt":53,"rd":1,"rs1":0,"rs2":0,"tgt":2,"use_pc":false},"gpr_staged":[{"index":1,"next":0,"prev":4294967294}],"instr":538001537,"pc":{"pc":2147492336,"pc_next":2147492338}},{"csr_staged":[],"dec":{"has_imm":true,"imm":4,"is_compressed":true,"opt":69,"rd":1,"rs1":0,"rs2":0,"tgt":2,"use_pc":true},"gpr_staged":[{"index":1,"next":2147492340,"prev":0}],"instr":2685476881,"pc":{"pc":2147492338,"pc_next":2147492342}},{"csr_staged":[],"dec":{"has_imm":true,"imm":4,"is_compressed":false,"opt":69,"rd":0,"rs1":0,"rs2":1,"tgt":2,"use_pc":true},"gpr_staged":[{"index":0,"next":2147492346,"prev":0}],"instr":2694946833,"pc":{"pc":2147492342,"pc_next":2147492346}},{"csr_staged":[],"dec":{"has_imm":false,"imm":0,"is_compressed":false,"opt":54,"rd":1,"rs1":1,"rs2":5,"tgt":2,"use_pc":false},"gpr_staged":[{"index":1,"next":4294967294,"prev":2147492340}],"instr":1079017651,"pc":{"pc":2147492346,"pc_next":2147492350}},{"csr_staged":[],"dec":{"has_imm":true,"imm":0,"is_compressed":true,"opt":53,"rd":0,"rs1":0,"rs2":0,"tgt":2,"use_pc":false},"gpr_staged":[{"index":0,"next":0,"prev":0}],"instr":59965441,"pc":{"pc":2147492350,"pc_next":2147492352}},{"csr_staged":[],"dec":{"has_imm":true,"imm":4294967294,"is_compressed":false,"opt":53,"rd":7,"rs1":0,"rs2":0,"tgt":2,"use_pc":false},"gpr_staged":[{"index":7,"next":4294967294,"prev":4294967294}],"instr":4292871059,"pc":{"pc":2147492352,"pc_next":2147492356}},{"csr_staged":[],"dec":{"has_imm":true,"imm":60,"is_compressed":false,"opt":21,"rd":0,"rs1":1,"rs2":7,"tgt":3,"use_pc":false},"gpr_staged":[],"instr":40935011,"pc":{"pc":2147492356,"pc_next":2147492360}},{"csr_staged":[],"dec":{"has_imm":true,"imm":4294959104,"is_compressed":false,"opt":68,"rd":2,"rs1":0,"rs2":0,"tgt":2,"use_pc":true},"gpr_staged":[{"index":2,"next":2147484168,"prev":4644}],"instr":4294959383,"pc":{"pc":2147492360,"pc_next":2147492364}},{"csr_staged":[],"dec":{"has_imm":true,"imm":4294967192,"is_compressed":false,"opt":53,"rd":2,"rs1":2,"rs2":0,"tgt":2,"use_pc":false},"gpr_staged":[{"index":2,"next":2147484064,"prev":2147484168}],"instr":4185981203,"pc":{"pc":2147492364,"pc_next":2147492368}},{"csr_staged":[],"dec":{"has_imm":true,"imm":40,"is_compressed":false,"opt":53,"rd":3,"rs1":0,"rs2":0,"tgt":2,"use_pc":false},"gpr_staged":[{"index":3,"next":40,"prev":37}],"instr":41943443,"pc":{"pc":2147492368,"pc_next":2147492372}},{"csr_staged":[],"dec":{"has_imm":true,"imm":12,"is_compressed":true,"opt":42,"rd":10,"rs1":2,"rs2":0,"tgt":0,"use_pc":false},"gpr_staged":[{"index":10,"next":4275878552,"prev":0}],"instr":84231474,"pc":{"pc":2147492372,"pc_next":2147492374}},{"csr_staged":[],"dec":{"has_imm":true,"imm":1,"is_compressed":true,"opt":53,"rd":10,"rs1":10,"rs2":0,"tgt":2,"use_pc":false},"gpr_staged":[{"index":10,"next":4275878553,"prev":4275878552}],"instr":3324642565,"pc":{"pc":2147492374,"pc_next":2147492376}},{"csr_staged":[],"dec":{"has_imm":true,"imm":12,"is_compressed":true,"opt":32,"rd":0,"rs1":2,"rs2":10,"tgt":1,"use_pc":false},"gpr_staged":[],"instr":1177732650,"pc":{"pc":2147492376,"pc_next":2147492378}},{"csr_staged":[],"dec":{"has_imm":true,"imm":12,"is_compressed":true,"opt":42,"rd":12,"rs1":2,"rs2":0,"tgt":0,"use_pc":false},"gpr_staged":[{"index":12,"next":4275878553,"prev":4275878553}],"instr":3283568178,"pc":{"pc":2147492378,"pc_next":2147492380}},{"csr_staged":[],"dec":{"has_imm":true,"imm":4275879936,"is_compressed":false,"opt":53,"rd":7,"rs1":0,"rs2":0,"tgt":2,"use_pc":false},"gpr_staged":[{"index":7,"next":4275879936,"prev":4294967294}],"instr":4275880887,"pc":{"pc":2147492380,"pc_next":2147492384}},{"csr_staged":[],"dec":{"has_imm":true,"imm":4294965913,"is_compressed":false,"opt":53,"rd":7,"rs1":7,"rs2":0,"tgt":2,"use_pc":false},"gpr_staged":[{"index":7,"next":4275878553,"prev":4275879936}],"instr":2845016979,"pc":{"pc":2147492384,"pc_next":2147492388}},{"csr_staged":[],"dec":{"has_imm":true,"imm":28,"is_compressed":false,"opt":21,"rd":0,"rs1":12,"rs2":7,"tgt":3,"use_pc":false},"gpr_staged":[],"instr":7741027,"pc":{"pc":2147492388,"pc_next":2147492392}},{"csr_staged":[],"dec":{"has_imm":true,"imm":42,"is_compressed":false,"opt":53,"rd":3,"rs1":0,"rs2":0,"tgt":2,"use_pc":false},"gpr_staged":[{"index":3,"next":42,"prev":40}],"instr":44040595,"pc":{"pc":2147492392,"pc_next":2147492396}},{"csr_staged":[],"dec":{"has_imm":true,"imm":291,"is_compressed":false,"opt":53,"rd":10,"rs1":0,"rs2":0,"tgt":2,"use_pc":false},"gpr_staged":[{"index":10,"next":291,"prev":4275878553}],"instr":305136915,"pc":{"pc":2147492396,"pc_next":2147492400}},{"csr_staged":[],"dec":{"has_imm":false,"imm":0,"is_compressed":true,"opt":53,"rd":5,"rs1":0,"rs2":10,"tgt":2,"use_pc":false},"gpr_staged":[{"index":5,"next":291,"prev":2147492342}],"instr":2460648106,"pc":{"pc":2147492400,"pc_next":2147492402}},{"csr_staged":[],"dec":{"has_imm":false,"imm":0,"is_compressed":true,"opt":53,"rd":5,"rs1":5,"rs2":10,"tgt":2,"use_pc":false},"gpr_staged":[{"index":5,"next":582,"prev":291}],"instr":60002986,"pc":{"pc":2147492402,"pc_next":2147492404}},{"csr_staged":[],"dec":{"has_imm":true,"imm":582,"is_compressed":false,"opt":53,"rd":7,"rs1":0,"rs2":0,"tgt":2,"use_pc":false},"gpr_staged":[{"index":7,"next":582,"prev":4275878553}],"instr":610272147,"pc":{"pc":2147492404,"pc_next":2147492408}},{"csr_staged":[],"dec":{"has_imm":true,"imm":8,"is_compressed":false,"opt":21,"rd":0,"rs1":5,"rs2":7,"tgt":3,"use_pc":false},"gpr_staged":[],"instr":7509091,"pc":{"pc":2147492408,"pc_next":2147492412}},{"csr_staged":[],"dec":{"has_imm":true,"imm":32,"is_compressed":false,"opt":21,"rd":0,"rs1":0,"rs2":3,"tgt":3,"use_pc":false},"gpr_staged":[],"instr":36704355,"pc":{"pc":2147492412,"pc_next":2147492444}},{"csr_staged":[],"dec":{"has_imm":true,"imm":0,"is_compressed":false,"opt":53,"rd":0,"rs1":0,"rs2":0,"tgt":2,"use_pc":false},"gpr_staged":[{"index":0,"next":0,"prev":0}],"instr":267386895,"pc":{"pc":2147492444,"pc_next":2147492448}},{"csr_staged":[],"dec":{"has_imm":true,"imm":1,"is_compressed":false,"opt":53,"rd":3,"rs1":0,"rs2":0,"tgt":2,"use_pc":false},"gpr_staged":[{"index":3,"next":1,"prev":42}],"instr":1048979,"pc":{"pc":2147492448,"pc_next":2147492452}},{"csr_staged":[],"dec":{"has_imm":true,"imm":93,"is_compressed":false,"opt":53,"rd":17,"rs1":0,"rs2":0,"tgt":2,"use_pc":false},"gpr_staged":[{"index":17,"next":93,"prev":0}],"instr":97519763,"pc":{"pc":2147492452,"pc_next":2147492456}},{"csr_staged":[],"dec":{"has_imm":true,"imm":0,"is_compressed":false,"opt":53,"rd":10,"rs1":0,"rs2":0,"tgt":2,"use_pc":false},"gpr_staged":[{"index":10,"next":0,"prev":291}],"instr":1299,"pc":{"pc":2147492456,"pc_next":2147492460}},{"csr_staged":[{"index":66,"next":8,"prev":0},{"index":67,"next":0,"prev":0},{"index":65,"next":2147492460,"prev":0}],"dec":{"has_imm":false,"imm":0,"is_compressed":false,"opt":0,"rd":0,"rs1":0,"rs2":0,"tgt":8,"use_pc":false},"gpr_staged":[],"instr":115,"pc":{"pc":2147492460,"pc_next":0}}]