[{"csr_staged":[],"dec":{"has_imm":true,"imm":8192,"is_compressed":false,"opt":68,"rd":3,"rs1":0,"rs2":0,"tgt":2,"use_pc":true},"gpr_staged":[{"index":3,"next":12288,"prev":0}],"instr":8599,"pc":{"pc":4096,"pc_next":4100}},{"csr_staged":[],"dec":{"has_imm":true,"imm":512,"is_compressed":false,"opt":53,"rd":3,"rs1":3,"rs2":0,"tgt":2,"use_pc":false},"gpr_staged":[{"index":3,"next":12800,"prev":12288}],"instr":536969619,"pc":{"pc":4100,"pc_next":4104}},{"csr_staged":[],"dec":{"has_imm":true,"imm":4294967056,"is_compressed":false,"opt":53,"rd":2,"rs1":3,"rs2":0,"tgt":2,"use_pc":false},"gpr_staged":[{"index":2,"next":12560,"prev":0}],"instr":4043407635,"pc":{"pc":4104,"pc_next":4108}},{"csr_staged":[],"dec":{"has_imm":true,"imm":4192,"is_compressed":false,"opt":69,"rd":0,"rs1":0,"rs2":0,"tgt":2,"use_pc":true},"gpr_staged":[{"index":0,"next":4112,"prev":0}],"instr":100667503,"pc":{"pc":4108,"pc_next":8300}},{"csr_staged":[],"dec":{"has_imm":true,"imm":4294967264,"is_compressed":false,"opt":53,"rd":2,"rs1":2,"rs2":0,"tgt":2,"use_pc":false},"gpr_staged":[{"index":2,"next":12528,"prev":12560}],"instr":4261478675,"pc":{"pc":8300,"pc_next":8304}},{"csr_staged":[],"dec":{"has_imm":true,"imm":28,"is_compressed":false,"opt":32,"rd":0,"rs1":2,"rs2":1,"tgt":1,"use_pc":false},"gpr_staged":[],"instr":1125923,"pc":{"pc":8304,"pc_next":8308}},{"csr_staged":[],"dec":{"has_imm":true,"imm":24,"is_compressed":false,"opt":32,"rd":0,"rs1":2,"rs2":8,"tgt":1,"use_pc":false},"gpr_staged":[],"instr":8465443,"pc":{"pc":8308,"pc_next":8312}},{"csr_staged":[],"dec":{"has_imm":true,"imm":32,"is_compressed":false,"opt":53,"rd":8,"rs1":2,"rs2":0,"tgt":2,"use_pc":false},"gpr_staged":[{"index":8,"next":12560,"prev":0}],"instr":33621011,"pc":{"pc":8312,"pc_next":8316}},{"csr_staged":[],"dec":{"has_imm":true,"imm":4294967172,"is_compressed":false,"opt":69,"rd":1,"rs1":0,"rs2":0,"tgt":2,"use_pc":true},"gpr_staged":[{"index":1,"next":8320,"prev":0}],"instr":4167037167,"pc":{"pc":8316,"pc_next":8192}},{"csr_staged":[],"dec":{"has_imm":true,"imm":4294967264,"is_compressed":false,"opt":53,"rd":2,"rs1":2,"rs2":0,"tgt":2,"use_pc":false},"gpr_staged":[{"index":2,"next":12496,"prev":12528}],"instr":4261478675,"pc":{"pc":8192,"pc_next":8196}},{"csr_staged":[],"dec":{"has_imm":true,"imm":28,"is_compressed":false,"opt":32,"rd":0,"rs1":2,"rs2":8,"tgt":1,"use_pc":false},"gpr_staged":[],"instr":8465955,"pc":{"pc":8196,"pc_next":8200}},{"csr_staged":[],"dec":{"has_imm":true,"imm":32,"is_compressed":false,"opt":53,"rd":8,"rs1":2,"rs2":0,"tgt":2,"use_pc":false},"gpr_staged":[{"index":8,"next":12528,"prev":12560}],"instr":33621011,"pc":{"pc":8200,"pc_next":8204}},{"csr_staged":[],"dec":{"has_imm":true,"imm":1,"is_compressed":false,"opt":53,"rd":15,"rs1":0,"rs2":0,"tgt":2,"use_pc":false},"gpr_staged":[{"index":15,"next":1,"prev":0}],"instr":1050515,"pc":{"pc":8204,"pc_next":8208}},{"csr_staged":[],"dec":{"has_imm":true,"imm":4294967276,"is_compressed":false,"opt":32,"rd":0,"rs1":8,"rs2":15,"tgt":1,"use_pc":false},"gpr_staged":[],"instr":4277413411,"pc":{"pc":8208,"pc_next":8212}},{"csr_staged":[],"dec":{"has_imm":true,"imm":2,"is_compressed":false,"opt":53,"rd":15,"rs1":0,"rs2":0,"tgt":2,"use_pc":false},"gpr_staged":[{"index":15,"next":2,"prev":1}],"instr":2099091,"pc":{"pc":8212,"pc_next":8216}},{"csr_staged":[],"dec":{"has_imm":true,"imm":4294967272,"is_compressed":false,"opt":32,"rd":0,"rs1":8,"rs2":15,"tgt":1,"use_pc":false},"gpr_staged":[],"instr":4277412899,"pc":{"pc":8216,"pc_next":8220}},{"csr_staged":[],"dec":{"has_imm":true,"imm":4294967276,"is_compressed":false,"opt":42,"rd":14,"rs1":8,"rs2":0,"tgt":0,"use_pc":false},"gpr_staged":[{"index":14,"next":1,"prev":0}],"instr":4274267907,"pc":{"pc":8220,"pc_next":8224}},{"csr_staged":[],"dec":{"has_imm":true,"imm":4294967272,"is_compressed":false,"opt":42,"rd":15,"rs1":8,"rs2":0,"tgt":0,"use_pc":false},"gpr_staged":[{"index":15,"next":2,"prev":2}],"instr":4270073731,"pc":{"pc":8224,"pc_next":8228}},{"csr_staged":[],"dec":{"has_imm":false,"imm":0,"is_compressed":false,"opt":53,"rd":15,"rs1":14,"rs2":15,"tgt":2,"use_pc":false},"gpr_staged":[{"index":15,"next":3,"prev":2}],"instr":16189363,"pc":{"pc":8228,"pc_next":8232}},{"csr_staged":[],"dec":{"has_imm":true,"imm":3,"is_compressed":false,"opt":55,"rd":15,"rs1":15,"rs2":0,"tgt":2,"use_pc":false},"gpr_staged":[{"index":15,"next":24,"prev":3}],"instr":3643283,"pc":{"pc":8232,"pc_next":8236}},{"csr_staged":[],"dec":{"has_imm":true,"imm":4294967268,"is_compressed":false,"opt":32,"rd":0,"rs1":8,"rs2":15,"tgt":1,"use_pc":false},"gpr_staged":[],"instr":4277412387,"pc":{"pc":8236,"pc_next":8240}},{"csr_staged":[],"dec":{"has_imm":true,"imm":4294967268,"is_compressed":false,"opt":42,"rd":15,"rs1":8,"rs2":0,"tgt":0,"use_pc":false},"gpr_staged":[{"index":15,"next":24,"prev":24}],"instr":4265879427,"pc":{"pc":8240,"pc_next":8244}},{"csr_staged":[],"dec":{"has_imm":true,"imm":0,"is_compressed":false,"opt":53,"rd":10,"rs1":15,"rs2":0,"tgt":2,"use_pc":false},"gpr_staged":[{"index":10,"next":24,"prev":0}],"instr":492819,"pc":{"pc":8244,"pc_next":8248}},{"csr_staged":[],"dec":{"has_imm":true,"imm":28,"is_compressed":false,"opt":42,"rd":8,"rs1":2,"rs2":0,"tgt":0,"use_pc":false},"gpr_staged":[{"index":8,"next":12560,"prev":12528}],"instr":29434883,"pc":{"pc":8248,"pc_next":8252}},{"csr_staged":[],"dec":{"has_imm":true,"imm":32,"is_compressed":false,"opt":53,"rd":2,"rs1":2,"rs2":0,"tgt":2,"use_pc":false},"gpr_staged":[{"index":2,"next":12528,"prev":12496}],"instr":33620243,"pc":{"pc":8252,"pc_next":8256}},{"csr_staged":[],"dec":{"has_imm":true,"imm":0,"is_compressed":false,"opt":70,"rd":0,"rs1":1,"rs2":0,"tgt":2,"use_pc":false},"gpr_staged":[{"index":0,"next":8260,"prev":0}],"instr":32871,"pc":{"pc":8256,"pc_next":8320}},{"csr_staged":[],"dec":{"has_imm":true,"imm":4294967276,"is_compressed":false,"opt":32,"rd":0,"rs1":8,"rs2":10,"tgt":1,"use_pc":false},"gpr_staged":[],"instr":4272170531,"pc":{"pc":8320,"pc_next":8324}},{"csr_staged":[],"dec":{"has_imm":true,"imm":4294967276,"is_compressed":false,"opt":42,"rd":10,"rs1":8,"rs2":0,"tgt":0,"use_pc":false},"gpr_staged":[{"index":10,"next":24,"prev":24}],"instr":4274267395,"pc":{"pc":8324,"pc_next":8328}},{"csr_staged":[],"dec":{"has_imm":true,"imm":4294967228,"is_compressed":false,"opt":69,"rd":1,"rs1":0,"rs2":0,"tgt":2,"use_pc":true},"gpr_staged":[{"index":1,"next":8332,"prev":8320}],"instr":4225757423,"pc":{"pc":8328,"pc_next":8260}},{"csr_staged":[],"dec":{"has_imm":true,"imm":4294967264,"is_compressed":false,"opt":53,"rd":2,"rs1":2,"rs2":0,"tgt":2,"use_pc":false},"gpr_staged":[{"index":2,"next":12496,"prev":12528}],"instr":4261478675,"pc":{"pc":8260,"pc_next":8264}},{"csr_staged":[],"dec":{"has_imm":true,"imm":28,"is_compressed":false,"opt":32,"rd":0,"rs1":2,"rs2":8,"tgt":1,"use_pc":false},"gpr_staged":[],"instr":8465955,"pc":{"pc":8264,"pc_next":8268}},{"csr_staged":[],"dec":{"has_imm":true,"imm":32,"is_compressed":false,"opt":53,"rd":8,"rs1":2,"rs2":0,"tgt":2,"use_pc":false},"gpr_staged":[{"index":8,"next":12528,"prev":12560}],"instr":33621011,"pc":{"pc":8268,"pc_next":8272}},{"csr_staged":[],"dec":{"has_imm":true,"imm":4294967276,"is_compressed":false,"opt":32,"rd":0,"rs1":8,"rs2":10,"tgt":1,"use_pc":false},"gpr_staged":[],"instr":4272170531,"pc":{"pc":8272,"pc_next":8276}},{"csr_staged":[],"dec":{"has_imm":true,"imm":4294967276,"is_compressed":false,"opt":42,"rd":14,"rs1":8,"rs2":0,"tgt":0,"use_pc":false},"gpr_staged":[{"index":14,"next":24,"prev":1}],"instr":4274267907,"pc":{"pc":8276,"pc_next":8280}},{"csr_staged":[],"dec":{"has_imm":true,"imm":4294966784,"is_compressed":false,"opt":32,"rd":0,"rs1":3,"rs2":14,"tgt":1,"use_pc":false},"gpr_staged":[],"instr":3772882979,"pc":{"pc":8280,"pc_next":8284}}]